Reg No,Name,Father Name,total,total_rank,sgpa,sgpa_rank,M1,CHE,BEE,EG,CHE_LAB,BEE_LAB,WORKSHOP,C1,C2,C3,C4,C5,C6,C7,m1_rank,che_rank,bee_rank,eg_rank,che_rank,bee_lab_rank,workshop_rank,sub1,sub2,sub3,sub4,sub5,sub6,sub7
y22ait401,ALAPATI DURGA SREE GNANA HIMA BINDU,ALAPATI NARENDRA RAO,516,71,7.91,61,67,74,54,91,93,53,84,3.0,3.0,3.0,3.0,1.5,1.5,1.5,51,28,99,54,28,106,73,20IT101/MA01 LINEAR ALGEBRA AND ODE,20IT102/CY01 ENGINEERING CHEMISTRY,20IT103/EE01 BASIC ELECTRONICS & ELECTRICAL ENGINEERING,20ITL101/MEL01 ENGINEERING GRAPHICS,20ITL102/CYL01 CHEMISTRY LAB,20ITL103/EEL01 BASIC ELECTRONICS & ELECTRICAL ENGINEERING LAB,20ITL104/MEL02 WORKSHOP
y22ait402,ALLAM MANISHA,ALLAM SREENIVASULU,570,31,8.45,37,86,68,64,93,92,79,88,3.0,3.0,3.0,3.0,1.5,1.5,1.5,14,43,68,29,43,34,41,20IT101/MA01 LINEAR ALGEBRA AND ODE,20IT102/CY01 ENGINEERING CHEMISTRY,20IT103/EE01 BASIC ELECTRONICS & ELECTRICAL ENGINEERING,20ITL101/MEL01 ENGINEERING GRAPHICS,20ITL102/CYL01 CHEMISTRY LAB,20ITL103/EEL01 BASIC ELECTRONICS & ELECTRICAL ENGINEERING LAB,20ITL104/MEL02 WORKSHOP
y22ait403,AMARA VENKATA BRAHMAM,AMARA SESHAIAH,578,28,8.73,23,93,64,65,93,89,80,94,3.0,3.0,3.0,3.0,1.5,1.5,1.5,6,85,64,28,85,30,8,20IT101/MA01 LINEAR ALGEBRA AND ODE,20IT102/CY01 ENGINEERING CHEMISTRY,20IT103/EE01 BASIC ELECTRONICS & ELECTRICAL ENGINEERING,20ITL101/MEL01 ENGINEERING GRAPHICS,20ITL102/CYL01 CHEMISTRY LAB,20ITL103/EEL01 BASIC ELECTRONICS & ELECTRICAL ENGINEERING LAB,20ITL104/MEL02 WORKSHOP
y22ait404,AMRUTHAPUDI DEEPTHI,AMRUTHAPUDI NAGESWARA RAO,422,116,5.18,118,40,41,35,86,91,44,85,3.0,3.0,3.0,3.0,1.5,1.5,1.5,105,59,123,93,59,124,64,20IT101/MA01 LINEAR ALGEBRA AND ODE,20IT102/CY01 ENGINEERING CHEMISTRY,20IT103/EE01 BASIC ELECTRONICS & ELECTRICAL ENGINEERING,20ITL101/MEL01 ENGINEERING GRAPHICS,20ITL102/CYL01 CHEMISTRY LAB,20ITL103/EEL01 BASIC ELECTRONICS & ELECTRICAL ENGINEERING LAB,20ITL104/MEL02 WORKSHOP
y22ait405,SHAIK ESHA MEHATHAB,SHAIK MAHABOOB SUBHANI,1006,1,7.36,78,42,62,57,91,94,72,85,3.0,3.0,3.0,3.0,1.5,1.5,1.5,102,22,92,52,22,66,58,20IT101/MA01 LINEAR ALGEBRA AND ODE,20IT102/CY01 ENGINEERING CHEMISTRY,20IT103/EE01 BASIC ELECTRONICS & ELECTRICAL ENGINEERING,20ITL101/MEL01 ENGINEERING GRAPHICS,20ITL102/CYL01 CHEMISTRY LAB,20ITL103/EEL01 BASIC ELECTRONICS & ELECTRICAL ENGINEERING LAB,20ITL104/MEL02 WORKSHOP
y22ait406,AVUGADDI CHANDRIKA,AVUGADDI MALLESWARA RAO,609,9,9.27,5,95,86,73,95,93,80,87,3.0,3.0,3.0,3.0,1.5,1.5,1.5,3,39,35,9,39,32,46,20IT101/MA01 LINEAR ALGEBRA AND ODE,20IT102/CY01 ENGINEERING CHEMISTRY,20IT103/EE01 BASIC ELECTRONICS & ELECTRICAL ENGINEERING,20ITL101/MEL01 ENGINEERING GRAPHICS,20ITL102/CYL01 CHEMISTRY LAB,20ITL103/EEL01 BASIC ELECTRONICS & ELECTRICAL ENGINEERING LAB,20ITL104/MEL02 WORKSHOP
y22ait407,AVULA SAI KRISHNA,AVULA VENKATA PRASAD,313,131,3.18,130,21,0,17,69,84,46,76,3.0,3.0,3.0,3.0,1.5,1.5,1.5,122,127,130,129,127,120,123,20IT101/MA01 LINEAR ALGEBRA AND ODE,20IT102/CY01 ENGINEERING CHEMISTRY,20IT103/EE01 BASIC ELECTRONICS & ELECTRICAL ENGINEERING,20ITL101/MEL01 ENGINEERING GRAPHICS,20ITL102/CYL01 CHEMISTRY LAB,20ITL103/EEL01 BASIC ELECTRONICS & ELECTRICAL ENGINEERING LAB,20ITL104/MEL02 WORKSHOP
y22ait408,BACHIMANCHI SAI DURGA BHARADWAJ,BACHIMANCHI VENKATA BHASKAR BABU,580,25,8.91,17,90,80,74,89,96,57,94,3.0,3.0,3.0,3.0,1.5,1.5,1.5,10,12,33,72,12,101,6,20IT101/MA01 LINEAR ALGEBRA AND ODE,20IT102/CY01 ENGINEERING CHEMISTRY,20IT103/EE01 BASIC ELECTRONICS & ELECTRICAL ENGINEERING,20ITL101/MEL01 ENGINEERING GRAPHICS,20ITL102/CYL01 CHEMISTRY LAB,20ITL103/EEL01 BASIC ELECTRONICS & ELECTRICAL ENGINEERING LAB,20ITL104/MEL02 WORKSHOP
y22ait409,BATHULA SOWMYA,BATHULA NAGARAJU,550,46,8.45,40,73,64,70,90,86,74,93,3.0,3.0,3.0,3.0,1.5,1.5,1.5,39,122,44,64,122,60,13,20IT101/MA01 LINEAR ALGEBRA AND ODE,20IT102/CY01 ENGINEERING CHEMISTRY,20IT103/EE01 BASIC ELECTRONICS & ELECTRICAL ENGINEERING,20ITL101/MEL01 ENGINEERING GRAPHICS,20ITL102/CYL01 CHEMISTRY LAB,20ITL103/EEL01 BASIC ELECTRONICS & ELECTRICAL ENGINEERING LAB,20ITL104/MEL02 WORKSHOP
y22ait410,BETHAPUDI DIVAKAR,BETHAPUDI KOTESWARA RAO,482,92,6.91,88,55,62,49,87,88,59,82,3.0,3.0,3.0,3.0,1.5,1.5,1.5,60,103,110,85,103,98,92,20IT101/MA01 LINEAR ALGEBRA AND ODE,20IT102/CY01 ENGINEERING CHEMISTRY,20IT103/EE01 BASIC ELECTRONICS & ELECTRICAL ENGINEERING,20ITL101/MEL01 ENGINEERING GRAPHICS,20ITL102/CYL01 CHEMISTRY LAB,20ITL103/EEL01 BASIC ELECTRONICS & ELECTRICAL ENGINEERING LAB,20ITL104/MEL02 WORKSHOP
y22ait411,BHEEMIREDDI SAI CHANDU,BHEEMIREDDI MAHALAKSHMI,649,2,9.64,1,89,96,96,93,98,88,89,3.0,3.0,3.0,3.0,1.5,1.5,1.5,12,6,1,22,6,7,29,20IT101/MA01 LINEAR ALGEBRA AND ODE,20IT102/CY01 ENGINEERING CHEMISTRY,20IT103/EE01 BASIC ELECTRONICS & ELECTRICAL ENGINEERING,20ITL101/MEL01 ENGINEERING GRAPHICS,20ITL102/CYL01 CHEMISTRY LAB,20ITL103/EEL01 BASIC ELECTRONICS & ELECTRICAL ENGINEERING LAB,20ITL104/MEL02 WORKSHOP
y22ait412,BILLA CEPHAS SUMANTH,BILLA MOSES,449,107,5.82,110,31,52,58,79,95,57,77,3.0,3.0,3.0,3.0,1.5,1.5,1.5,109,17,88,121,17,100,120,20IT101/MA01 LINEAR ALGEBRA AND ODE,20IT102/CY01 ENGINEERING CHEMISTRY,20IT103/EE01 BASIC ELECTRONICS & ELECTRICAL ENGINEERING,20ITL101/MEL01 ENGINEERING GRAPHICS,20ITL102/CYL01 CHEMISTRY LAB,20ITL103/EEL01 BASIC ELECTRONICS & ELECTRICAL ENGINEERING LAB,20ITL104/MEL02 WORKSHOP
y22ait413,BODDU LAKSHMI LAVANYA,BODDU BALACHANDRA RAO,542,50,8.18,48,74,72,59,91,89,83,74,3.0,3.0,3.0,3.0,1.5,1.5,1.5,36,89,84,55,89,22,125,20IT101/MA01 LINEAR ALGEBRA AND ODE,20IT102/CY01 ENGINEERING CHEMISTRY,20IT103/EE01 BASIC ELECTRONICS & ELECTRICAL ENGINEERING,20ITL101/MEL01 ENGINEERING GRAPHICS,20ITL102/CYL01 CHEMISTRY LAB,20ITL103/EEL01 BASIC ELECTRONICS & ELECTRICAL ENGINEERING LAB,20ITL104/MEL02 WORKSHOP
y22ait414,BORRA MONIKA,BORRA SRINIVASA RAO,488,86,6.82,90,43,48,69,91,86,68,83,3.0,3.0,3.0,3.0,1.5,1.5,1.5,99,121,46,53,121,80,86,20IT101/MA01 LINEAR ALGEBRA AND ODE,20IT102/CY01 ENGINEERING CHEMISTRY,20IT103/EE01 BASIC ELECTRONICS & ELECTRICAL ENGINEERING,20ITL101/MEL01 ENGINEERING GRAPHICS,20ITL102/CYL01 CHEMISTRY LAB,20ITL103/EEL01 BASIC ELECTRONICS & ELECTRICAL ENGINEERING LAB,20ITL104/MEL02 WORKSHOP
y22ait415,BOYINA RAGESWARA RAO,BOYINA VENKATA LKSHMINARAYANA,485,91,6.82,91,41,47,62,85,91,78,81,3.0,3.0,3.0,3.0,1.5,1.5,1.5,104,58,75,102,58,37,106,20IT101/MA01 LINEAR ALGEBRA AND ODE,20IT102/CY01 ENGINEERING CHEMISTRY,20IT103/EE01 BASIC ELECTRONICS & ELECTRICAL ENGINEERING,20ITL101/MEL01 ENGINEERING GRAPHICS,20ITL102/CYL01 CHEMISTRY LAB,20ITL103/EEL01 BASIC ELECTRONICS & ELECTRICAL ENGINEERING LAB,20ITL104/MEL02 WORKSHOP
y22ait416,BUBATHULA SAI GOPAL,BUBATTULA RANGA RAO,404,122,4.64,123,19,40,17,84,89,76,79,3.0,3.0,3.0,3.0,1.5,1.5,1.5,125,91,129,104,91,51,116,20IT101/MA01 LINEAR ALGEBRA AND ODE,20IT102/CY01 ENGINEERING CHEMISTRY,20IT103/EE01 BASIC ELECTRONICS & ELECTRICAL ENGINEERING,20ITL101/MEL01 ENGINEERING GRAPHICS,20ITL102/CYL01 CHEMISTRY LAB,20ITL103/EEL01 BASIC ELECTRONICS & ELECTRICAL ENGINEERING LAB,20ITL104/MEL02 WORKSHOP
y22ait417,CHAPARLA SRILAKSHMI,CHAPARLA NARESH,508,75,7.64,72,52,50,56,94,90,80,86,3.0,3.0,3.0,3.0,1.5,1.5,1.5,73,80,95,18,80,29,54,20IT101/MA01 LINEAR ALGEBRA AND ODE,20IT102/CY01 ENGINEERING CHEMISTRY,20IT103/EE01 BASIC ELECTRONICS & ELECTRICAL ENGINEERING,20ITL101/MEL01 ENGINEERING GRAPHICS,20ITL102/CYL01 CHEMISTRY LAB,20ITL103/EEL01 BASIC ELECTRONICS & ELECTRICAL ENGINEERING LAB,20ITL104/MEL02 WORKSHOP
y22ait418,CHEEKATI DEVARAJU,CHEEKATI NAGESWARA RAO,321,128,2.91,131,23,15,23,65,84,31,80,3.0,3.0,3.0,3.0,1.5,1.5,1.5,120,128,128,130,128,130,107,20IT101/MA01 LINEAR ALGEBRA AND ODE,20IT102/CY01 ENGINEERING CHEMISTRY,20IT103/EE01 BASIC ELECTRONICS & ELECTRICAL ENGINEERING,20ITL101/MEL01 ENGINEERING GRAPHICS,20ITL102/CYL01 CHEMISTRY LAB,20ITL103/EEL01 BASIC ELECTRONICS & ELECTRICAL ENGINEERING LAB,20ITL104/MEL02 WORKSHOP
y22ait419,CHEGONDI HAMPI NAGA SOWMYA,CHEGONDI SRINIVASA RAO,632,3,9.45,4,98,90,79,91,98,88,88,3.0,3.0,3.0,3.0,1.5,1.5,1.5,1,9,19,47,9,8,36,20IT101/MA01 LINEAR ALGEBRA AND ODE,20IT102/CY01 ENGINEERING CHEMISTRY,20IT103/EE01 BASIC ELECTRONICS & ELECTRICAL ENGINEERING,20ITL101/MEL01 ENGINEERING GRAPHICS,20ITL102/CYL01 CHEMISTRY LAB,20ITL103/EEL01 BASIC ELECTRONICS & ELECTRICAL ENGINEERING LAB,20ITL104/MEL02 WORKSHOP
y22ait420,CHERUKU VAMSI MANOJ,CHERUKU MADHUSUDANA RAO,477,96,6.82,92,51,47,52,87,88,74,78,3.0,3.0,3.0,3.0,1.5,1.5,1.5,74,104,102,81,104,58,118,20IT101/MA01 LINEAR ALGEBRA AND ODE,20IT102/CY01 ENGINEERING CHEMISTRY,20IT103/EE01 BASIC ELECTRONICS & ELECTRICAL ENGINEERING,20ITL101/MEL01 ENGINEERING GRAPHICS,20ITL102/CYL01 CHEMISTRY LAB,20ITL103/EEL01 BASIC ELECTRONICS & ELECTRICAL ENGINEERING LAB,20ITL104/MEL02 WORKSHOP
y22ait421,CHERUKURI BABYJAHNAVI,CHERUKURI LAKSHMI RAMANJANEYULU,539,52,8.09,54,59,72,63,91,92,73,89,3.0,3.0,3.0,3.0,1.5,1.5,1.5,56,48,69,41,48,64,32,20IT101/MA01 LINEAR ALGEBRA AND ODE,20IT102/CY01 ENGINEERING CHEMISTRY,20IT103/EE01 BASIC ELECTRONICS & ELECTRICAL ENGINEERING,20ITL101/MEL01 ENGINEERING GRAPHICS,20ITL102/CYL01 CHEMISTRY LAB,20ITL103/EEL01 BASIC ELECTRONICS & ELECTRICAL ENGINEERING LAB,20ITL104/MEL02 WORKSHOP
y22ait422,DANDU ADITHYA VARMA,DANDU NAGARAJU,550,45,8.27,45,73,61,65,97,96,72,86,3.0,3.0,3.0,3.0,1.5,1.5,1.5,38,15,63,2,15,69,50,20IT101/MA01 LINEAR ALGEBRA AND ODE,20IT102/CY01 ENGINEERING CHEMISTRY,20IT103/EE01 BASIC ELECTRONICS & ELECTRICAL ENGINEERING,20ITL101/MEL01 ENGINEERING GRAPHICS,20ITL102/CYL01 CHEMISTRY LAB,20ITL103/EEL01 BASIC ELECTRONICS & ELECTRICAL ENGINEERING LAB,20ITL104/MEL02 WORKSHOP
y22ait423,DIBBAGALA CHINNA KHASIM,D HUSSENAIAH,521,66,8.0,59,67,60,64,91,91,67,81,3.0,3.0,3.0,3.0,1.5,1.5,1.5,50,61,65,42,61,83,100,20IT101/MA01 LINEAR ALGEBRA AND ODE,20IT102/CY01 ENGINEERING CHEMISTRY,20IT103/EE01 BASIC ELECTRONICS & ELECTRICAL ENGINEERING,20ITL101/MEL01 ENGINEERING GRAPHICS,20ITL102/CYL01 CHEMISTRY LAB,20ITL103/EEL01 BASIC ELECTRONICS & ELECTRICAL ENGINEERING LAB,20ITL104/MEL02 WORKSHOP
y22ait424,ERIGINABOINA MANIKANTA MURALI,ERIGINABOINA SRINIVASA RAO,528,60,8.09,53,52,66,73,91,91,72,83,3.0,3.0,3.0,3.0,1.5,1.5,1.5,71,60,37,49,60,68,84,20IT101/MA01 LINEAR ALGEBRA AND ODE,20IT102/CY01 ENGINEERING CHEMISTRY,20IT103/EE01 BASIC ELECTRONICS & ELECTRICAL ENGINEERING,20ITL101/MEL01 ENGINEERING GRAPHICS,20ITL102/CYL01 CHEMISTRY LAB,20ITL103/EEL01 BASIC ELECTRONICS & ELECTRICAL ENGINEERING LAB,20ITL104/MEL02 WORKSHOP
y22ait425,GADDAM VENKATA ESWAR GOPI,GADDAM NARASIMHA RAO,450,106,6.09,106,43,45,40,87,84,66,85,3.0,3.0,3.0,3.0,1.5,1.5,1.5,100,131,122,89,131,84,60,20IT101/MA01 LINEAR ALGEBRA AND ODE,20IT102/CY01 ENGINEERING CHEMISTRY,20IT103/EE01 BASIC ELECTRONICS & ELECTRICAL ENGINEERING,20ITL101/MEL01 ENGINEERING GRAPHICS,20ITL102/CYL01 CHEMISTRY LAB,20ITL103/EEL01 BASIC ELECTRONICS & ELECTRICAL ENGINEERING LAB,20ITL104/MEL02 WORKSHOP
y22ait426,GADE RAVI TEJA,GADE SRINIVASA RAO,556,40,8.45,34,71,61,75,94,90,68,97,3.0,3.0,3.0,3.0,1.5,1.5,1.5,44,74,31,10,74,78,3,20IT101/MA01 LINEAR ALGEBRA AND ODE,20IT102/CY01 ENGINEERING CHEMISTRY,20IT103/EE01 BASIC ELECTRONICS & ELECTRICAL ENGINEERING,20ITL101/MEL01 ENGINEERING GRAPHICS,20ITL102/CYL01 CHEMISTRY LAB,20ITL103/EEL01 BASIC ELECTRONICS & ELECTRICAL ENGINEERING LAB,20ITL104/MEL02 WORKSHOP
y22ait427,GAJAVELLI ANIL KUMAR,GAJAVELLI MALLIKARJUNA RAO,493,82,6.64,95,49,47,59,87,90,73,88,3.0,3.0,3.0,3.0,1.5,1.5,1.5,83,67,85,86,67,65,40,20IT101/MA01 LINEAR ALGEBRA AND ODE,20IT102/CY01 ENGINEERING CHEMISTRY,20IT103/EE01 BASIC ELECTRONICS & ELECTRICAL ENGINEERING,20ITL101/MEL01 ENGINEERING GRAPHICS,20ITL102/CYL01 CHEMISTRY LAB,20ITL103/EEL01 BASIC ELECTRONICS & ELECTRICAL ENGINEERING LAB,20ITL104/MEL02 WORKSHOP
y22ait428,GAVINI VENU GOPAL,GAVINI SOMAIAH,562,35,8.36,42,84,60,69,88,95,86,80,3.0,3.0,3.0,3.0,1.5,1.5,1.5,18,16,49,79,16,14,109,20IT101/MA01 LINEAR ALGEBRA AND ODE,20IT102/CY01 ENGINEERING CHEMISTRY,20IT103/EE01 BASIC ELECTRONICS & ELECTRICAL ENGINEERING,20ITL101/MEL01 ENGINEERING GRAPHICS,20ITL102/CYL01 CHEMISTRY LAB,20ITL103/EEL01 BASIC ELECTRONICS & ELECTRICAL ENGINEERING LAB,20ITL104/MEL02 WORKSHOP
y22ait429,GAYAM GOVARDHAN REDDY,GAYAM NARSIREDDY,396,123,4.91,121,17,41,44,79,89,44,82,3.0,3.0,3.0,3.0,1.5,1.5,1.5,126,88,118,120,88,126,91,20IT101/MA01 LINEAR ALGEBRA AND ODE,20IT102/CY01 ENGINEERING CHEMISTRY,20IT103/EE01 BASIC ELECTRONICS & ELECTRICAL ENGINEERING,20ITL101/MEL01 ENGINEERING GRAPHICS,20ITL102/CYL01 CHEMISTRY LAB,20ITL103/EEL01 BASIC ELECTRONICS & ELECTRICAL ENGINEERING LAB,20ITL104/MEL02 WORKSHOP
y22ait430,GOGANA MANIKANTA,GOGANA SRINIVASA RAO,375,125,5.18,117,0,41,61,61,89,47,76,3.0,3.0,3.0,3.0,1.5,1.5,1.5,132,83,81,131,83,119,122,20IT101/MA01 LINEAR ALGEBRA AND ODE,20IT102/CY01 ENGINEERING CHEMISTRY,20IT103/EE01 BASIC ELECTRONICS & ELECTRICAL ENGINEERING,20ITL101/MEL01 ENGINEERING GRAPHICS,20ITL102/CYL01 CHEMISTRY LAB,20ITL103/EEL01 BASIC ELECTRONICS & ELECTRICAL ENGINEERING LAB,20ITL104/MEL02 WORKSHOP
y22ait431,GOKANABOINA VENKATESWARLU,GOKANABOINA GALLAIAH,574,29,8.64,30,73,71,85,89,94,79,83,3.0,3.0,3.0,3.0,1.5,1.5,1.5,37,27,12,74,27,35,85,20IT101/MA01 LINEAR ALGEBRA AND ODE,20IT102/CY01 ENGINEERING CHEMISTRY,20IT103/EE01 BASIC ELECTRONICS & ELECTRICAL ENGINEERING,20ITL101/MEL01 ENGINEERING GRAPHICS,20ITL102/CYL01 CHEMISTRY LAB,20ITL103/EEL01 BASIC ELECTRONICS & ELECTRICAL ENGINEERING LAB,20ITL104/MEL02 WORKSHOP
y22ait432,GOPANABOINA PREM KUMAR,GOPANABOINA RAMBABU,571,30,8.55,33,71,68,76,90,97,87,82,3.0,3.0,3.0,3.0,1.5,1.5,1.5,43,10,26,60,10,12,98,20IT101/MA01 LINEAR ALGEBRA AND ODE,20IT102/CY01 ENGINEERING CHEMISTRY,20IT103/EE01 BASIC ELECTRONICS & ELECTRICAL ENGINEERING,20ITL101/MEL01 ENGINEERING GRAPHICS,20ITL102/CYL01 CHEMISTRY LAB,20ITL103/EEL01 BASIC ELECTRONICS & ELECTRICAL ENGINEERING LAB,20ITL104/MEL02 WORKSHOP
y22ait433,GUDIPUDI ANKITA,GUDIPUDI ADAM,602,15,9.0,15,74,89,86,97,93,79,84,3.0,3.0,3.0,3.0,1.5,1.5,1.5,35,37,9,4,37,33,74,20IT101/MA01 LINEAR ALGEBRA AND ODE,20IT102/CY01 ENGINEERING CHEMISTRY,20IT103/EE01 BASIC ELECTRONICS & ELECTRICAL ENGINEERING,20ITL101/MEL01 ENGINEERING GRAPHICS,20ITL102/CYL01 CHEMISTRY LAB,20ITL103/EEL01 BASIC ELECTRONICS & ELECTRICAL ENGINEERING LAB,20ITL104/MEL02 WORKSHOP
y22ait434,GUJJARLAPUDI CHARAN,GUJJARLAPUDI ESWAR KUMAR,411,120,4.64,124,46,26,25,81,87,65,81,3.0,3.0,3.0,3.0,1.5,1.5,1.5,91,110,126,116,110,87,104,20IT101/MA01 LINEAR ALGEBRA AND ODE,20IT102/CY01 ENGINEERING CHEMISTRY,20IT103/EE01 BASIC ELECTRONICS & ELECTRICAL ENGINEERING,20ITL101/MEL01 ENGINEERING GRAPHICS,20ITL102/CYL01 CHEMISTRY LAB,20ITL103/EEL01 BASIC ELECTRONICS & ELECTRICAL ENGINEERING LAB,20ITL104/MEL02 WORKSHOP
y22ait435,GUNTURU VASUMA,GUNTURU LAKSHMANA RAO,606,11,9.18,9,87,88,88,91,92,77,83,3.0,3.0,3.0,3.0,1.5,1.5,1.5,13,47,7,44,47,43,88,20IT101/MA01 LINEAR ALGEBRA AND ODE,20IT102/CY01 ENGINEERING CHEMISTRY,20IT103/EE01 BASIC ELECTRONICS & ELECTRICAL ENGINEERING,20ITL101/MEL01 ENGINEERING GRAPHICS,20ITL102/CYL01 CHEMISTRY LAB,20ITL103/EEL01 BASIC ELECTRONICS & ELECTRICAL ENGINEERING LAB,20ITL104/MEL02 WORKSHOP
y22ait436,IMMADISETTI PAVANI,IMMADISETTI SUNDARA RAMAIAH,615,8,9.09,12,89,77,89,97,94,88,81,3.0,3.0,3.0,3.0,1.5,1.5,1.5,11,24,3,3,24,9,101,20IT101/MA01 LINEAR ALGEBRA AND ODE,20IT102/CY01 ENGINEERING CHEMISTRY,20IT103/EE01 BASIC ELECTRONICS & ELECTRICAL ENGINEERING,20ITL101/MEL01 ENGINEERING GRAPHICS,20ITL102/CYL01 CHEMISTRY LAB,20ITL103/EEL01 BASIC ELECTRONICS & ELECTRICAL ENGINEERING LAB,20ITL104/MEL02 WORKSHOP
y22ait437,JALLI KEERTHI,JALLI PHILIP,465,99,6.0,107,25,45,63,88,86,78,80,3.0,3.0,3.0,3.0,1.5,1.5,1.5,114,123,70,78,123,38,110,20IT101/MA01 LINEAR ALGEBRA AND ODE,20IT102/CY01 ENGINEERING CHEMISTRY,20IT103/EE01 BASIC ELECTRONICS & ELECTRICAL ENGINEERING,20ITL101/MEL01 ENGINEERING GRAPHICS,20ITL102/CYL01 CHEMISTRY LAB,20ITL103/EEL01 BASIC ELECTRONICS & ELECTRICAL ENGINEERING LAB,20ITL104/MEL02 WORKSHOP
y22ait438,JANIPILLI JAYA KRISHNA KANTH,JANIPALLI SRINU,527,61,7.73,68,78,57,52,89,90,76,85,3.0,3.0,3.0,3.0,1.5,1.5,1.5,25,72,103,67,72,53,71,20IT101/MA01 LINEAR ALGEBRA AND ODE,20IT102/CY01 ENGINEERING CHEMISTRY,20IT103/EE01 BASIC ELECTRONICS & ELECTRICAL ENGINEERING,20ITL101/MEL01 ENGINEERING GRAPHICS,20ITL102/CYL01 CHEMISTRY LAB,20ITL103/EEL01 BASIC ELECTRONICS & ELECTRICAL ENGINEERING LAB,20ITL104/MEL02 WORKSHOP
y22ait439,JILLELLAMUDI NAVANEETH,JILLELLAMUDI SRINIVASA RAO,532,57,8.0,58,55,64,68,91,93,81,80,3.0,3.0,3.0,3.0,1.5,1.5,1.5,64,32,51,40,32,26,108,20IT101/MA01 LINEAR ALGEBRA AND ODE,20IT102/CY01 ENGINEERING CHEMISTRY,20IT103/EE01 BASIC ELECTRONICS & ELECTRICAL ENGINEERING,20ITL101/MEL01 ENGINEERING GRAPHICS,20ITL102/CYL01 CHEMISTRY LAB,20ITL103/EEL01 BASIC ELECTRONICS & ELECTRICAL ENGINEERING LAB,20ITL104/MEL02 WORKSHOP
y22ait440,KAKARAPARTHI PHANINDRA,KAKARAPARTHI RAMESH BABU,537,55,8.27,46,72,63,62,91,90,77,82,3.0,3.0,3.0,3.0,1.5,1.5,1.5,41,78,77,46,78,44,99,20IT101/MA01 LINEAR ALGEBRA AND ODE,20IT102/CY01 ENGINEERING CHEMISTRY,20IT103/EE01 BASIC ELECTRONICS & ELECTRICAL ENGINEERING,20ITL101/MEL01 ENGINEERING GRAPHICS,20ITL102/CYL01 CHEMISTRY LAB,20ITL103/EEL01 BASIC ELECTRONICS & ELECTRICAL ENGINEERING LAB,20ITL104/MEL02 WORKSHOP
y22ait441,KAMBHAM MANUDEEP,KAMBHAM PREMAIAH,472,97,6.64,96,46,49,62,82,86,64,83,3.0,3.0,3.0,3.0,1.5,1.5,1.5,93,118,73,115,118,89,83,20IT101/MA01 LINEAR ALGEBRA AND ODE,20IT102/CY01 ENGINEERING CHEMISTRY,20IT103/EE01 BASIC ELECTRONICS & ELECTRICAL ENGINEERING,20ITL101/MEL01 ENGINEERING GRAPHICS,20ITL102/CYL01 CHEMISTRY LAB,20ITL103/EEL01 BASIC ELECTRONICS & ELECTRICAL ENGINEERING LAB,20ITL104/MEL02 WORKSHOP
y22ait442,KAMMAM DEEPAK,KAMMAM MASTAN,446,108,6.27,102,45,44,54,87,87,52,77,3.0,3.0,3.0,3.0,1.5,1.5,1.5,96,116,98,83,116,111,121,20IT101/MA01 LINEAR ALGEBRA AND ODE,20IT102/CY01 ENGINEERING CHEMISTRY,20IT103/EE01 BASIC ELECTRONICS & ELECTRICAL ENGINEERING,20ITL101/MEL01 ENGINEERING GRAPHICS,20ITL102/CYL01 CHEMISTRY LAB,20ITL103/EEL01 BASIC ELECTRONICS & ELECTRICAL ENGINEERING LAB,20ITL104/MEL02 WORKSHOP
y22ait443,KARUMANCHI JASWANTH CHOWDARY,KARUMANCHI PREM CHAND BABU,529,59,7.91,63,51,58,71,94,86,77,92,3.0,3.0,3.0,3.0,1.5,1.5,1.5,76,120,42,17,120,40,19,20IT101/MA01 LINEAR ALGEBRA AND ODE,20IT102/CY01 ENGINEERING CHEMISTRY,20IT103/EE01 BASIC ELECTRONICS & ELECTRICAL ENGINEERING,20ITL101/MEL01 ENGINEERING GRAPHICS,20ITL102/CYL01 CHEMISTRY LAB,20ITL103/EEL01 BASIC ELECTRONICS & ELECTRICAL ENGINEERING LAB,20ITL104/MEL02 WORKSHOP
y22ait444,KARUMURI VENKATA SAI BHAVYA SRI,KARUMURI CHANDRA SEKHAR,463,101,6.55,98,15,52,61,93,93,58,91,3.0,3.0,3.0,3.0,1.5,1.5,1.5,131,36,80,23,36,99,24,20IT101/MA01 LINEAR ALGEBRA AND ODE,20IT102/CY01 ENGINEERING CHEMISTRY,20IT103/EE01 BASIC ELECTRONICS & ELECTRICAL ENGINEERING,20ITL101/MEL01 ENGINEERING GRAPHICS,20ITL102/CYL01 CHEMISTRY LAB,20ITL103/EEL01 BASIC ELECTRONICS & ELECTRICAL ENGINEERING LAB,20ITL104/MEL02 WORKSHOP
y22ait445,KASU NITHIN REDDY,KASU VENKATESWARA REDDY,624,5,9.55,2,97,83,94,91,88,89,82,3.0,3.0,3.0,3.0,1.5,1.5,1.5,2,102,2,51,102,6,95,20IT101/MA01 LINEAR ALGEBRA AND ODE,20IT102/CY01 ENGINEERING CHEMISTRY,20IT103/EE01 BASIC ELECTRONICS & ELECTRICAL ENGINEERING,20ITL101/MEL01 ENGINEERING GRAPHICS,20ITL102/CYL01 CHEMISTRY LAB,20ITL103/EEL01 BASIC ELECTRONICS & ELECTRICAL ENGINEERING LAB,20ITL104/MEL02 WORKSHOP
y22ait446,KATTI VINAY KUMAR,KATI VENKATA ANJANEYULU,559,39,8.64,27,92,74,69,96,84,52,92,3.0,3.0,3.0,3.0,1.5,1.5,1.5,8,130,48,5,130,110,21,20IT101/MA01 LINEAR ALGEBRA AND ODE,20IT102/CY01 ENGINEERING CHEMISTRY,20IT103/EE01 BASIC ELECTRONICS & ELECTRICAL ENGINEERING,20ITL101/MEL01 ENGINEERING GRAPHICS,20ITL102/CYL01 CHEMISTRY LAB,20ITL103/EEL01 BASIC ELECTRONICS & ELECTRICAL ENGINEERING LAB,20ITL104/MEL02 WORKSHOP
y22ait447,KESANUPALLI MEGHANA,KESANUPALLI PRASADARAO,562,37,8.64,28,81,79,76,92,93,56,85,3.0,3.0,3.0,3.0,1.5,1.5,1.5,20,35,25,39,35,103,59,20IT101/MA01 LINEAR ALGEBRA AND ODE,20IT102/CY01 ENGINEERING CHEMISTRY,20IT103/EE01 BASIC ELECTRONICS & ELECTRICAL ENGINEERING,20ITL101/MEL01 ENGINEERING GRAPHICS,20ITL102/CYL01 CHEMISTRY LAB,20ITL103/EEL01 BASIC ELECTRONICS & ELECTRICAL ENGINEERING LAB,20ITL104/MEL02 WORKSHOP
y22ait448,KETHA GEETHIKA,KETHA PHANIKUMAR,515,72,7.45,76,47,69,62,90,93,77,77,3.0,3.0,3.0,3.0,1.5,1.5,1.5,90,29,78,61,29,47,119,20IT101/MA01 LINEAR ALGEBRA AND ODE,20IT102/CY01 ENGINEERING CHEMISTRY,20IT103/EE01 BASIC ELECTRONICS & ELECTRICAL ENGINEERING,20ITL101/MEL01 ENGINEERING GRAPHICS,20ITL102/CYL01 CHEMISTRY LAB,20ITL103/EEL01 BASIC ELECTRONICS & ELECTRICAL ENGINEERING LAB,20ITL104/MEL02 WORKSHOP
y22ait449,KETHAVARAPU VINAY KUMAR,MALLAIAH,526,63,7.73,65,50,69,64,89,90,78,86,3.0,3.0,3.0,3.0,1.5,1.5,1.5,81,73,67,68,73,36,53,20IT101/MA01 LINEAR ALGEBRA AND ODE,20IT102/CY01 ENGINEERING CHEMISTRY,20IT103/EE01 BASIC ELECTRONICS & ELECTRICAL ENGINEERING,20ITL101/MEL01 ENGINEERING GRAPHICS,20ITL102/CYL01 CHEMISTRY LAB,20ITL103/EEL01 BASIC ELECTRONICS & ELECTRICAL ENGINEERING LAB,20ITL104/MEL02 WORKSHOP
y22ait450,KODI MUDDU KRISHNA,KODI RAMA KUMAR,493,81,7.45,75,51,50,62,89,91,66,84,3.0,3.0,3.0,3.0,1.5,1.5,1.5,77,51,76,65,51,86,82,20IT101/MA01 LINEAR ALGEBRA AND ODE,20IT102/CY01 ENGINEERING CHEMISTRY,20IT103/EE01 BASIC ELECTRONICS & ELECTRICAL ENGINEERING,20ITL101/MEL01 ENGINEERING GRAPHICS,20ITL102/CYL01 CHEMISTRY LAB,20ITL103/EEL01 BASIC ELECTRONICS & ELECTRICAL ENGINEERING LAB,20ITL104/MEL02 WORKSHOP
y22ait451,KODIREKKA NITHIN,KODIREKKA JOSEPH,438,111,5.55,112,24,48,45,91,88,70,72,3.0,3.0,3.0,3.0,1.5,1.5,1.5,116,101,117,43,101,72,127,20IT101/MA01 LINEAR ALGEBRA AND ODE,20IT102/CY01 ENGINEERING CHEMISTRY,20IT103/EE01 BASIC ELECTRONICS & ELECTRICAL ENGINEERING,20ITL101/MEL01 ENGINEERING GRAPHICS,20ITL102/CYL01 CHEMISTRY LAB,20ITL103/EEL01 BASIC ELECTRONICS & ELECTRICAL ENGINEERING LAB,20ITL104/MEL02 WORKSHOP
y22ait452,KODURIVINAYKUMAR,KODURI SRINIVASARAO,425,115,5.36,113,15,45,43,87,84,68,83,3.0,3.0,3.0,3.0,1.5,1.5,1.5,129,129,119,88,129,77,87,20IT101/MA01 LINEAR ALGEBRA AND ODE,20IT102/CY01 ENGINEERING CHEMISTRY,20IT103/EE01 BASIC ELECTRONICS & ELECTRICAL ENGINEERING,20ITL101/MEL01 ENGINEERING GRAPHICS,20ITL102/CYL01 CHEMISTRY LAB,20ITL103/EEL01 BASIC ELECTRONICS & ELECTRICAL ENGINEERING LAB,20ITL104/MEL02 WORKSHOP
y22ait453,KOLLA SAI KIRAN,KOLLA VENKATA RAMAIAH,286,132,3.27,129,19,0,15,83,90,0,79,3.0,3.0,3.0,3.0,1.5,1.5,1.5,124,68,132,108,68,132,114,20IT101/MA01 LINEAR ALGEBRA AND ODE,20IT102/CY01 ENGINEERING CHEMISTRY,20IT103/EE01 BASIC ELECTRONICS & ELECTRICAL ENGINEERING,20ITL101/MEL01 ENGINEERING GRAPHICS,20ITL102/CYL01 CHEMISTRY LAB,20ITL103/EEL01 BASIC ELECTRONICS & ELECTRICAL ENGINEERING LAB,20ITL104/MEL02 WORKSHOP
y22ait454,KOLLIPARA CHARU VIKRAMA DATTA,KOLLIPARA RADHA KRISHNA MURTHY,591,21,9.18,7,95,78,84,92,91,80,71,3.0,3.0,3.0,3.0,1.5,1.5,1.5,5,56,13,38,56,31,129,20IT101/MA01 LINEAR ALGEBRA AND ODE,20IT102/CY01 ENGINEERING CHEMISTRY,20IT103/EE01 BASIC ELECTRONICS & ELECTRICAL ENGINEERING,20ITL101/MEL01 ENGINEERING GRAPHICS,20ITL102/CYL01 CHEMISTRY LAB,20ITL103/EEL01 BASIC ELECTRONICS & ELECTRICAL ENGINEERING LAB,20ITL104/MEL02 WORKSHOP
y22ait455,KOMARALA GANDHI,KOMARALA PRASAD,590,23,8.91,19,77,80,78,96,93,81,85,3.0,3.0,3.0,3.0,1.5,1.5,1.5,28,33,24,7,33,27,67,20IT101/MA01 LINEAR ALGEBRA AND ODE,20IT102/CY01 ENGINEERING CHEMISTRY,20IT103/EE01 BASIC ELECTRONICS & ELECTRICAL ENGINEERING,20ITL101/MEL01 ENGINEERING GRAPHICS,20ITL102/CYL01 CHEMISTRY LAB,20ITL103/EEL01 BASIC ELECTRONICS & ELECTRICAL ENGINEERING LAB,20ITL104/MEL02 WORKSHOP
y22ait456,KOMMANABOYINA LAKSHMI PAVAN KALYAN,KOMMANABOYINA SRIHARI RAO,553,43,8.55,32,82,72,60,90,93,77,79,3.0,3.0,3.0,3.0,1.5,1.5,1.5,19,31,82,63,31,48,115,20IT101/MA01 LINEAR ALGEBRA AND ODE,20IT102/CY01 ENGINEERING CHEMISTRY,20IT103/EE01 BASIC ELECTRONICS & ELECTRICAL ENGINEERING,20ITL101/MEL01 ENGINEERING GRAPHICS,20ITL102/CYL01 CHEMISTRY LAB,20ITL103/EEL01 BASIC ELECTRONICS & ELECTRICAL ENGINEERING LAB,20ITL104/MEL02 WORKSHOP
y22ait457,KOMMANABOYINA VARUNBABU,KOMMANABOYINA RAVINDRA BABU,527,62,7.91,60,51,61,71,89,92,77,86,3.0,3.0,3.0,3.0,1.5,1.5,1.5,78,49,40,70,49,41,52,20IT101/MA01 LINEAR ALGEBRA AND ODE,20IT102/CY01 ENGINEERING CHEMISTRY,20IT103/EE01 BASIC ELECTRONICS & ELECTRICAL ENGINEERING,20ITL101/MEL01 ENGINEERING GRAPHICS,20ITL102/CYL01 CHEMISTRY LAB,20ITL103/EEL01 BASIC ELECTRONICS & ELECTRICAL ENGINEERING LAB,20ITL104/MEL02 WORKSHOP
y22ait458,KONDEPU ESWAR KUMAR,KNODEPU SANKAR RAO,547,47,8.36,43,72,72,68,90,85,78,82,3.0,3.0,3.0,3.0,1.5,1.5,1.5,42,126,50,59,126,39,97,20IT101/MA01 LINEAR ALGEBRA AND ODE,20IT102/CY01 ENGINEERING CHEMISTRY,20IT103/EE01 BASIC ELECTRONICS & ELECTRICAL ENGINEERING,20ITL101/MEL01 ENGINEERING GRAPHICS,20ITL102/CYL01 CHEMISTRY LAB,20ITL103/EEL01 BASIC ELECTRONICS & ELECTRICAL ENGINEERING LAB,20ITL104/MEL02 WORKSHOP
y22ait459,KONDRAGUNTA DEEPSIKA,KONDRAGUNTA RANGA RAO,490,83,7.09,82,47,66,56,90,87,68,76,3.0,3.0,3.0,3.0,1.5,1.5,1.5,89,115,96,57,115,79,124,20IT101/MA01 LINEAR ALGEBRA AND ODE,20IT102/CY01 ENGINEERING CHEMISTRY,20IT103/EE01 BASIC ELECTRONICS & ELECTRICAL ENGINEERING,20ITL101/MEL01 ENGINEERING GRAPHICS,20ITL102/CYL01 CHEMISTRY LAB,20ITL103/EEL01 BASIC ELECTRONICS & ELECTRICAL ENGINEERING LAB,20ITL104/MEL02 WORKSHOP
y22ait460,KONDRU SUREKHA,KONDRU KRISHNAIAH,499,77,7.64,70,50,65,57,92,90,60,85,3.0,3.0,3.0,3.0,1.5,1.5,1.5,79,79,91,33,79,96,61,20IT101/MA01 LINEAR ALGEBRA AND ODE,20IT102/CY01 ENGINEERING CHEMISTRY,20IT103/EE01 BASIC ELECTRONICS & ELECTRICAL ENGINEERING,20ITL101/MEL01 ENGINEERING GRAPHICS,20ITL102/CYL01 CHEMISTRY LAB,20ITL103/EEL01 BASIC ELECTRONICS & ELECTRICAL ENGINEERING LAB,20ITL104/MEL02 WORKSHOP
y22ait461,KOPPULA SRI SASI VARDHAN,KOPPULA RAMBABU,480,95,6.18,104,36,55,58,89,88,70,84,3.0,3.0,3.0,3.0,1.5,1.5,1.5,107,96,90,66,96,71,81,20IT101/MA01 LINEAR ALGEBRA AND ODE,20IT102/CY01 ENGINEERING CHEMISTRY,20IT103/EE01 BASIC ELECTRONICS & ELECTRICAL ENGINEERING,20ITL101/MEL01 ENGINEERING GRAPHICS,20ITL102/CYL01 CHEMISTRY LAB,20ITL103/EEL01 BASIC ELECTRONICS & ELECTRICAL ENGINEERING LAB,20ITL104/MEL02 WORKSHOP
y22ait462,KOTTE TARUNKUMAR,KOTTE RAVISHANKAR,412,119,4.55,125,26,46,31,83,85,62,79,3.0,3.0,3.0,3.0,1.5,1.5,1.5,113,125,124,111,125,91,113,20IT101/MA01 LINEAR ALGEBRA AND ODE,20IT102/CY01 ENGINEERING CHEMISTRY,20IT103/EE01 BASIC ELECTRONICS & ELECTRICAL ENGINEERING,20ITL101/MEL01 ENGINEERING GRAPHICS,20ITL102/CYL01 CHEMISTRY LAB,20ITL103/EEL01 BASIC ELECTRONICS & ELECTRICAL ENGINEERING LAB,20ITL104/MEL02 WORKSHOP
y22ait463,KROSURI GOPINADH,KROSURI RAJASEKHARA RAO,622,6,9.55,3,92,94,89,93,92,73,89,3.0,3.0,3.0,3.0,1.5,1.5,1.5,7,46,6,27,46,63,30,20IT101/MA01 LINEAR ALGEBRA AND ODE,20IT102/CY01 ENGINEERING CHEMISTRY,20IT103/EE01 BASIC ELECTRONICS & ELECTRICAL ENGINEERING,20ITL101/MEL01 ENGINEERING GRAPHICS,20ITL102/CYL01 CHEMISTRY LAB,20ITL103/EEL01 BASIC ELECTRONICS & ELECTRICAL ENGINEERING LAB,20ITL104/MEL02 WORKSHOP
y22ait464,KUNITI SAIKIRAN,KUNITI TRINADHA,630,4,9.27,6,78,91,76,94,97,99,95,3.0,3.0,3.0,3.0,1.5,1.5,1.5,26,11,28,16,11,1,4,20IT101/MA01 LINEAR ALGEBRA AND ODE,20IT102/CY01 ENGINEERING CHEMISTRY,20IT103/EE01 BASIC ELECTRONICS & ELECTRICAL ENGINEERING,20ITL101/MEL01 ENGINEERING GRAPHICS,20ITL102/CYL01 CHEMISTRY LAB,20ITL103/EEL01 BASIC ELECTRONICS & ELECTRICAL ENGINEERING LAB,20ITL104/MEL02 WORKSHOP
y22ait465,LAKKU VENKATESHWAR REDDY,L VENKATA SUBBA REDDY,464,100,6.45,99,15,60,51,85,87,81,85,3.0,3.0,3.0,3.0,1.5,1.5,1.5,127,112,105,103,112,25,65,20IT101/MA01 LINEAR ALGEBRA AND ODE,20IT102/CY01 ENGINEERING CHEMISTRY,20IT103/EE01 BASIC ELECTRONICS & ELECTRICAL ENGINEERING,20ITL101/MEL01 ENGINEERING GRAPHICS,20ITL102/CYL01 CHEMISTRY LAB,20ITL103/EEL01 BASIC ELECTRONICS & ELECTRICAL ENGINEERING LAB,20ITL104/MEL02 WORKSHOP
y22ait466,LUKKA SAI,LUKKA RAMBABU,455,102,6.73,93,44,57,51,90,88,40,85,3.0,3.0,3.0,3.0,1.5,1.5,1.5,98,105,106,58,105,127,66,20IT101/MA01 LINEAR ALGEBRA AND ODE,20IT102/CY01 ENGINEERING CHEMISTRY,20IT103/EE01 BASIC ELECTRONICS & ELECTRICAL ENGINEERING,20ITL101/MEL01 ENGINEERING GRAPHICS,20ITL102/CYL01 CHEMISTRY LAB,20ITL103/EEL01 BASIC ELECTRONICS & ELECTRICAL ENGINEERING LAB,20ITL104/MEL02 WORKSHOP
y22ait467,MANTRI NAGA CHANDRIKA,MANTRI SARADHI,315,129,3.82,127,15,0,42,58,83,55,62,3.0,3.0,3.0,3.0,1.5,1.5,1.5,128,132,120,132,132,105,132,20IT101/MA01 LINEAR ALGEBRA AND ODE,20IT102/CY01 ENGINEERING CHEMISTRY,20IT103/EE01 BASIC ELECTRONICS & ELECTRICAL ENGINEERING,20ITL101/MEL01 ENGINEERING GRAPHICS,20ITL102/CYL01 CHEMISTRY LAB,20ITL103/EEL01 BASIC ELECTRONICS & ELECTRICAL ENGINEERING LAB,20ITL104/MEL02 WORKSHOP
y22ait468,MADASANI SASI KIRAN,MADASANI RAMAKRISHNA,428,114,5.36,114,15,43,45,84,88,65,88,3.0,3.0,3.0,3.0,1.5,1.5,1.5,130,97,116,105,97,88,42,20IT101/MA01 LINEAR ALGEBRA AND ODE,20IT102/CY01 ENGINEERING CHEMISTRY,20IT103/EE01 BASIC ELECTRONICS & ELECTRICAL ENGINEERING,20ITL101/MEL01 ENGINEERING GRAPHICS,20ITL102/CYL01 CHEMISTRY LAB,20ITL103/EEL01 BASIC ELECTRONICS & ELECTRICAL ENGINEERING LAB,20ITL104/MEL02 WORKSHOP
y22ait469,MADINENI MALLIKARJUNA RAO,MADINENI VENKATA RAMAIAH,518,69,7.27,79,72,58,48,86,88,77,89,3.0,3.0,3.0,3.0,1.5,1.5,1.5,40,100,112,92,100,46,33,IT111 Mathematics - I,IT112 Engg. Physics - I,IT113 Engg. Chemistry-I,IT114 English Language & Commu.,IT115 Engg. Mechanics,IT116 CP with C,IT151 Physics Lab - I
y22ait470,MANAM SRI VANI PRASANNA,MANAM VENKATA RAO,604,14,9.09,10,91,89,66,94,93,83,88,3.0,3.0,3.0,3.0,1.5,1.5,1.5,9,40,60,13,40,19,45,20IT101/MA01 LINEAR ALGEBRA AND ODE,20IT102/CY01 ENGINEERING CHEMISTRY,20IT103/EE01 BASIC ELECTRONICS & ELECTRICAL ENGINEERING,20ITL101/MEL01 ENGINEERING GRAPHICS,20ITL102/CYL01 CHEMISTRY LAB,20ITL103/EEL01 BASIC ELECTRONICS & ELECTRICAL ENGINEERING LAB,20ITL104/MEL02 WORKSHOP
y22ait471,MANDAPATI.NANI,MANDAPATI SRINU,494,80,6.36,101,41,67,56,84,89,77,80,3.0,3.0,3.0,3.0,1.5,1.5,1.5,103,93,94,106,93,42,111,20IT101/MA01 LINEAR ALGEBRA AND ODE,20IT102/CY01 ENGINEERING CHEMISTRY,20IT103/EE01 BASIC ELECTRONICS & ELECTRICAL ENGINEERING,20ITL101/MEL01 ENGINEERING GRAPHICS,20ITL102/CYL01 CHEMISTRY LAB,20ITL103/EEL01 BASIC ELECTRONICS & ELECTRICAL ENGINEERING LAB,20ITL104/MEL02 WORKSHOP
y22ait472,MARELLA HEMANTH,MARELLA PEDDANNA,314,130,2.91,132,33,0,25,74,87,33,62,3.0,3.0,3.0,3.0,1.5,1.5,1.5,108,109,127,126,109,129,131,20IT101/MA01 LINEAR ALGEBRA AND ODE,20IT102/CY01 ENGINEERING CHEMISTRY,20IT103/EE01 BASIC ELECTRONICS & ELECTRICAL ENGINEERING,20ITL101/MEL01 ENGINEERING GRAPHICS,20ITL102/CYL01 CHEMISTRY LAB,20ITL103/EEL01 BASIC ELECTRONICS & ELECTRICAL ENGINEERING LAB,20ITL104/MEL02 WORKSHOP
y22ait473,MARRI AVINASH BABU,MARRI VEERANJANEYULU,562,36,8.36,41,80,77,58,86,90,87,84,3.0,3.0,3.0,3.0,1.5,1.5,1.5,21,71,87,97,71,13,79,20IT101/MA01 LINEAR ALGEBRA AND ODE,20IT102/CY01 ENGINEERING CHEMISTRY,20IT103/EE01 BASIC ELECTRONICS & ELECTRICAL ENGINEERING,20ITL101/MEL01 ENGINEERING GRAPHICS,20ITL102/CYL01 CHEMISTRY LAB,20ITL103/EEL01 BASIC ELECTRONICS & ELECTRICAL ENGINEERING LAB,20ITL104/MEL02 WORKSHOP
y22ait474,MATURI MADHULATHA,MATURI ANJANEYULU,598,17,9.0,16,76,86,78,93,95,80,90,3.0,3.0,3.0,3.0,1.5,1.5,1.5,33,19,23,21,19,28,27,20IT101/MA01 LINEAR ALGEBRA AND ODE,20IT102/CY01 ENGINEERING CHEMISTRY,20IT103/EE01 BASIC ELECTRONICS & ELECTRICAL ENGINEERING,20ITL101/MEL01 ENGINEERING GRAPHICS,20ITL102/CYL01 CHEMISTRY LAB,20ITL103/EEL01 BASIC ELECTRONICS & ELECTRICAL ENGINEERING LAB,20ITL104/MEL02 WORKSHOP
y22ait475,MEDIDA BHANU SHANKAR,MEDIDA SRINIVASULU,520,67,7.64,69,55,67,65,88,88,83,74,3.0,3.0,3.0,3.0,1.5,1.5,1.5,63,107,61,76,107,21,126,20IT101/MA01 LINEAR ALGEBRA AND ODE,20IT102/CY01 ENGINEERING CHEMISTRY,20IT103/EE01 BASIC ELECTRONICS & ELECTRICAL ENGINEERING,20ITL101/MEL01 ENGINEERING GRAPHICS,20ITL102/CYL01 CHEMISTRY LAB,20ITL103/EEL01 BASIC ELECTRONICS & ELECTRICAL ENGINEERING LAB,20ITL104/MEL02 WORKSHOP
y22ait476,MEDISETTY NITHIN SAI SATYA,MEDISETTY RAMAKRISHNA,434,113,5.82,108,21,52,53,69,93,61,85,3.0,3.0,3.0,3.0,1.5,1.5,1.5,121,34,100,127,34,95,69,20IT101/MA01 LINEAR ALGEBRA AND ODE,20IT102/CY01 ENGINEERING CHEMISTRY,20IT103/EE01 BASIC ELECTRONICS & ELECTRICAL ENGINEERING,20ITL101/MEL01 ENGINEERING GRAPHICS,20ITL102/CYL01 CHEMISTRY LAB,20ITL103/EEL01 BASIC ELECTRONICS & ELECTRICAL ENGINEERING LAB,20ITL104/MEL02 WORKSHOP
y22ait477,MULLAPUDI ASWITHA,MULLAPUDI KOTESWARA RAO,553,42,8.45,36,61,76,72,94,94,71,85,3.0,3.0,3.0,3.0,1.5,1.5,1.5,55,23,38,20,23,70,57,20IT101/MA01 LINEAR ALGEBRA AND ODE,20IT102/CY01 ENGINEERING CHEMISTRY,20IT103/EE01 BASIC ELECTRONICS & ELECTRICAL ENGINEERING,20ITL101/MEL01 ENGINEERING GRAPHICS,20ITL102/CYL01 CHEMISTRY LAB,20ITL103/EEL01 BASIC ELECTRONICS & ELECTRICAL ENGINEERING LAB,20ITL104/MEL02 WORKSHOP
y22ait478,MUPPIRISETTI SREEJA,MUPPIRISETTI VEERABABU,481,93,7.0,86,49,55,51,94,85,77,70,3.0,3.0,3.0,3.0,1.5,1.5,1.5,85,124,107,12,124,45,130,20IT101/MA01 LINEAR ALGEBRA AND ODE,20IT102/CY01 ENGINEERING CHEMISTRY,20IT103/EE01 BASIC ELECTRONICS & ELECTRICAL ENGINEERING,20ITL101/MEL01 ENGINEERING GRAPHICS,20ITL102/CYL01 CHEMISTRY LAB,20ITL103/EEL01 BASIC ELECTRONICS & ELECTRICAL ENGINEERING LAB,20ITL104/MEL02 WORKSHOP
y22ait479,MYLA.RAJESWARI,MYLA VEERASWAMY,556,41,8.73,26,77,82,70,92,90,52,93,3.0,3.0,3.0,3.0,1.5,1.5,1.5,29,77,45,31,77,112,9,20IT101/MA01 LINEAR ALGEBRA AND ODE,20IT102/CY01 ENGINEERING CHEMISTRY,20IT103/EE01 BASIC ELECTRONICS & ELECTRICAL ENGINEERING,20ITL101/MEL01 ENGINEERING GRAPHICS,20ITL102/CYL01 CHEMISTRY LAB,20ITL103/EEL01 BASIC ELECTRONICS & ELECTRICAL ENGINEERING LAB,20ITL104/MEL02 WORKSHOP
y22ait480,NAGIREDDY THIRUMALA,NAGIREDDY THIRUPAL REDDY,522,65,8.09,51,50,62,73,91,93,70,83,3.0,3.0,3.0,3.0,1.5,1.5,1.5,80,30,36,50,30,73,90,20IT101/MA01 LINEAR ALGEBRA AND ODE,20IT102/CY01 ENGINEERING CHEMISTRY,20IT103/EE01 BASIC ELECTRONICS & ELECTRICAL ENGINEERING,20ITL101/MEL01 ENGINEERING GRAPHICS,20ITL102/CYL01 CHEMISTRY LAB,20ITL103/EEL01 BASIC ELECTRONICS & ELECTRICAL ENGINEERING LAB,20ITL104/MEL02 WORKSHOP
y22ait481,NAKKA UDAY KUMAR,NAKKA BABURAO,561,38,8.45,38,57,86,73,92,90,76,87,3.0,3.0,3.0,3.0,1.5,1.5,1.5,59,76,34,35,76,50,49,20IT101/MA01 LINEAR ALGEBRA AND ODE,20IT102/CY01 ENGINEERING CHEMISTRY,20IT103/EE01 BASIC ELECTRONICS & ELECTRICAL ENGINEERING,20ITL101/MEL01 ENGINEERING GRAPHICS,20ITL102/CYL01 CHEMISTRY LAB,20ITL103/EEL01 BASIC ELECTRONICS & ELECTRICAL ENGINEERING LAB,20ITL104/MEL02 WORKSHOP
y22ait482,NALABOLU RAMAKOTESWARA RAO,NALABOLU VENKATESWARLU,565,33,8.45,39,58,82,78,90,89,86,82,3.0,3.0,3.0,3.0,1.5,1.5,1.5,58,95,22,56,95,15,94,20IT101/MA01 LINEAR ALGEBRA AND ODE,20IT102/CY01 ENGINEERING CHEMISTRY,20IT103/EE01 BASIC ELECTRONICS & ELECTRICAL ENGINEERING,20ITL101/MEL01 ENGINEERING GRAPHICS,20ITL102/CYL01 CHEMISTRY LAB,20ITL103/EEL01 BASIC ELECTRONICS & ELECTRICAL ENGINEERING LAB,20ITL104/MEL02 WORKSHOP
y22ait483,NANNEPAGA KOMALI KIRAN,NANNEPAGA KIRAN KUMAR,590,22,8.82,21,53,92,79,94,100,82,90,3.0,3.0,3.0,3.0,1.5,1.5,1.5,69,2,20,19,2,24,26,20IT101/MA01 LINEAR ALGEBRA AND ODE,20IT102/CY01 ENGINEERING CHEMISTRY,20IT103/EE01 BASIC ELECTRONICS & ELECTRICAL ENGINEERING,20ITL101/MEL01 ENGINEERING GRAPHICS,20ITL102/CYL01 CHEMISTRY LAB,20ITL103/EEL01 BASIC ELECTRONICS & ELECTRICAL ENGINEERING LAB,20ITL104/MEL02 WORKSHOP
y22ait484,NARRA.SIVAKUMARI,NARRA RAGAVAIAH,485,90,6.64,94,24,62,53,92,91,75,88,3.0,3.0,3.0,3.0,1.5,1.5,1.5,119,54,101,36,54,57,39,20IT101/MA01 LINEAR ALGEBRA AND ODE,20IT102/CY01 ENGINEERING CHEMISTRY,20IT103/EE01 BASIC ELECTRONICS & ELECTRICAL ENGINEERING,20ITL101/MEL01 ENGINEERING GRAPHICS,20ITL102/CYL01 CHEMISTRY LAB,20ITL103/EEL01 BASIC ELECTRONICS & ELECTRICAL ENGINEERING LAB,20ITL104/MEL02 WORKSHOP
y22ait485,NAYUDU.MOUNIKA LAKSHMI,NAYUDU JANAKI RAMAIAH,552,44,8.27,47,51,53,82,90,92,85,99,3.0,3.0,3.0,3.0,1.5,1.5,1.5,75,44,15,62,44,16,1,20IT101/MA01 LINEAR ALGEBRA AND ODE,20IT102/CY01 ENGINEERING CHEMISTRY,20IT103/EE01 BASIC ELECTRONICS & ELECTRICAL ENGINEERING,20ITL101/MEL01 ENGINEERING GRAPHICS,20ITL102/CYL01 CHEMISTRY LAB,20ITL103/EEL01 BASIC ELECTRONICS & ELECTRICAL ENGINEERING LAB,20ITL104/MEL02 WORKSHOP
y22ait486,NELAPATI NOBLE SUJANI,NELAPATI SUBHAKAR,586,24,8.64,29,68,82,79,98,100,66,93,3.0,3.0,3.0,3.0,1.5,1.5,1.5,49,1,18,1,1,85,11,20IT101/MA01 LINEAR ALGEBRA AND ODE,20IT102/CY01 ENGINEERING CHEMISTRY,20IT103/EE01 BASIC ELECTRONICS & ELECTRICAL ENGINEERING,20ITL101/MEL01 ENGINEERING GRAPHICS,20ITL102/CYL01 CHEMISTRY LAB,20ITL103/EEL01 BASIC ELECTRONICS & ELECTRICAL ENGINEERING LAB,20ITL104/MEL02 WORKSHOP
y22ait487,NIDAMANURI YASASWINI,NIDAMANURI VENKATESWARLU,538,53,7.91,62,54,65,78,89,91,76,85,3.0,3.0,3.0,3.0,1.5,1.5,1.5,66,52,21,69,52,52,72,20IT101/MA01 LINEAR ALGEBRA AND ODE,20IT102/CY01 ENGINEERING CHEMISTRY,20IT103/EE01 BASIC ELECTRONICS & ELECTRICAL ENGINEERING,20ITL101/MEL01 ENGINEERING GRAPHICS,20ITL102/CYL01 CHEMISTRY LAB,20ITL103/EEL01 BASIC ELECTRONICS & ELECTRICAL ENGINEERING LAB,20ITL104/MEL02 WORKSHOP
y22ait488,PACHA MARY CHAITHANYA,PACHA JAMES LARANCE,415,118,5.36,115,20,45,47,80,91,50,82,3.0,3.0,3.0,3.0,1.5,1.5,1.5,123,53,115,119,53,114,93,20IT101/MA01 LINEAR ALGEBRA AND ODE,20IT102/CY01 ENGINEERING CHEMISTRY,20IT103/EE01 BASIC ELECTRONICS & ELECTRICAL ENGINEERING,20ITL101/MEL01 ENGINEERING GRAPHICS,20ITL102/CYL01 CHEMISTRY LAB,20ITL103/EEL01 BASIC ELECTRONICS & ELECTRICAL ENGINEERING LAB,20ITL104/MEL02 WORKSHOP
y22ait489,PALLAMKURTHI DURGAPAVANI,PALLAMKURTHI VARAHALU,517,70,7.64,71,52,53,68,93,93,69,89,3.0,3.0,3.0,3.0,1.5,1.5,1.5,72,41,52,24,41,75,31,20IT101/MA01 LINEAR ALGEBRA AND ODE,20IT102/CY01 ENGINEERING CHEMISTRY,20IT103/EE01 BASIC ELECTRONICS & ELECTRICAL ENGINEERING,20ITL101/MEL01 ENGINEERING GRAPHICS,20ITL102/CYL01 CHEMISTRY LAB,20ITL103/EEL01 BASIC ELECTRONICS & ELECTRICAL ENGINEERING LAB,20ITL104/MEL02 WORKSHOP
y22ait490,PALLAPOTHU LALITHA MANI KUMARI,PALLAPOTHU VENKATA SURESH KUMAR,451,105,5.82,109,28,41,58,83,88,60,93,3.0,3.0,3.0,3.0,1.5,1.5,1.5,112,99,86,109,99,97,10,20IT101/MA01 LINEAR ALGEBRA AND ODE,20IT102/CY01 ENGINEERING CHEMISTRY,20IT103/EE01 BASIC ELECTRONICS & ELECTRICAL ENGINEERING,20ITL101/MEL01 ENGINEERING GRAPHICS,20ITL102/CYL01 CHEMISTRY LAB,20ITL103/EEL01 BASIC ELECTRONICS & ELECTRICAL ENGINEERING LAB,20ITL104/MEL02 WORKSHOP
y22ait491,PARIMI NEHA SRI DHANA LAKSHMI,PARIMI RAVINDRA,547,48,8.09,55,70,50,66,94,89,89,89,3.0,3.0,3.0,3.0,1.5,1.5,1.5,45,87,59,14,87,5,34,20IT101/MA01 LINEAR ALGEBRA AND ODE,20IT102/CY01 ENGINEERING CHEMISTRY,20IT103/EE01 BASIC ELECTRONICS & ELECTRICAL ENGINEERING,20ITL101/MEL01 ENGINEERING GRAPHICS,20ITL102/CYL01 CHEMISTRY LAB,20ITL103/EEL01 BASIC ELECTRONICS & ELECTRICAL ENGINEERING LAB,20ITL104/MEL02 WORKSHOP
y22ait492,PARISA VENKAT,PARISA MURALI PRASAD,605,13,8.91,18,65,85,89,96,98,87,85,3.0,3.0,3.0,3.0,1.5,1.5,1.5,52,7,5,8,7,11,70,20IT101/MA01 LINEAR ALGEBRA AND ODE,20IT102/CY01 ENGINEERING CHEMISTRY,20IT103/EE01 BASIC ELECTRONICS & ELECTRICAL ENGINEERING,20ITL101/MEL01 ENGINEERING GRAPHICS,20ITL102/CYL01 CHEMISTRY LAB,20ITL103/EEL01 BASIC ELECTRONICS & ELECTRICAL ENGINEERING LAB,20ITL104/MEL02 WORKSHOP
y22ait493,PASUPULETI GANDHI KRISHNA,PASUPULETI IMMANUEL,523,64,7.73,66,54,56,76,87,94,76,80,3.0,3.0,3.0,3.0,1.5,1.5,1.5,65,21,27,84,21,49,112,20IT101/MA01 LINEAR ALGEBRA AND ODE,20IT102/CY01 ENGINEERING CHEMISTRY,20IT103/EE01 BASIC ELECTRONICS & ELECTRICAL ENGINEERING,20ITL101/MEL01 ENGINEERING GRAPHICS,20ITL102/CYL01 CHEMISTRY LAB,20ITL103/EEL01 BASIC ELECTRONICS & ELECTRICAL ENGINEERING LAB,20ITL104/MEL02 WORKSHOP
y22ait494,PICHUKA . SAHINI CEON,PICHIJKA GANESH,595,18,9.0,14,76,72,85,91,91,94,86,3.0,3.0,3.0,3.0,1.5,1.5,1.5,30,62,11,45,62,4,56,20IT101/MA01 LINEAR ALGEBRA AND ODE,20IT102/CY01 ENGINEERING CHEMISTRY,20IT103/EE01 BASIC ELECTRONICS & ELECTRICAL ENGINEERING,20ITL101/MEL01 ENGINEERING GRAPHICS,20ITL102/CYL01 CHEMISTRY LAB,20ITL103/EEL01 BASIC ELECTRONICS & ELECTRICAL ENGINEERING LAB,20ITL104/MEL02 WORKSHOP
y22ait495,PITTU VENKATA SUBBARAO,PITTU VENKATESWARLU,480,94,7.18,80,55,52,58,84,88,62,81,3.0,3.0,3.0,3.0,1.5,1.5,1.5,62,98,89,107,98,90,105,20IT101/MA01 LINEAR ALGEBRA AND ODE,20IT102/CY01 ENGINEERING CHEMISTRY,20IT103/EE01 BASIC ELECTRONICS & ELECTRICAL ENGINEERING,20ITL101/MEL01 ENGINEERING GRAPHICS,20ITL102/CYL01 CHEMISTRY LAB,20ITL103/EEL01 BASIC ELECTRONICS & ELECTRICAL ENGINEERING LAB,20ITL104/MEL02 WORKSHOP
y22ait496,PODDUTURI PULLAIAH,PODDUTURI CHINNAVEERAIAH,508,74,6.91,87,49,49,66,87,90,74,93,3.0,3.0,3.0,3.0,1.5,1.5,1.5,86,66,58,87,66,61,12,20IT101/MA01 LINEAR ALGEBRA AND ODE,20IT102/CY01 ENGINEERING CHEMISTRY,20IT103/EE01 BASIC ELECTRONICS & ELECTRICAL ENGINEERING,20ITL101/MEL01 ENGINEERING GRAPHICS,20ITL102/CYL01 CHEMISTRY LAB,20ITL103/EEL01 BASIC ELECTRONICS & ELECTRICAL ENGINEERING LAB,20ITL104/MEL02 WORKSHOP
y22ait497,POTHAMSETTY HARI PRASAD,POTHAMSETTY RANGARAO,579,27,8.73,24,84,61,85,85,93,83,88,3.0,3.0,3.0,3.0,1.5,1.5,1.5,17,38,10,101,38,20,44,20IT101/MA01 LINEAR ALGEBRA AND ODE,20IT102/CY01 ENGINEERING CHEMISTRY,20IT103/EE01 BASIC ELECTRONICS & ELECTRICAL ENGINEERING,20ITL101/MEL01 ENGINEERING GRAPHICS,20ITL102/CYL01 CHEMISTRY LAB,20ITL103/EEL01 BASIC ELECTRONICS & ELECTRICAL ENGINEERING LAB,20ITL104/MEL02 WORKSHOP
y22ait498,POTNURU GOVARDHANA NAIDU,MANMADHA RAO,599,16,8.82,22,79,72,89,88,94,85,92,3.0,3.0,3.0,3.0,1.5,1.5,1.5,22,25,4,77,25,17,17,20IT101/MA01 LINEAR ALGEBRA AND ODE,20IT102/CY01 ENGINEERING CHEMISTRY,20IT103/EE01 BASIC ELECTRONICS & ELECTRICAL ENGINEERING,20ITL101/MEL01 ENGINEERING GRAPHICS,20ITL102/CYL01 CHEMISTRY LAB,20ITL103/EEL01 BASIC ELECTRONICS & ELECTRICAL ENGINEERING LAB,20ITL104/MEL02 WORKSHOP
y22ait499,PUPPALA MURALI KRISHNA,PUPPALA RAMANJANEYULU,593,19,9.0,13,78,71,80,93,96,84,91,3.0,3.0,3.0,3.0,1.5,1.5,1.5,24,13,16,25,13,18,22,20IT101/MA01 LINEAR ALGEBRA AND ODE,20IT102/CY01 ENGINEERING CHEMISTRY,20IT103/EE01 BASIC ELECTRONICS & ELECTRICAL ENGINEERING,20ITL101/MEL01 ENGINEERING GRAPHICS,20ITL102/CYL01 CHEMISTRY LAB,20ITL103/EEL01 BASIC ELECTRONICS & ELECTRICAL ENGINEERING LAB,20ITL104/MEL02 WORKSHOP
y22ait500,RANGA KRISHNA TEJA,RANGA RAMESH,546,49,8.27,44,86,56,72,86,91,74,81,3.0,3.0,3.0,3.0,1.5,1.5,1.5,15,63,39,95,63,59,102,20IT101/MA01 LINEAR ALGEBRA AND ODE,20IT102/CY01 ENGINEERING CHEMISTRY,20IT103/EE01 BASIC ELECTRONICS & ELECTRICAL ENGINEERING,20ITL101/MEL01 ENGINEERING GRAPHICS,20ITL102/CYL01 CHEMISTRY LAB,20ITL103/EEL01 BASIC ELECTRONICS & ELECTRICAL ENGINEERING LAB,20ITL104/MEL02 WORKSHOP
y22ait501,RAVIPATI BHANU PRAKASH,RAVIPATI RAMA RAO,502,76,7.82,64,64,52,63,92,90,50,91,3.0,3.0,3.0,3.0,1.5,1.5,1.5,53,75,72,34,75,113,23,20IT101/MA01 LINEAR ALGEBRA AND ODE,20IT102/CY01 ENGINEERING CHEMISTRY,20IT103/EE01 BASIC ELECTRONICS & ELECTRICAL ENGINEERING,20ITL101/MEL01 ENGINEERING GRAPHICS,20ITL102/CYL01 CHEMISTRY LAB,20ITL103/EEL01 BASIC ELECTRONICS & ELECTRICAL ENGINEERING LAB,20ITL104/MEL02 WORKSHOP
y22ait502,SARIMALLA TRISHA,SARIMALLA NAGAIAH,606,12,8.91,20,70,87,71,89,99,97,93,3.0,3.0,3.0,3.0,1.5,1.5,1.5,46,5,41,71,5,3,15,20IT101/MA01 LINEAR ALGEBRA AND ODE,20IT102/CY01 ENGINEERING CHEMISTRY,20IT103/EE01 BASIC ELECTRONICS & ELECTRICAL ENGINEERING,20ITL101/MEL01 ENGINEERING GRAPHICS,20ITL102/CYL01 CHEMISTRY LAB,20ITL103/EEL01 BASIC ELECTRONICS & ELECTRICAL ENGINEERING LAB,20ITL104/MEL02 WORKSHOP
y22ait503,SATULURI LOKESH,SATULURI SURESH,410,121,5.0,120,38,41,41,83,87,49,71,3.0,3.0,3.0,3.0,1.5,1.5,1.5,106,111,121,114,111,116,128,20IT101/MA01 LINEAR ALGEBRA AND ODE,20IT102/CY01 ENGINEERING CHEMISTRY,20IT103/EE01 BASIC ELECTRONICS & ELECTRICAL ENGINEERING,20ITL101/MEL01 ENGINEERING GRAPHICS,20ITL102/CYL01 CHEMISTRY LAB,20ITL103/EEL01 BASIC ELECTRONICS & ELECTRICAL ENGINEERING LAB,20ITL104/MEL02 WORKSHOP
y22ait504,SETTY YASWANTH,SETTY STHANAKA KUMAR,485,88,7.09,81,53,46,60,80,86,68,92,3.0,3.0,3.0,3.0,1.5,1.5,1.5,70,119,83,117,119,82,18,20IT101/MA01 LINEAR ALGEBRA AND ODE,20IT102/CY01 ENGINEERING CHEMISTRY,20IT103/EE01 BASIC ELECTRONICS & ELECTRICAL ENGINEERING,20ITL101/MEL01 ENGINEERING GRAPHICS,20ITL102/CYL01 CHEMISTRY LAB,20ITL103/EEL01 BASIC ELECTRONICS & ELECTRICAL ENGINEERING LAB,20ITL104/MEL02 WORKSHOP
y22ait505,SHAIK ABDUL RAHMAN,SHAIK SHARIFUDDIN,490,84,7.55,73,55,51,67,92,92,50,83,3.0,3.0,3.0,3.0,1.5,1.5,1.5,61,45,54,30,45,115,89,20IT101/MA01 LINEAR ALGEBRA AND ODE,20IT102/CY01 ENGINEERING CHEMISTRY,20IT103/EE01 BASIC ELECTRONICS & ELECTRICAL ENGINEERING,20ITL101/MEL01 ENGINEERING GRAPHICS,20ITL102/CYL01 CHEMISTRY LAB,20ITL103/EEL01 BASIC ELECTRONICS & ELECTRICAL ENGINEERING LAB,20ITL104/MEL02 WORKSHOP
y22ait506,SHAIK AFREEN SHAHINAJ,SHAIK HANEEF,609,10,9.09,11,76,87,82,96,99,75,94,3.0,3.0,3.0,3.0,1.5,1.5,1.5,32,4,14,6,4,55,7,20IT101/MA01 LINEAR ALGEBRA AND ODE,20IT102/CY01 ENGINEERING CHEMISTRY,20IT103/EE01 BASIC ELECTRONICS & ELECTRICAL ENGINEERING,20ITL101/MEL01 ENGINEERING GRAPHICS,20ITL102/CYL01 CHEMISTRY LAB,20ITL103/EEL01 BASIC ELECTRONICS & ELECTRICAL ENGINEERING LAB,20ITL104/MEL02 WORKSHOP
y22ait507,SHAIK MADEENA,SHIK AMEEN SAHEB,498,78,7.45,74,53,59,70,88,89,55,84,3.0,3.0,3.0,3.0,1.5,1.5,1.5,67,81,43,80,81,104,75,20IT101/MA01 LINEAR ALGEBRA AND ODE,20IT102/CY01 ENGINEERING CHEMISTRY,20IT103/EE01 BASIC ELECTRONICS & ELECTRICAL ENGINEERING,20ITL101/MEL01 ENGINEERING GRAPHICS,20ITL102/CYL01 CHEMISTRY LAB,20ITL103/EEL01 BASIC ELECTRONICS & ELECTRICAL ENGINEERING LAB,20ITL104/MEL02 WORKSHOP
y22ait508,SHAIK NAGOOR BASHA,SHAIK KHASIM,453,104,6.18,103,49,45,51,78,90,48,92,3.0,3.0,3.0,3.0,1.5,1.5,1.5,82,64,104,125,64,117,20,20IT101/MA01 LINEAR ALGEBRA AND ODE,20IT102/CY01 ENGINEERING CHEMISTRY,20IT103/EE01 BASIC ELECTRONICS & ELECTRICAL ENGINEERING,20ITL101/MEL01 ENGINEERING GRAPHICS,20ITL102/CYL01 CHEMISTRY LAB,20ITL103/EEL01 BASIC ELECTRONICS & ELECTRICAL ENGINEERING LAB,20ITL104/MEL02 WORKSHOP
y22ait509,SHAIK.NAGUL MEERA VALI,SHAIK HUSSAIN,348,127,3.45,128,24,15,15,79,89,45,81,3.0,3.0,3.0,3.0,1.5,1.5,1.5,118,82,131,123,82,123,103,20IT101/MA01 LINEAR ALGEBRA AND ODE,20IT102/CY01 ENGINEERING CHEMISTRY,20IT103/EE01 BASIC ELECTRONICS & ELECTRICAL ENGINEERING,20ITL101/MEL01 ENGINEERING GRAPHICS,20ITL102/CYL01 CHEMISTRY LAB,20ITL103/EEL01 BASIC ELECTRONICS & ELECTRICAL ENGINEERING LAB,20ITL104/MEL02 WORKSHOP
y22ait510,SHAIK VAHEEDA,SHAIK MASTAN VALI,593,20,8.73,25,84,78,67,94,100,83,87,3.0,3.0,3.0,3.0,1.5,1.5,1.5,16,3,56,15,3,23,48,20IT101/MA01 LINEAR ALGEBRA AND ODE,20IT102/CY01 ENGINEERING CHEMISTRY,20IT103/EE01 BASIC ELECTRONICS & ELECTRICAL ENGINEERING,20ITL101/MEL01 ENGINEERING GRAPHICS,20ITL102/CYL01 CHEMISTRY LAB,20ITL103/EEL01 BASIC ELECTRONICS & ELECTRICAL ENGINEERING LAB,20ITL104/MEL02 WORKSHOP
y22ait511,SIDDIREDDY VIGNESWARA REDDY,SIDDIREDDY VENKATA RAMI REDDY,580,26,8.55,31,79,64,75,92,94,88,88,3.0,3.0,3.0,3.0,1.5,1.5,1.5,23,20,30,37,20,10,43,20IT101/MA01 LINEAR ALGEBRA AND ODE,20IT102/CY01 ENGINEERING CHEMISTRY,20IT103/EE01 BASIC ELECTRONICS & ELECTRICAL ENGINEERING,20ITL101/MEL01 ENGINEERING GRAPHICS,20ITL102/CYL01 CHEMISTRY LAB,20ITL103/EEL01 BASIC ELECTRONICS & ELECTRICAL ENGINEERING LAB,20ITL104/MEL02 WORKSHOP
y22ait512,SIKHAKOLLI MAHIMA,SIKHAKOLLI SRINIVASARAO,569,32,8.18,49,69,59,75,94,98,75,99,3.0,3.0,3.0,3.0,1.5,1.5,1.5,48,8,32,11,8,56,2,20IT101/MA01 LINEAR ALGEBRA AND ODE,20IT102/CY01 ENGINEERING CHEMISTRY,20IT103/EE01 BASIC ELECTRONICS & ELECTRICAL ENGINEERING,20ITL101/MEL01 ENGINEERING GRAPHICS,20ITL102/CYL01 CHEMISTRY LAB,20ITL103/EEL01 BASIC ELECTRONICS & ELECTRICAL ENGINEERING LAB,20ITL104/MEL02 WORKSHOP
y22ait513,LITHIN CHOWDARY SOMEPALLI,SOMEPALLI SUDHAKAR RAO,495,79,6.91,89,48,45,61,86,90,73,92,3.0,3.0,3.0,3.0,1.5,1.5,1.5,88,70,79,99,70,62,16,20IT101/MA01 LINEAR ALGEBRA AND ODE,20IT102/CY01 ENGINEERING CHEMISTRY,20IT103/EE01 BASIC ELECTRONICS & ELECTRICAL ENGINEERING,20ITL101/MEL01 ENGINEERING GRAPHICS,20ITL102/CYL01 CHEMISTRY LAB,20ITL103/EEL01 BASIC ELECTRONICS & ELECTRICAL ENGINEERING LAB,20ITL104/MEL02 WORKSHOP
y22ait514,SYED ASIN,SYED MEERA SHARIEF,489,85,7.09,84,45,52,63,87,90,68,84,3.0,3.0,3.0,3.0,1.5,1.5,1.5,95,69,71,90,69,81,80,20IT101/MA01 LINEAR ALGEBRA AND ODE,20IT102/CY01 ENGINEERING CHEMISTRY,20IT103/EE01 BASIC ELECTRONICS & ELECTRICAL ENGINEERING,20ITL101/MEL01 ENGINEERING GRAPHICS,20ITL102/CYL01 CHEMISTRY LAB,20ITL103/EEL01 BASIC ELECTRONICS & ELECTRICAL ENGINEERING LAB,20ITL104/MEL02 WORKSHOP
y22ait515,TAMMULURI SHALINI,TAMMULURI SURESH,416,117,5.09,119,25,44,48,83,86,45,85,3.0,3.0,3.0,3.0,1.5,1.5,1.5,115,117,113,112,117,122,63,20IT101/MA01 LINEAR ALGEBRA AND ODE,20IT102/CY01 ENGINEERING CHEMISTRY,20IT103/EE01 BASIC ELECTRONICS & ELECTRICAL ENGINEERING,20ITL101/MEL01 ENGINEERING GRAPHICS,20ITL102/CYL01 CHEMISTRY LAB,20ITL103/EEL01 BASIC ELECTRONICS & ELECTRICAL ENGINEERING LAB,20ITL104/MEL02 WORKSHOP
y22ait516,TANNIRU NAGENDRA,TANNIRU SIVA,615,7,9.18,8,95,62,87,93,95,99,84,3.0,3.0,3.0,3.0,1.5,1.5,1.5,4,18,8,26,18,2,76,20IT101/MA01 LINEAR ALGEBRA AND ODE,20IT102/CY01 ENGINEERING CHEMISTRY,20IT103/EE01 BASIC ELECTRONICS & ELECTRICAL ENGINEERING,20ITL101/MEL01 ENGINEERING GRAPHICS,20ITL102/CYL01 CHEMISTRY LAB,20ITL103/EEL01 BASIC ELECTRONICS & ELECTRICAL ENGINEERING LAB,20ITL104/MEL02 WORKSHOP
y22ait517,TUTARAM NIKHILA,TUTARAM GOPALA KRISHNA,518,68,7.73,67,64,50,76,87,87,69,85,3.0,3.0,3.0,3.0,1.5,1.5,1.5,54,114,29,91,114,74,62,20IT101/MA01 LINEAR ALGEBRA AND ODE,20IT102/CY01 ENGINEERING CHEMISTRY,20IT103/EE01 BASIC ELECTRONICS & ELECTRICAL ENGINEERING,20ITL101/MEL01 ENGINEERING GRAPHICS,20ITL102/CYL01 CHEMISTRY LAB,20ITL103/EEL01 BASIC ELECTRONICS & ELECTRICAL ENGINEERING LAB,20ITL104/MEL02 WORKSHOP
y22ait518,ULASA POOJITHA,ULASA SUBBARAO,466,98,6.45,100,46,49,56,83,89,53,90,3.0,3.0,3.0,3.0,1.5,1.5,1.5,94,86,93,113,86,108,28,20IT101/MA01 LINEAR ALGEBRA AND ODE,20IT102/CY01 ENGINEERING CHEMISTRY,20IT103/EE01 BASIC ELECTRONICS & ELECTRICAL ENGINEERING,20ITL101/MEL01 ENGINEERING GRAPHICS,20ITL102/CYL01 CHEMISTRY LAB,20ITL103/EEL01 BASIC ELECTRONICS & ELECTRICAL ENGINEERING LAB,20ITL104/MEL02 WORKSHOP
y22ait519,ULLAM PURNA CHANDRA RAO,ULLAM RAMANA RAO,441,109,5.64,111,30,55,49,83,87,53,84,3.0,3.0,3.0,3.0,1.5,1.5,1.5,110,113,111,110,113,107,78,20IT101/MA01 LINEAR ALGEBRA AND ODE,20IT102/CY01 ENGINEERING CHEMISTRY,20IT103/EE01 BASIC ELECTRONICS & ELECTRICAL ENGINEERING,20ITL101/MEL01 ENGINEERING GRAPHICS,20ITL102/CYL01 CHEMISTRY LAB,20ITL103/EEL01 BASIC ELECTRONICS & ELECTRICAL ENGINEERING LAB,20ITL104/MEL02 WORKSHOP
y22ait520,VALLEPU BHUVANESH,VALLEPU VEERA SWAMY,453,103,6.55,97,42,51,55,87,89,44,85,3.0,3.0,3.0,3.0,1.5,1.5,1.5,101,94,97,82,94,125,68,20IT101/MA01 LINEAR ALGEBRA AND ODE,20IT102/CY01 ENGINEERING CHEMISTRY,20IT103/EE01 BASIC ELECTRONICS & ELECTRICAL ENGINEERING,20ITL101/MEL01 ENGINEERING GRAPHICS,20ITL102/CYL01 CHEMISTRY LAB,20ITL103/EEL01 BASIC ELECTRONICS & ELECTRICAL ENGINEERING LAB,20ITL104/MEL02 WORKSHOP
y22ait521,VANJA SASI KUMAR,VANJA TIRUPATHIRAO,434,112,6.09,105,49,59,50,78,89,19,90,3.0,3.0,3.0,3.0,1.5,1.5,1.5,84,92,108,124,92,131,25,20IT101/MA01 LINEAR ALGEBRA AND ODE,20IT102/CY01 ENGINEERING CHEMISTRY,20IT103/EE01 BASIC ELECTRONICS & ELECTRICAL ENGINEERING,20ITL101/MEL01 ENGINEERING GRAPHICS,20ITL102/CYL01 CHEMISTRY LAB,20ITL103/EEL01 BASIC ELECTRONICS & ELECTRICAL ENGINEERING LAB,20ITL104/MEL02 WORKSHOP
y22ait522,VANUKURI BINDU,VANUKURI RAMANJANEYAREDDY,529,58,8.18,50,70,61,67,91,91,61,88,3.0,3.0,3.0,3.0,1.5,1.5,1.5,47,55,53,48,55,94,38,20IT101/MA01 LINEAR ALGEBRA AND ODE,20IT102/CY01 ENGINEERING CHEMISTRY,20IT103/EE01 BASIC ELECTRONICS & ELECTRICAL ENGINEERING,20ITL101/MEL01 ENGINEERING GRAPHICS,20ITL102/CYL01 CHEMISTRY LAB,20ITL103/EEL01 BASIC ELECTRONICS & ELECTRICAL ENGINEERING LAB,20ITL104/MEL02 WORKSHOP
y22ait523,VASUPALLI AMRUTHA,VASUPALLI JANGAMAYYA,485,89,7.09,83,44,51,62,88,92,61,87,3.0,3.0,3.0,3.0,1.5,1.5,1.5,97,50,74,75,50,92,47,20IT101/MA01 LINEAR ALGEBRA AND ODE,20IT102/CY01 ENGINEERING CHEMISTRY,20IT103/EE01 BASIC ELECTRONICS & ELECTRICAL ENGINEERING,20ITL101/MEL01 ENGINEERING GRAPHICS,20ITL102/CYL01 CHEMISTRY LAB,20ITL103/EEL01 BASIC ELECTRONICS & ELECTRICAL ENGINEERING LAB,20ITL104/MEL02 WORKSHOP
y22ait524,VERICHARLA ABHILASH,VERICHARLA RAMESH BABU,486,87,7.0,85,49,55,64,86,92,56,84,3.0,3.0,3.0,3.0,1.5,1.5,1.5,87,42,66,94,42,102,77,20IT101/MA01 LINEAR ALGEBRA AND ODE,20IT102/CY01 ENGINEERING CHEMISTRY,20IT103/EE01 BASIC ELECTRONICS & ELECTRICAL ENGINEERING,20ITL101/MEL01 ENGINEERING GRAPHICS,20ITL102/CYL01 CHEMISTRY LAB,20ITL103/EEL01 BASIC ELECTRONICS & ELECTRICAL ENGINEERING LAB,20ITL104/MEL02 WORKSHOP
y22ait525,VINUKONDA SUDHEESHNA,VINUKONDA SRINIVASRAO,539,51,8.09,52,75,81,66,86,96,47,88,3.0,3.0,3.0,3.0,1.5,1.5,1.5,34,14,57,98,14,118,35,20IT101/MA01 LINEAR ALGEBRA AND ODE,20IT102/CY01 ENGINEERING CHEMISTRY,20IT103/EE01 BASIC ELECTRONICS & ELECTRICAL ENGINEERING,20ITL101/MEL01 ENGINEERING GRAPHICS,20ITL102/CYL01 CHEMISTRY LAB,20ITL103/EEL01 BASIC ELECTRONICS & ELECTRICAL ENGINEERING LAB,20ITL104/MEL02 WORKSHOP
y22ait526,VYSYARAJU SRILAXMI,VYSYARAJU SRINIVASA RAO,564,34,8.45,35,77,78,79,80,94,61,95,3.0,3.0,3.0,3.0,1.5,1.5,1.5,27,26,17,118,26,93,5,20IT101/MA01 LINEAR ALGEBRA AND ODE,20IT102/CY01 ENGINEERING CHEMISTRY,20IT103/EE01 BASIC ELECTRONICS & ELECTRICAL ENGINEERING,20ITL101/MEL01 ENGINEERING GRAPHICS,20ITL102/CYL01 CHEMISTRY LAB,20ITL103/EEL01 BASIC ELECTRONICS & ELECTRICAL ENGINEERING LAB,20ITL104/MEL02 WORKSHOP
y22ait527,YADAVALLI JITENDRA SAI,YADAVALLI ADISESHAIAH,513,73,7.45,77,59,53,65,86,89,75,86,3.0,3.0,3.0,3.0,1.5,1.5,1.5,57,84,62,96,84,54,51,20IT101/MA01 LINEAR ALGEBRA AND ODE,20IT102/CY01 ENGINEERING CHEMISTRY,20IT103/EE01 BASIC ELECTRONICS & ELECTRICAL ENGINEERING,20ITL101/MEL01 ENGINEERING GRAPHICS,20ITL102/CYL01 CHEMISTRY LAB,20ITL103/EEL01 BASIC ELECTRONICS & ELECTRICAL ENGINEERING LAB,20ITL104/MEL02 WORKSHOP
y22ait528,YAGANTI YASWITHA RANI,YAGANTI LAKSHMANA RAO,438,110,5.27,116,30,45,48,85,89,53,88,3.0,3.0,3.0,3.0,1.5,1.5,1.5,111,90,114,100,90,109,37,20IT101/MA01 LINEAR ALGEBRA AND ODE,20IT102/CY01 ENGINEERING CHEMISTRY,20IT103/EE01 BASIC ELECTRONICS & ELECTRICAL ENGINEERING,20ITL101/MEL01 ENGINEERING GRAPHICS,20ITL102/CYL01 CHEMISTRY LAB,20ITL103/EEL01 BASIC ELECTRONICS & ELECTRICAL ENGINEERING LAB,20ITL104/MEL02 WORKSHOP
y22ait529,YARRABIKKI HARI,YARRABIKKI ANJAIAH,532,56,8.0,57,53,64,67,92,91,72,93,3.0,3.0,3.0,3.0,1.5,1.5,1.5,68,57,55,32,57,67,14,20IT101/MA01 LINEAR ALGEBRA AND ODE,20IT102/CY01 ENGINEERING CHEMISTRY,20IT103/EE01 BASIC ELECTRONICS & ELECTRICAL ENGINEERING,20ITL101/MEL01 ENGINEERING GRAPHICS,20ITL102/CYL01 CHEMISTRY LAB,20ITL103/EEL01 BASIC ELECTRONICS & ELECTRICAL ENGINEERING LAB,20ITL104/MEL02 WORKSHOP
y22ait530,YARRAMSETTI MANIKANTA,YARRAMSETTI RAMACHANDRA RAO,538,54,8.0,56,76,63,69,89,90,69,82,3.0,3.0,3.0,3.0,1.5,1.5,1.5,31,65,47,73,65,76,96,20IT101/MA01 LINEAR ALGEBRA AND ODE,20IT102/CY01 ENGINEERING CHEMISTRY,20IT103/EE01 BASIC ELECTRONICS & ELECTRICAL ENGINEERING,20ITL101/MEL01 ENGINEERING GRAPHICS,20ITL102/CYL01 CHEMISTRY LAB,20ITL103/EEL01 BASIC ELECTRONICS & ELECTRICAL ENGINEERING LAB,20ITL104/MEL02 WORKSHOP
y22ait531,AALLA NAGA RAJU,AALLA VENKATRAO,365,126,3.82,126,46,0,29,79,87,38,86,3.0,3.0,3.0,3.0,1.5,1.5,1.5,92,108,125,122,108,128,55,20IT101/MA01 LINEAR ALGEBRA AND ODE,20IT102/CY01 ENGINEERING CHEMISTRY,20IT103/EE01 BASIC ELECTRONICS & ELECTRICAL ENGINEERING,20ITL101/MEL01 ENGINEERING GRAPHICS,20ITL102/CYL01 CHEMISTRY LAB,20ITL103/EEL01 BASIC ELECTRONICS & ELECTRICAL ENGINEERING LAB,20ITL104/MEL02 WORKSHOP
y22ait532,KUMMITHA MALLIKARJUNA REDDY,KUMMITHA RAMI REDDY,394,124,4.64,122,24,40,49,69,88,46,78,3.0,3.0,3.0,3.0,1.5,1.5,1.5,117,106,109,128,106,121,117,20IT101/MA01 LINEAR ALGEBRA AND ODE,20IT102/CY01 ENGINEERING CHEMISTRY,20IT103/EE01 BASIC ELECTRONICS & ELECTRICAL ENGINEERING,20ITL101/MEL01 ENGINEERING GRAPHICS,20ITL102/CYL01 CHEMISTRY LAB,20ITL103/EEL01 BASIC ELECTRONICS & ELECTRICAL ENGINEERING LAB,20ITL104/MEL02 WORKSHOP
