Reg No,Name,Father Name,total,total_rank,sgpa,sgpa_rank,M2,SP,CE,PSP,DLD,DMS,SP_LAB,CE_LAB,PSP_LAB,C1,C2,C3,C4,C5,C6,C7,C8,C9,m2_rank,sp_rank,ce_rank,psp_rank,dld_rank,dms_rank,sp_lab_rank,ce_lab_rank,psp_lab_rank,sub1,sub2,sub3,sub4,sub5,sub6,sub7,sub8,sub9
y22ait401,ALAPATI DURGA SREE GNANA HIMA BINDU,ALAPATI NARENDRA RAO,705,40,8.2,42,75,70,63,70,75,76,97,87,92,3.0,3.0,3.0,3.0,3.0,3.0,1.5,1.5,1.5,51,65,47,30,27,56,5,27,26,20IT201/MA02 NUMERICAL METHODS AND ADVANCED CALCULUS,20IT202/PH03 SEMICONDUCTOR PHYSICS,20IT203 COMMUNICATIVE ENGLISH,20IT204 PROGRAMMING FOR PROBLEM SOLVING,20IT205 DIGITAL LOGIC DESIGN,20IT206 DISCRETE MATHEMATICS,20ITL201/PHL01 SEMICONDUCTOR PHYSICS LAB,20ITL202/ELL01 COMMUNICATIVE ENGLISH LAB,20ITL203 PROBLEM SOLVING WITH PROGRAMMING LAB
y22ait402,ALLAM MANISHA,ALLAM SREENIVASULU,724,31,8.33,36,87,90,59,56,75,87,96,84,90,3.0,3.0,3.0,3.0,3.0,3.0,1.5,1.5,1.5,28,13,67,67,29,30,13,51,29,20IT201/MA02 NUMERICAL METHODS AND ADVANCED CALCULUS,20IT202/PH03 SEMICONDUCTOR PHYSICS,20IT203 COMMUNICATIVE ENGLISH,20IT204 PROGRAMMING FOR PROBLEM SOLVING,20IT205 DIGITAL LOGIC DESIGN,20IT206 DISCRETE MATHEMATICS,20ITL201/PHL01 SEMICONDUCTOR PHYSICS LAB,20ITL202/ELL01 COMMUNICATIVE ENGLISH LAB,20ITL203 PROBLEM SOLVING WITH PROGRAMMING LAB
y22ait403,AMARA VENKATA BRAHMAM,AMARA SESHAIAH,658,57,7.53,58,81,76,54,54,58,74,87,86,88,3.0,3.0,3.0,3.0,3.0,3.0,1.5,1.5,1.5,39,52,90,73,74,61,100,40,37,20IT201/MA02 NUMERICAL METHODS AND ADVANCED CALCULUS,20IT202/PH03 SEMICONDUCTOR PHYSICS,20IT203 COMMUNICATIVE ENGLISH,20IT204 PROGRAMMING FOR PROBLEM SOLVING,20IT205 DIGITAL LOGIC DESIGN,20IT206 DISCRETE MATHEMATICS,20ITL201/PHL01 SEMICONDUCTOR PHYSICS LAB,20ITL202/ELL01 COMMUNICATIVE ENGLISH LAB,20ITL203 PROBLEM SOLVING WITH PROGRAMMING LAB
y22ait404,AMRUTHAPUDI DEEPTHI,AMRUTHAPUDI NAGESWARA RAO,461,109,3.2,116,34,40,49,32,37,40,64,86,79,3.0,3.0,3.0,3.0,3.0,3.0,1.5,1.5,1.5,109,116,109,107,111,114,127,41,62,20IT201/MA02 NUMERICAL METHODS AND ADVANCED CALCULUS,20IT202/PH03 SEMICONDUCTOR PHYSICS,20IT203 COMMUNICATIVE ENGLISH,20IT204 PROGRAMMING FOR PROBLEM SOLVING,20IT205 DIGITAL LOGIC DESIGN,20IT206 DISCRETE MATHEMATICS,20ITL201/PHL01 SEMICONDUCTOR PHYSICS LAB,20ITL202/ELL01 COMMUNICATIVE ENGLISH LAB,20ITL203 PROBLEM SOLVING WITH PROGRAMMING LAB
y22ait405,APPANACHANIKYAMANIRAJ,APPANA GAJJIYYADORA,658,58,7.6,55,80,69,54,55,65,85,88,73,89,3.0,3.0,3.0,3.0,3.0,3.0,1.5,1.5,1.5,40,70,82,72,54,35,91,126,36,20IT201/MA02 NUMERICAL METHODS AND ADVANCED CALCULUS,20IT202/PH03 SEMICONDUCTOR PHYSICS,20IT203 COMMUNICATIVE ENGLISH,20IT204 PROGRAMMING FOR PROBLEM SOLVING,20IT205 DIGITAL LOGIC DESIGN,20IT206 DISCRETE MATHEMATICS,20ITL201/PHL01 SEMICONDUCTOR PHYSICS LAB,20ITL202/ELL01 COMMUNICATIVE ENGLISH LAB,20ITL203 PROBLEM SOLVING WITH PROGRAMMING LAB
y22ait406,AVUGADDI CHANDRIKA,AVUGADDI MALLESWARA RAO,802,3,9.53,2,92,93,75,83,93,92,95,84,95,3.0,3.0,3.0,3.0,3.0,3.0,1.5,1.5,1.5,13,7,14,6,2,18,19,54,10,20IT201/MA02 NUMERICAL METHODS AND ADVANCED CALCULUS,20IT202/PH03 SEMICONDUCTOR PHYSICS,20IT203 COMMUNICATIVE ENGLISH,20IT204 PROGRAMMING FOR PROBLEM SOLVING,20IT205 DIGITAL LOGIC DESIGN,20IT206 DISCRETE MATHEMATICS,20ITL201/PHL01 SEMICONDUCTOR PHYSICS LAB,20ITL202/ELL01 COMMUNICATIVE ENGLISH LAB,20ITL203 PROBLEM SOLVING WITH PROGRAMMING LAB
y22ait407,AVULA SAI KRISHNA,AVULA VENKATA PRASAD,259,126,1.67,126,21,0,41,0,0,0,77,80,40,3.0,3.0,3.0,3.0,3.0,3.0,1.5,1.5,1.5,122,121,125,126,128,128,121,94,123,20IT201/MA02 NUMERICAL METHODS AND ADVANCED CALCULUS,20IT202/PH03 SEMICONDUCTOR PHYSICS,20IT203 COMMUNICATIVE ENGLISH,20IT204 PROGRAMMING FOR PROBLEM SOLVING,20IT205 DIGITAL LOGIC DESIGN,20IT206 DISCRETE MATHEMATICS,20ITL201/PHL01 SEMICONDUCTOR PHYSICS LAB,20ITL202/ELL01 COMMUNICATIVE ENGLISH LAB,20ITL203 PROBLEM SOLVING WITH PROGRAMMING LAB
y22ait408,BACHIMANCHI SAI DURGA BHARADWAJ,BACHIMANCHI VENKATA BHASKAR BABU,747,23,8.73,23,90,88,70,65,77,86,92,84,95,3.0,3.0,3.0,3.0,3.0,3.0,1.5,1.5,1.5,18,16,28,42,21,33,58,61,7,20IT201/MA02 NUMERICAL METHODS AND ADVANCED CALCULUS,20IT202/PH03 SEMICONDUCTOR PHYSICS,20IT203 COMMUNICATIVE ENGLISH,20IT204 PROGRAMMING FOR PROBLEM SOLVING,20IT205 DIGITAL LOGIC DESIGN,20IT206 DISCRETE MATHEMATICS,20ITL201/PHL01 SEMICONDUCTOR PHYSICS LAB,20ITL202/ELL01 COMMUNICATIVE ENGLISH LAB,20ITL203 PROBLEM SOLVING WITH PROGRAMMING LAB
y22ait409,BATHULA SOWMYA,BATHULA NAGARAJU,722,32,8.4,34,83,75,75,68,71,84,87,85,94,3.0,3.0,3.0,3.0,3.0,3.0,1.5,1.5,1.5,35,55,11,35,37,39,94,44,17,20IT201/MA02 NUMERICAL METHODS AND ADVANCED CALCULUS,20IT202/PH03 SEMICONDUCTOR PHYSICS,20IT203 COMMUNICATIVE ENGLISH,20IT204 PROGRAMMING FOR PROBLEM SOLVING,20IT205 DIGITAL LOGIC DESIGN,20IT206 DISCRETE MATHEMATICS,20ITL201/PHL01 SEMICONDUCTOR PHYSICS LAB,20ITL202/ELL01 COMMUNICATIVE ENGLISH LAB,20ITL203 PROBLEM SOLVING WITH PROGRAMMING LAB
y22ait410,BETHAPUDI DIVAKAR,BETHAPUDI KOTESWARA RAO,609,76,7.13,72,65,60,51,50,61,62,87,85,88,3.0,3.0,3.0,3.0,3.0,3.0,1.5,1.5,1.5,67,86,98,85,67,84,93,42,38,IT153 CP Lab,IT121 Mathematics - II,IT122 Engg. Physics - II,IT123 Engg. Chemistry-II,IT124 DLD,IT125 Env. Studies,IT126 Engg. Graphics,IT161 Phy & Chem Lab - II,IT162 English Language Lab
y22ait411,BHEEMIREDDI SAI CHANDU,BHEEMIREDDI MAHALAKSHMI,745,24,8.67,28,88,86,61,66,83,93,94,79,95,3.0,3.0,3.0,3.0,3.0,3.0,1.5,1.5,1.5,24,22,61,41,9,14,36,98,14,20IT201/MA02 NUMERICAL METHODS AND ADVANCED CALCULUS,20IT202/PH03 SEMICONDUCTOR PHYSICS,20IT203 COMMUNICATIVE ENGLISH,20IT204 PROGRAMMING FOR PROBLEM SOLVING,20IT205 DIGITAL LOGIC DESIGN,20IT206 DISCRETE MATHEMATICS,20ITL201/PHL01 SEMICONDUCTOR PHYSICS LAB,20ITL202/ELL01 COMMUNICATIVE ENGLISH LAB,20ITL203 PROBLEM SOLVING WITH PROGRAMMING LAB
y22ait412,BILLA CEPHAS SUMANTH,BILLA MOSES,416,117,3.53,112,43,40,45,0,37,53,80,78,40,3.0,3.0,3.0,3.0,3.0,3.0,1.5,1.5,1.5,101,117,118,119,109,101,117,111,122,20IT201/MA02 NUMERICAL METHODS AND ADVANCED CALCULUS,20IT202/PH03 SEMICONDUCTOR PHYSICS,20IT203 COMMUNICATIVE ENGLISH,20IT204 PROGRAMMING FOR PROBLEM SOLVING,20IT205 DIGITAL LOGIC DESIGN,20IT206 DISCRETE MATHEMATICS,20ITL201/PHL01 SEMICONDUCTOR PHYSICS LAB,20ITL202/ELL01 COMMUNICATIVE ENGLISH LAB,20ITL203 PROBLEM SOLVING WITH PROGRAMMING LAB
y22ait413,BODDU LAKSHMI LAVANYA,BODDU BALACHANDRA RAO,617,74,7.2,71,54,67,54,55,70,72,89,80,76,3.0,3.0,3.0,3.0,3.0,3.0,1.5,1.5,1.5,85,74,87,71,40,67,86,89,71,20IT201/MA02 NUMERICAL METHODS AND ADVANCED CALCULUS,20IT202/PH03 SEMICONDUCTOR PHYSICS,20IT203 COMMUNICATIVE ENGLISH,20IT204 PROGRAMMING FOR PROBLEM SOLVING,20IT205 DIGITAL LOGIC DESIGN,20IT206 DISCRETE MATHEMATICS,20ITL201/PHL01 SEMICONDUCTOR PHYSICS LAB,20ITL202/ELL01 COMMUNICATIVE ENGLISH LAB,20ITL203 PROBLEM SOLVING WITH PROGRAMMING LAB
y22ait414,BORRA MONIKA,BORRA SRINIVASA RAO,579,86,6.4,86,57,57,56,45,51,51,94,91,77,3.0,3.0,3.0,3.0,3.0,3.0,1.5,1.5,1.5,81,89,79,97,91,104,27,9,65,20IT201/MA02 NUMERICAL METHODS AND ADVANCED CALCULUS,20IT202/PH03 SEMICONDUCTOR PHYSICS,20IT203 COMMUNICATIVE ENGLISH,20IT204 PROGRAMMING FOR PROBLEM SOLVING,20IT205 DIGITAL LOGIC DESIGN,20IT206 DISCRETE MATHEMATICS,20ITL201/PHL01 SEMICONDUCTOR PHYSICS LAB,20ITL202/ELL01 COMMUNICATIVE ENGLISH LAB,20ITL203 PROBLEM SOLVING WITH PROGRAMMING LAB
y22ait415,BOYINA RAGESWARA RAO,BOYINA VENKATA LKSHMINARAYANA,477,107,4.8,102,0,47,45,51,45,59,77,78,75,3.0,3.0,3.0,3.0,3.0,3.0,1.5,1.5,1.5,125,107,119,82,100,90,120,109,76,20IT201/MA02 NUMERICAL METHODS AND ADVANCED CALCULUS,20IT202/PH03 SEMICONDUCTOR PHYSICS,20IT203 COMMUNICATIVE ENGLISH,20IT204 PROGRAMMING FOR PROBLEM SOLVING,20IT205 DIGITAL LOGIC DESIGN,20IT206 DISCRETE MATHEMATICS,20ITL201/PHL01 SEMICONDUCTOR PHYSICS LAB,20ITL202/ELL01 COMMUNICATIVE ENGLISH LAB,20ITL203 PROBLEM SOLVING WITH PROGRAMMING LAB
y22ait416,BUBATHULA SAI GOPAL,BUBATTULA RANGA RAO,276,125,1.2,128,30,0,0,0,33,0,82,87,44,3.0,3.0,3.0,3.0,3.0,3.0,1.5,1.5,1.5,119,124,128,128,116,120,114,29,115,20IT201/MA02 NUMERICAL METHODS AND ADVANCED CALCULUS,20IT202/PH03 SEMICONDUCTOR PHYSICS,20IT203 COMMUNICATIVE ENGLISH,20IT204 PROGRAMMING FOR PROBLEM SOLVING,20IT205 DIGITAL LOGIC DESIGN,20IT206 DISCRETE MATHEMATICS,20ITL201/PHL01 SEMICONDUCTOR PHYSICS LAB,20ITL202/ELL01 COMMUNICATIVE ENGLISH LAB,20ITL203 PROBLEM SOLVING WITH PROGRAMMING LAB
y22ait417,CHAPARLA SRILAKSHMI,CHAPARLA NARESH,583,83,6.73,80,53,54,62,44,70,55,90,84,71,3.0,3.0,3.0,3.0,3.0,3.0,1.5,1.5,1.5,86,96,57,98,41,98,76,56,86,20IT201/MA02 NUMERICAL METHODS AND ADVANCED CALCULUS,20IT202/PH03 SEMICONDUCTOR PHYSICS,20IT203 COMMUNICATIVE ENGLISH,20IT204 PROGRAMMING FOR PROBLEM SOLVING,20IT205 DIGITAL LOGIC DESIGN,20IT206 DISCRETE MATHEMATICS,20ITL201/PHL01 SEMICONDUCTOR PHYSICS LAB,20ITL202/ELL01 COMMUNICATIVE ENGLISH LAB,20ITL203 PROBLEM SOLVING WITH PROGRAMMING LAB
y22ait418,CHEEKATI DEVARAJU,CHEEKATI NAGESWARA RAO,292,124,1.6,127,32,0,44,0,22,0,85,69,40,3.0,3.0,3.0,3.0,3.0,3.0,1.5,1.5,1.5,114,125,122,123,124,124,108,129,120,20IT201/MA02 NUMERICAL METHODS AND ADVANCED CALCULUS,20IT202/PH03 SEMICONDUCTOR PHYSICS,20IT203 COMMUNICATIVE ENGLISH,20IT204 PROGRAMMING FOR PROBLEM SOLVING,20IT205 DIGITAL LOGIC DESIGN,20IT206 DISCRETE MATHEMATICS,20ITL201/PHL01 SEMICONDUCTOR PHYSICS LAB,20ITL202/ELL01 COMMUNICATIVE ENGLISH LAB,20ITL203 PROBLEM SOLVING WITH PROGRAMMING LAB
y22ait419,CHEGONDI HAMPI NAGA SOWMYA,CHEGONDI SRINIVASA RAO,788,4,9.27,3,96,84,73,84,84,90,97,85,95,3.0,3.0,3.0,3.0,3.0,3.0,1.5,1.5,1.5,7,28,19,4,8,24,6,49,9,20IT201/MA02 NUMERICAL METHODS AND ADVANCED CALCULUS,20IT202/PH03 SEMICONDUCTOR PHYSICS,20IT203 COMMUNICATIVE ENGLISH,20IT204 PROGRAMMING FOR PROBLEM SOLVING,20IT205 DIGITAL LOGIC DESIGN,20IT206 DISCRETE MATHEMATICS,20ITL201/PHL01 SEMICONDUCTOR PHYSICS LAB,20ITL202/ELL01 COMMUNICATIVE ENGLISH LAB,20ITL203 PROBLEM SOLVING WITH PROGRAMMING LAB
y22ait420,CHERUKU VAMSI MANOJ,CHERUKU MADHUSUDANA RAO,525,98,5.0,100,46,43,52,48,39,55,91,81,70,3.0,3.0,3.0,3.0,3.0,3.0,1.5,1.5,1.5,97,112,96,89,106,99,71,88,91,20IT201/MA02 NUMERICAL METHODS AND ADVANCED CALCULUS,20IT202/PH03 SEMICONDUCTOR PHYSICS,20IT203 COMMUNICATIVE ENGLISH,20IT204 PROGRAMMING FOR PROBLEM SOLVING,20IT205 DIGITAL LOGIC DESIGN,20IT206 DISCRETE MATHEMATICS,20ITL201/PHL01 SEMICONDUCTOR PHYSICS LAB,20ITL202/ELL01 COMMUNICATIVE ENGLISH LAB,20ITL203 PROBLEM SOLVING WITH PROGRAMMING LAB
y22ait421,CHERUKURI BABYJAHNAVI,CHERUKURI LAKSHMI RAMANJANEYULU,663,55,7.47,60,78,76,69,62,56,69,88,89,76,3.0,3.0,3.0,3.0,3.0,3.0,1.5,1.5,1.5,45,50,30,48,79,71,87,15,69,20IT201/MA02 NUMERICAL METHODS AND ADVANCED CALCULUS,20IT202/PH03 SEMICONDUCTOR PHYSICS,20IT203 COMMUNICATIVE ENGLISH,20IT204 PROGRAMMING FOR PROBLEM SOLVING,20IT205 DIGITAL LOGIC DESIGN,20IT206 DISCRETE MATHEMATICS,20ITL201/PHL01 SEMICONDUCTOR PHYSICS LAB,20ITL202/ELL01 COMMUNICATIVE ENGLISH LAB,20ITL203 PROBLEM SOLVING WITH PROGRAMMING LAB
y22ait422,DANDU ADITHYA VARMA,DANDU NAGARAJU,708,39,8.33,38,73,71,64,72,76,82,91,84,95,3.0,3.0,3.0,3.0,3.0,3.0,1.5,1.5,1.5,54,61,43,24,26,43,73,57,8,20IT201/MA02 NUMERICAL METHODS AND ADVANCED CALCULUS,20IT202/PH03 SEMICONDUCTOR PHYSICS,20IT203 COMMUNICATIVE ENGLISH,20IT204 PROGRAMMING FOR PROBLEM SOLVING,20IT205 DIGITAL LOGIC DESIGN,20IT206 DISCRETE MATHEMATICS,20ITL201/PHL01 SEMICONDUCTOR PHYSICS LAB,20ITL202/ELL01 COMMUNICATIVE ENGLISH LAB,20ITL203 PROBLEM SOLVING WITH PROGRAMMING LAB
y22ait423,DIBBAGALA CHINNA KHASIM,D HUSSENAIAH,608,78,6.93,75,58,53,52,51,63,69,94,82,86,3.0,3.0,3.0,3.0,3.0,3.0,1.5,1.5,1.5,80,99,97,80,59,73,34,71,49,20IT201/MA02 NUMERICAL METHODS AND ADVANCED CALCULUS,20IT202/PH03 SEMICONDUCTOR PHYSICS,20IT203 COMMUNICATIVE ENGLISH,20IT204 PROGRAMMING FOR PROBLEM SOLVING,20IT205 DIGITAL LOGIC DESIGN,20IT206 DISCRETE MATHEMATICS,20ITL201/PHL01 SEMICONDUCTOR PHYSICS LAB,20ITL202/ELL01 COMMUNICATIVE ENGLISH LAB,20ITL203 PROBLEM SOLVING WITH PROGRAMMING LAB
y22ait424,ERIGINABOINA MANIKANTA MURALI,ERIGINABOINA SRINIVASA RAO,646,63,7.47,59,61,73,58,62,65,77,85,79,86,3.0,3.0,3.0,3.0,3.0,3.0,1.5,1.5,1.5,76,58,73,47,55,53,110,102,46,20IT201/MA02 NUMERICAL METHODS AND ADVANCED CALCULUS,20IT202/PH03 SEMICONDUCTOR PHYSICS,20IT203 COMMUNICATIVE ENGLISH,20IT204 PROGRAMMING FOR PROBLEM SOLVING,20IT205 DIGITAL LOGIC DESIGN,20IT206 DISCRETE MATHEMATICS,20ITL201/PHL01 SEMICONDUCTOR PHYSICS LAB,20ITL202/ELL01 COMMUNICATIVE ENGLISH LAB,20ITL203 PROBLEM SOLVING WITH PROGRAMMING LAB
y22ait425,GADDAM VENKATA ESWAR GOPI,GADDAM NARASIMHA RAO,430,114,3.27,113,34,0,40,22,49,48,87,84,66,3.0,3.0,3.0,3.0,3.0,3.0,1.5,1.5,1.5,110,128,126,113,94,107,97,53,100,20IT201/MA02 NUMERICAL METHODS AND ADVANCED CALCULUS,20IT202/PH03 SEMICONDUCTOR PHYSICS,20IT203 COMMUNICATIVE ENGLISH,20IT204 PROGRAMMING FOR PROBLEM SOLVING,20IT205 DIGITAL LOGIC DESIGN,20IT206 DISCRETE MATHEMATICS,20ITL201/PHL01 SEMICONDUCTOR PHYSICS LAB,20ITL202/ELL01 COMMUNICATIVE ENGLISH LAB,20ITL203 PROBLEM SOLVING WITH PROGRAMMING LAB
y22ait426,GADE RAVI TEJA,GADE SRINIVASA RAO,660,56,7.53,57,71,62,48,59,64,92,92,82,90,3.0,3.0,3.0,3.0,3.0,3.0,1.5,1.5,1.5,57,83,112,58,57,16,53,74,32,20IT201/MA02 NUMERICAL METHODS AND ADVANCED CALCULUS,20IT202/PH03 SEMICONDUCTOR PHYSICS,20IT203 COMMUNICATIVE ENGLISH,20IT204 PROGRAMMING FOR PROBLEM SOLVING,20IT205 DIGITAL LOGIC DESIGN,20IT206 DISCRETE MATHEMATICS,20ITL201/PHL01 SEMICONDUCTOR PHYSICS LAB,20ITL202/ELL01 COMMUNICATIVE ENGLISH LAB,20ITL203 PROBLEM SOLVING WITH PROGRAMMING LAB
y22ait427,GAJAVELLI ANIL KUMAR,GAJAVELLI MALLIKARJUNA RAO,525,97,6.0,95,46,55,60,45,53,63,69,82,52,3.0,3.0,3.0,3.0,3.0,3.0,1.5,1.5,1.5,96,95,66,95,87,81,125,80,113,20IT201/MA02 NUMERICAL METHODS AND ADVANCED CALCULUS,20IT202/PH03 SEMICONDUCTOR PHYSICS,20IT203 COMMUNICATIVE ENGLISH,20IT204 PROGRAMMING FOR PROBLEM SOLVING,20IT205 DIGITAL LOGIC DESIGN,20IT206 DISCRETE MATHEMATICS,20ITL201/PHL01 SEMICONDUCTOR PHYSICS LAB,20ITL202/ELL01 COMMUNICATIVE ENGLISH LAB,20ITL203 PROBLEM SOLVING WITH PROGRAMMING LAB
y22ait428,GAVINI VENU GOPAL,GAVINI SOMAIAH,743,27,8.73,22,97,84,68,61,72,95,94,82,90,3.0,3.0,3.0,3.0,3.0,3.0,1.5,1.5,1.5,4,29,33,52,32,7,38,77,31,20IT201/MA02 NUMERICAL METHODS AND ADVANCED CALCULUS,20IT202/PH03 SEMICONDUCTOR PHYSICS,20IT203 COMMUNICATIVE ENGLISH,20IT204 PROGRAMMING FOR PROBLEM SOLVING,20IT205 DIGITAL LOGIC DESIGN,20IT206 DISCRETE MATHEMATICS,20ITL201/PHL01 SEMICONDUCTOR PHYSICS LAB,20ITL202/ELL01 COMMUNICATIVE ENGLISH LAB,20ITL203 PROBLEM SOLVING WITH PROGRAMMING LAB
y22ait429,GAYAM GOVARDHAN REDDY,GAYAM NARSIREDDY,252,127,1.8,124,0,0,57,0,18,0,63,76,38,3.0,3.0,3.0,3.0,3.0,3.0,1.5,1.5,1.5,127,119,75,127,125,125,128,119,125,20IT201/MA02 NUMERICAL METHODS AND ADVANCED CALCULUS,20IT202/PH03 SEMICONDUCTOR PHYSICS,20IT203 COMMUNICATIVE ENGLISH,20IT204 PROGRAMMING FOR PROBLEM SOLVING,20IT205 DIGITAL LOGIC DESIGN,20IT206 DISCRETE MATHEMATICS,20ITL201/PHL01 SEMICONDUCTOR PHYSICS LAB,20ITL202/ELL01 COMMUNICATIVE ENGLISH LAB,20ITL203 PROBLEM SOLVING WITH PROGRAMMING LAB
y22ait430,GOGANA MANIKANTA,GOGANA SRINIVASA RAO,356,120,2.4,119,17,42,56,24,25,0,75,79,38,3.0,3.0,3.0,3.0,3.0,3.0,1.5,1.5,1.5,124,115,76,111,121,122,122,107,126,20IT201/MA02 NUMERICAL METHODS AND ADVANCED CALCULUS,20IT202/PH03 SEMICONDUCTOR PHYSICS,20IT203 COMMUNICATIVE ENGLISH,20IT204 PROGRAMMING FOR PROBLEM SOLVING,20IT205 DIGITAL LOGIC DESIGN,20IT206 DISCRETE MATHEMATICS,20ITL201/PHL01 SEMICONDUCTOR PHYSICS LAB,20ITL202/ELL01 COMMUNICATIVE ENGLISH LAB,20ITL203 PROBLEM SOLVING WITH PROGRAMMING LAB
y22ait431,GOKANABOINA VENKATESWARLU,GOKANABOINA GALLAIAH,702,41,8.27,40,86,87,64,75,66,86,93,75,70,3.0,3.0,3.0,3.0,3.0,3.0,1.5,1.5,1.5,29,20,45,16,50,32,47,121,89,20IT201/MA02 NUMERICAL METHODS AND ADVANCED CALCULUS,20IT202/PH03 SEMICONDUCTOR PHYSICS,20IT203 COMMUNICATIVE ENGLISH,20IT204 PROGRAMMING FOR PROBLEM SOLVING,20IT205 DIGITAL LOGIC DESIGN,20IT206 DISCRETE MATHEMATICS,20ITL201/PHL01 SEMICONDUCTOR PHYSICS LAB,20ITL202/ELL01 COMMUNICATIVE ENGLISH LAB,20ITL203 PROBLEM SOLVING WITH PROGRAMMING LAB
y22ait432,GOPANABOINA PREM KUMAR,GOPANABOINA RAMBABU,669,53,7.47,61,66,76,75,48,63,76,95,82,88,3.0,3.0,3.0,3.0,3.0,3.0,1.5,1.5,1.5,65,49,9,87,60,57,22,72,41,20IT201/MA02 NUMERICAL METHODS AND ADVANCED CALCULUS,20IT202/PH03 SEMICONDUCTOR PHYSICS,20IT203 COMMUNICATIVE ENGLISH,20IT204 PROGRAMMING FOR PROBLEM SOLVING,20IT205 DIGITAL LOGIC DESIGN,20IT206 DISCRETE MATHEMATICS,20ITL201/PHL01 SEMICONDUCTOR PHYSICS LAB,20ITL202/ELL01 COMMUNICATIVE ENGLISH LAB,20ITL203 PROBLEM SOLVING WITH PROGRAMMING LAB
y22ait433,GUDIPUDI ANKITA,GUDIPUDI ADAM,756,20,8.87,16,95,81,68,65,85,92,94,82,94,3.0,3.0,3.0,3.0,3.0,3.0,1.5,1.5,1.5,9,37,32,43,7,19,40,79,18,20IT201/MA02 NUMERICAL METHODS AND ADVANCED CALCULUS,20IT202/PH03 SEMICONDUCTOR PHYSICS,20IT203 COMMUNICATIVE ENGLISH,20IT204 PROGRAMMING FOR PROBLEM SOLVING,20IT205 DIGITAL LOGIC DESIGN,20IT206 DISCRETE MATHEMATICS,20ITL201/PHL01 SEMICONDUCTOR PHYSICS LAB,20ITL202/ELL01 COMMUNICATIVE ENGLISH LAB,20ITL203 PROBLEM SOLVING WITH PROGRAMMING LAB
y22ait434,GUJJARLAPUDI CHARAN,GUJJARLAPUDI ESWAR KUMAR,377,118,2.93,118,43,0,50,29,25,45,66,81,38,3.0,3.0,3.0,3.0,3.0,3.0,1.5,1.5,1.5,104,122,104,110,120,110,126,82,127,20IT201/MA02 NUMERICAL METHODS AND ADVANCED CALCULUS,20IT202/PH03 SEMICONDUCTOR PHYSICS,20IT203 COMMUNICATIVE ENGLISH,20IT204 PROGRAMMING FOR PROBLEM SOLVING,20IT205 DIGITAL LOGIC DESIGN,20IT206 DISCRETE MATHEMATICS,20ITL201/PHL01 SEMICONDUCTOR PHYSICS LAB,20ITL202/ELL01 COMMUNICATIVE ENGLISH LAB,20ITL203 PROBLEM SOLVING WITH PROGRAMMING LAB
y22ait435,GUNTURU VASUMA,GUNTURU LAKSHMANA RAO,776,8,9.13,8,96,87,70,73,83,90,94,88,95,3.0,3.0,3.0,3.0,3.0,3.0,1.5,1.5,1.5,8,19,26,19,10,23,37,24,11,20IT201/MA02 NUMERICAL METHODS AND ADVANCED CALCULUS,20IT202/PH03 SEMICONDUCTOR PHYSICS,20IT203 COMMUNICATIVE ENGLISH,20IT204 PROGRAMMING FOR PROBLEM SOLVING,20IT205 DIGITAL LOGIC DESIGN,20IT206 DISCRETE MATHEMATICS,20ITL201/PHL01 SEMICONDUCTOR PHYSICS LAB,20ITL202/ELL01 COMMUNICATIVE ENGLISH LAB,20ITL203 PROBLEM SOLVING WITH PROGRAMMING LAB
y22ait436,IMMADISETTI PAVANI,IMMADISETTI SUNDARA RAMAIAH,750,21,8.73,26,90,88,72,73,66,89,93,85,94,3.0,3.0,3.0,3.0,3.0,3.0,1.5,1.5,1.5,19,17,20,21,52,26,44,48,16,20IT201/MA02 NUMERICAL METHODS AND ADVANCED CALCULUS,20IT202/PH03 SEMICONDUCTOR PHYSICS,20IT203 COMMUNICATIVE ENGLISH,20IT204 PROGRAMMING FOR PROBLEM SOLVING,20IT205 DIGITAL LOGIC DESIGN,20IT206 DISCRETE MATHEMATICS,20ITL201/PHL01 SEMICONDUCTOR PHYSICS LAB,20ITL202/ELL01 COMMUNICATIVE ENGLISH LAB,20ITL203 PROBLEM SOLVING WITH PROGRAMMING LAB
y22ait437,JALLI KEERTHI,JALLI PHILIP,468,108,4.27,107,43,52,48,22,33,51,82,84,53,3.0,3.0,3.0,3.0,3.0,3.0,1.5,1.5,1.5,102,102,110,114,115,103,113,59,112,20IT201/MA02 NUMERICAL METHODS AND ADVANCED CALCULUS,20IT202/PH03 SEMICONDUCTOR PHYSICS,20IT203 COMMUNICATIVE ENGLISH,20IT204 PROGRAMMING FOR PROBLEM SOLVING,20IT205 DIGITAL LOGIC DESIGN,20IT206 DISCRETE MATHEMATICS,20ITL201/PHL01 SEMICONDUCTOR PHYSICS LAB,20ITL202/ELL01 COMMUNICATIVE ENGLISH LAB,20ITL203 PROBLEM SOLVING WITH PROGRAMMING LAB
y22ait438,JANIPILLI JAYA KRISHNA KANTH,JANIPALLI SRINU,668,54,8.0,48,80,71,61,62,62,80,86,79,87,3.0,3.0,3.0,3.0,3.0,3.0,1.5,1.5,1.5,42,63,62,50,64,47,104,99,43,20IT201/MA02 NUMERICAL METHODS AND ADVANCED CALCULUS,20IT202/PH03 SEMICONDUCTOR PHYSICS,20IT203 COMMUNICATIVE ENGLISH,20IT204 PROGRAMMING FOR PROBLEM SOLVING,20IT205 DIGITAL LOGIC DESIGN,20IT206 DISCRETE MATHEMATICS,20ITL201/PHL01 SEMICONDUCTOR PHYSICS LAB,20ITL202/ELL01 COMMUNICATIVE ENGLISH LAB,20ITL203 PROBLEM SOLVING WITH PROGRAMMING LAB
y22ait439,JILLELLAMUDI NAVANEETH,JILLELLAMUDI SRINIVASA RAO,627,70,7.4,63,64,79,70,52,52,73,86,77,74,3.0,3.0,3.0,3.0,3.0,3.0,1.5,1.5,1.5,69,43,29,77,88,65,103,115,77,20IT201/MA02 NUMERICAL METHODS AND ADVANCED CALCULUS,20IT202/PH03 SEMICONDUCTOR PHYSICS,20IT203 COMMUNICATIVE ENGLISH,20IT204 PROGRAMMING FOR PROBLEM SOLVING,20IT205 DIGITAL LOGIC DESIGN,20IT206 DISCRETE MATHEMATICS,20ITL201/PHL01 SEMICONDUCTOR PHYSICS LAB,20ITL202/ELL01 COMMUNICATIVE ENGLISH LAB,20ITL203 PROBLEM SOLVING WITH PROGRAMMING LAB
y22ait440,KAKARAPARTHI PHANINDRA,KAKARAPARTHI RAMESH BABU,674,50,7.4,62,66,78,63,48,68,79,87,92,93,3.0,3.0,3.0,3.0,3.0,3.0,1.5,1.5,1.5,66,44,50,88,44,50,98,5,23,20IT201/MA02 NUMERICAL METHODS AND ADVANCED CALCULUS,20IT202/PH03 SEMICONDUCTOR PHYSICS,20IT203 COMMUNICATIVE ENGLISH,20IT204 PROGRAMMING FOR PROBLEM SOLVING,20IT205 DIGITAL LOGIC DESIGN,20IT206 DISCRETE MATHEMATICS,20ITL201/PHL01 SEMICONDUCTOR PHYSICS LAB,20ITL202/ELL01 COMMUNICATIVE ENGLISH LAB,20ITL203 PROBLEM SOLVING WITH PROGRAMMING LAB
y22ait441,KAMBHAM MANUDEEP,KAMBHAM PREMAIAH,428,115,3.27,114,31,43,54,30,44,26,81,73,46,3.0,3.0,3.0,3.0,3.0,3.0,1.5,1.5,1.5,116,111,84,109,101,117,115,125,114,20IT201/MA02 NUMERICAL METHODS AND ADVANCED CALCULUS,20IT202/PH03 SEMICONDUCTOR PHYSICS,20IT203 COMMUNICATIVE ENGLISH,20IT204 PROGRAMMING FOR PROBLEM SOLVING,20IT205 DIGITAL LOGIC DESIGN,20IT206 DISCRETE MATHEMATICS,20ITL201/PHL01 SEMICONDUCTOR PHYSICS LAB,20ITL202/ELL01 COMMUNICATIVE ENGLISH LAB,20ITL203 PROBLEM SOLVING WITH PROGRAMMING LAB
y22ait442,KAMMAM DEEPAK,KAMMAM MASTAN,456,110,3.93,110,43,50,49,18,36,43,84,79,54,3.0,3.0,3.0,3.0,3.0,3.0,1.5,1.5,1.5,103,104,108,115,112,112,111,101,110,20IT201/MA02 NUMERICAL METHODS AND ADVANCED CALCULUS,20IT202/PH03 SEMICONDUCTOR PHYSICS,20IT203 COMMUNICATIVE ENGLISH,20IT204 PROGRAMMING FOR PROBLEM SOLVING,20IT205 DIGITAL LOGIC DESIGN,20IT206 DISCRETE MATHEMATICS,20ITL201/PHL01 SEMICONDUCTOR PHYSICS LAB,20ITL202/ELL01 COMMUNICATIVE ENGLISH LAB,20ITL203 PROBLEM SOLVING WITH PROGRAMMING LAB
y22ait443,KARUMANCHI JASWANTH CHOWDARY,KARUMANCHI PREM CHAND BABU,628,69,7.27,69,57,70,62,59,53,75,87,70,95,3.0,3.0,3.0,3.0,3.0,3.0,1.5,1.5,1.5,83,67,54,61,84,60,101,128,15,20IT201/MA02 NUMERICAL METHODS AND ADVANCED CALCULUS,20IT202/PH03 SEMICONDUCTOR PHYSICS,20IT203 COMMUNICATIVE ENGLISH,20IT204 PROGRAMMING FOR PROBLEM SOLVING,20IT205 DIGITAL LOGIC DESIGN,20IT206 DISCRETE MATHEMATICS,20ITL201/PHL01 SEMICONDUCTOR PHYSICS LAB,20ITL202/ELL01 COMMUNICATIVE ENGLISH LAB,20ITL203 PROBLEM SOLVING WITH PROGRAMMING LAB
y22ait444,KARUMURI VENKATA SAI BHAVYA SRI,KARUMURI CHANDRA SEKHAR,613,75,6.67,81,38,77,73,62,56,70,91,81,65,3.0,3.0,3.0,3.0,3.0,3.0,1.5,1.5,1.5,107,47,18,49,77,70,68,86,101,20IT201/MA02 NUMERICAL METHODS AND ADVANCED CALCULUS,20IT202/PH03 SEMICONDUCTOR PHYSICS,20IT203 COMMUNICATIVE ENGLISH,20IT204 PROGRAMMING FOR PROBLEM SOLVING,20IT205 DIGITAL LOGIC DESIGN,20IT206 DISCRETE MATHEMATICS,20ITL201/PHL01 SEMICONDUCTOR PHYSICS LAB,20ITL202/ELL01 COMMUNICATIVE ENGLISH LAB,20ITL203 PROBLEM SOLVING WITH PROGRAMMING LAB
y22ait445,KASU NITHIN REDDY,KASU VENKATESWARA REDDY,779,7,8.87,15,97,89,63,76,78,96,96,86,98,3.0,3.0,3.0,3.0,3.0,3.0,1.5,1.5,1.5,6,14,49,15,20,6,14,35,3,20IT201/MA02 NUMERICAL METHODS AND ADVANCED CALCULUS,20IT202/PH03 SEMICONDUCTOR PHYSICS,20IT203 COMMUNICATIVE ENGLISH,20IT204 PROGRAMMING FOR PROBLEM SOLVING,20IT205 DIGITAL LOGIC DESIGN,20IT206 DISCRETE MATHEMATICS,20ITL201/PHL01 SEMICONDUCTOR PHYSICS LAB,20ITL202/ELL01 COMMUNICATIVE ENGLISH LAB,20ITL203 PROBLEM SOLVING WITH PROGRAMMING LAB
y22ait446,KATTI VINAY KUMAR,KATI VENKATA ANJANEYULU,743,25,8.67,27,92,78,71,67,76,95,95,87,82,3.0,3.0,3.0,3.0,3.0,3.0,1.5,1.5,1.5,14,45,22,37,25,9,21,30,53,20IT201/MA02 NUMERICAL METHODS AND ADVANCED CALCULUS,20IT202/PH03 SEMICONDUCTOR PHYSICS,20IT203 COMMUNICATIVE ENGLISH,20IT204 PROGRAMMING FOR PROBLEM SOLVING,20IT205 DIGITAL LOGIC DESIGN,20IT206 DISCRETE MATHEMATICS,20ITL201/PHL01 SEMICONDUCTOR PHYSICS LAB,20ITL202/ELL01 COMMUNICATIVE ENGLISH LAB,20ITL203 PROBLEM SOLVING WITH PROGRAMMING LAB
y22ait447,KESANUPALLI MEGHANA,KESANUPALLI PRASADARAO,736,28,8.47,31,98,81,76,59,65,80,96,88,93,3.0,3.0,3.0,3.0,3.0,3.0,1.5,1.5,1.5,3,36,8,60,53,48,10,22,20,20IT201/MA02 NUMERICAL METHODS AND ADVANCED CALCULUS,20IT202/PH03 SEMICONDUCTOR PHYSICS,20IT203 COMMUNICATIVE ENGLISH,20IT204 PROGRAMMING FOR PROBLEM SOLVING,20IT205 DIGITAL LOGIC DESIGN,20IT206 DISCRETE MATHEMATICS,20ITL201/PHL01 SEMICONDUCTOR PHYSICS LAB,20ITL202/ELL01 COMMUNICATIVE ENGLISH LAB,20ITL203 PROBLEM SOLVING WITH PROGRAMMING LAB
y22ait448,KETHA GEETHIKA,KETHA PHANIKUMAR,636,67,7.0,74,63,68,59,46,63,79,88,85,85,3.0,3.0,3.0,3.0,3.0,3.0,1.5,1.5,1.5,72,72,68,91,62,51,88,43,51,20IT201/MA02 NUMERICAL METHODS AND ADVANCED CALCULUS,20IT202/PH03 SEMICONDUCTOR PHYSICS,20IT203 COMMUNICATIVE ENGLISH,20IT204 PROGRAMMING FOR PROBLEM SOLVING,20IT205 DIGITAL LOGIC DESIGN,20IT206 DISCRETE MATHEMATICS,20ITL201/PHL01 SEMICONDUCTOR PHYSICS LAB,20ITL202/ELL01 COMMUNICATIVE ENGLISH LAB,20ITL203 PROBLEM SOLVING WITH PROGRAMMING LAB
y22ait449,KETHAVARAPU VINAY KUMAR,MALLAIAH,609,77,6.87,78,49,66,60,59,53,73,88,81,80,3.0,3.0,3.0,3.0,3.0,3.0,1.5,1.5,1.5,93,76,65,59,86,62,89,85,56,20IT201/MA02 NUMERICAL METHODS AND ADVANCED CALCULUS,20IT202/PH03 SEMICONDUCTOR PHYSICS,20IT203 COMMUNICATIVE ENGLISH,20IT204 PROGRAMMING FOR PROBLEM SOLVING,20IT205 DIGITAL LOGIC DESIGN,20IT206 DISCRETE MATHEMATICS,20ITL201/PHL01 SEMICONDUCTOR PHYSICS LAB,20ITL202/ELL01 COMMUNICATIVE ENGLISH LAB,20ITL203 PROBLEM SOLVING WITH PROGRAMMING LAB
y22ait450,KODI MUDDU KRISHNA,KODI RAMA KUMAR,578,87,6.27,88,49,61,58,47,50,58,81,84,90,3.0,3.0,3.0,3.0,3.0,3.0,1.5,1.5,1.5,91,85,70,90,92,91,116,52,30,20IT201/MA02 NUMERICAL METHODS AND ADVANCED CALCULUS,20IT202/PH03 SEMICONDUCTOR PHYSICS,20IT203 COMMUNICATIVE ENGLISH,20IT204 PROGRAMMING FOR PROBLEM SOLVING,20IT205 DIGITAL LOGIC DESIGN,20IT206 DISCRETE MATHEMATICS,20ITL201/PHL01 SEMICONDUCTOR PHYSICS LAB,20ITL202/ELL01 COMMUNICATIVE ENGLISH LAB,20ITL203 PROBLEM SOLVING WITH PROGRAMMING LAB
y22ait451,KODIREKKA NITHIN,KODIREKKA JOSEPH,454,111,3.6,111,32,45,50,23,48,48,85,80,43,3.0,3.0,3.0,3.0,3.0,3.0,1.5,1.5,1.5,115,109,106,112,95,108,107,92,117,20IT201/MA02 NUMERICAL METHODS AND ADVANCED CALCULUS,20IT202/PH03 SEMICONDUCTOR PHYSICS,20IT203 COMMUNICATIVE ENGLISH,20IT204 PROGRAMMING FOR PROBLEM SOLVING,20IT205 DIGITAL LOGIC DESIGN,20IT206 DISCRETE MATHEMATICS,20ITL201/PHL01 SEMICONDUCTOR PHYSICS LAB,20ITL202/ELL01 COMMUNICATIVE ENGLISH LAB,20ITL203 PROBLEM SOLVING WITH PROGRAMMING LAB
y22ait452,KODURIVINAYKUMAR,KODURI SRINIVASARAO,329,122,2.2,122,33,0,49,0,44,0,85,79,39,3.0,3.0,3.0,3.0,3.0,3.0,1.5,1.5,1.5,111,127,107,122,104,123,109,103,124,20IT201/MA02 NUMERICAL METHODS AND ADVANCED CALCULUS,20IT202/PH03 SEMICONDUCTOR PHYSICS,20IT203 COMMUNICATIVE ENGLISH,20IT204 PROGRAMMING FOR PROBLEM SOLVING,20IT205 DIGITAL LOGIC DESIGN,20IT206 DISCRETE MATHEMATICS,20ITL201/PHL01 SEMICONDUCTOR PHYSICS LAB,20ITL202/ELL01 COMMUNICATIVE ENGLISH LAB,20ITL203 PROBLEM SOLVING WITH PROGRAMMING LAB
y22ait453,KOLLA SAI KIRAN,KOLLA VENKATA RAMAIAH,243,128,1.67,125,0,0,44,0,15,0,73,80,31,3.0,3.0,3.0,3.0,3.0,3.0,1.5,1.5,1.5,128,120,120,121,126,126,123,90,128,20IT201/MA02 NUMERICAL METHODS AND ADVANCED CALCULUS,20IT202/PH03 SEMICONDUCTOR PHYSICS,20IT203 COMMUNICATIVE ENGLISH,20IT204 PROGRAMMING FOR PROBLEM SOLVING,20IT205 DIGITAL LOGIC DESIGN,20IT206 DISCRETE MATHEMATICS,20ITL201/PHL01 SEMICONDUCTOR PHYSICS LAB,20ITL202/ELL01 COMMUNICATIVE ENGLISH LAB,20ITL203 PROBLEM SOLVING WITH PROGRAMMING LAB
y22ait454,KOLLIPARA CHARU VIKRAMA DATTA,KOLLIPARA RADHA KRISHNA MURTHY,782,6,9.13,9,97,85,71,79,86,92,94,83,95,3.0,3.0,3.0,3.0,3.0,3.0,1.5,1.5,1.5,5,26,23,12,5,17,32,63,13,20IT201/MA02 NUMERICAL METHODS AND ADVANCED CALCULUS,20IT202/PH03 SEMICONDUCTOR PHYSICS,20IT203 COMMUNICATIVE ENGLISH,20IT204 PROGRAMMING FOR PROBLEM SOLVING,20IT205 DIGITAL LOGIC DESIGN,20IT206 DISCRETE MATHEMATICS,20ITL201/PHL01 SEMICONDUCTOR PHYSICS LAB,20ITL202/ELL01 COMMUNICATIVE ENGLISH LAB,20ITL203 PROBLEM SOLVING WITH PROGRAMMING LAB
y22ait455,KOMARALA GANDHI,KOMARALA PRASAD,718,35,8.33,35,73,81,75,72,69,76,96,86,90,3.0,3.0,3.0,3.0,3.0,3.0,1.5,1.5,1.5,55,34,12,29,42,58,11,37,28,20IT201/MA02 NUMERICAL METHODS AND ADVANCED CALCULUS,20IT202/PH03 SEMICONDUCTOR PHYSICS,20IT203 COMMUNICATIVE ENGLISH,20IT204 PROGRAMMING FOR PROBLEM SOLVING,20IT205 DIGITAL LOGIC DESIGN,20IT206 DISCRETE MATHEMATICS,20ITL201/PHL01 SEMICONDUCTOR PHYSICS LAB,20ITL202/ELL01 COMMUNICATIVE ENGLISH LAB,20ITL203 PROBLEM SOLVING WITH PROGRAMMING LAB
y22ait456,KOMMANABOYINA LAKSHMI PAVAN KALYAN,KOMMANABOYINA SRIHARI RAO,583,84,6.2,89,63,52,66,32,56,60,88,91,75,3.0,3.0,3.0,3.0,3.0,3.0,1.5,1.5,1.5,70,101,39,106,78,88,90,10,72,20IT201/MA02 NUMERICAL METHODS AND ADVANCED CALCULUS,20IT202/PH03 SEMICONDUCTOR PHYSICS,20IT203 COMMUNICATIVE ENGLISH,20IT204 PROGRAMMING FOR PROBLEM SOLVING,20IT205 DIGITAL LOGIC DESIGN,20IT206 DISCRETE MATHEMATICS,20ITL201/PHL01 SEMICONDUCTOR PHYSICS LAB,20ITL202/ELL01 COMMUNICATIVE ENGLISH LAB,20ITL203 PROBLEM SOLVING WITH PROGRAMMING LAB
y22ait457,KOMMANABOYINA VARUNBABU,KOMMANABOYINA RAVINDRA BABU,655,59,7.73,52,70,70,61,60,68,72,89,76,89,3.0,3.0,3.0,3.0,3.0,3.0,1.5,1.5,1.5,60,66,63,55,47,66,85,118,35,20IT201/MA02 NUMERICAL METHODS AND ADVANCED CALCULUS,20IT202/PH03 SEMICONDUCTOR PHYSICS,20IT203 COMMUNICATIVE ENGLISH,20IT204 PROGRAMMING FOR PROBLEM SOLVING,20IT205 DIGITAL LOGIC DESIGN,20IT206 DISCRETE MATHEMATICS,20ITL201/PHL01 SEMICONDUCTOR PHYSICS LAB,20ITL202/ELL01 COMMUNICATIVE ENGLISH LAB,20ITL203 PROBLEM SOLVING WITH PROGRAMMING LAB
y22ait458,KONDEPU ESWAR KUMAR,KNODEPU SANKAR RAO,669,52,7.8,51,66,80,53,57,78,86,91,80,78,3.0,3.0,3.0,3.0,3.0,3.0,1.5,1.5,1.5,64,38,95,66,19,34,72,95,64,20IT201/MA02 NUMERICAL METHODS AND ADVANCED CALCULUS,20IT202/PH03 SEMICONDUCTOR PHYSICS,20IT203 COMMUNICATIVE ENGLISH,20IT204 PROGRAMMING FOR PROBLEM SOLVING,20IT205 DIGITAL LOGIC DESIGN,20IT206 DISCRETE MATHEMATICS,20ITL201/PHL01 SEMICONDUCTOR PHYSICS LAB,20ITL202/ELL01 COMMUNICATIVE ENGLISH LAB,20ITL203 PROBLEM SOLVING WITH PROGRAMMING LAB
y22ait459,KONDRAGUNTA DEEPSIKA,KONDRAGUNTA RANGA RAO,647,62,7.4,64,53,71,58,63,76,69,91,77,89,3.0,3.0,3.0,3.0,3.0,3.0,1.5,1.5,1.5,87,60,72,46,24,74,66,117,34,20IT201/MA02 NUMERICAL METHODS AND ADVANCED CALCULUS,20IT202/PH03 SEMICONDUCTOR PHYSICS,20IT203 COMMUNICATIVE ENGLISH,20IT204 PROGRAMMING FOR PROBLEM SOLVING,20IT205 DIGITAL LOGIC DESIGN,20IT206 DISCRETE MATHEMATICS,20ITL201/PHL01 SEMICONDUCTOR PHYSICS LAB,20ITL202/ELL01 COMMUNICATIVE ENGLISH LAB,20ITL203 PROBLEM SOLVING WITH PROGRAMMING LAB
y22ait460,KONDRU SUREKHA,KONDRU KRISHNAIAH,560,92,6.2,91,49,50,53,46,61,69,90,74,68,3.0,3.0,3.0,3.0,3.0,3.0,1.5,1.5,1.5,90,103,91,92,65,72,75,123,94,20IT201/MA02 NUMERICAL METHODS AND ADVANCED CALCULUS,20IT202/PH03 SEMICONDUCTOR PHYSICS,20IT203 COMMUNICATIVE ENGLISH,20IT204 PROGRAMMING FOR PROBLEM SOLVING,20IT205 DIGITAL LOGIC DESIGN,20IT206 DISCRETE MATHEMATICS,20ITL201/PHL01 SEMICONDUCTOR PHYSICS LAB,20ITL202/ELL01 COMMUNICATIVE ENGLISH LAB,20ITL203 PROBLEM SOLVING WITH PROGRAMMING LAB
y22ait461,KOPPULA SRI SASI VARDHAN,KOPPULA RAMBABU,498,101,4.8,103,46,58,51,40,38,43,86,71,65,3.0,3.0,3.0,3.0,3.0,3.0,1.5,1.5,1.5,95,88,99,102,108,111,102,127,103,20IT201/MA02 NUMERICAL METHODS AND ADVANCED CALCULUS,20IT202/PH03 SEMICONDUCTOR PHYSICS,20IT203 COMMUNICATIVE ENGLISH,20IT204 PROGRAMMING FOR PROBLEM SOLVING,20IT205 DIGITAL LOGIC DESIGN,20IT206 DISCRETE MATHEMATICS,20ITL201/PHL01 SEMICONDUCTOR PHYSICS LAB,20ITL202/ELL01 COMMUNICATIVE ENGLISH LAB,20ITL203 PROBLEM SOLVING WITH PROGRAMMING LAB
y22ait462,KOTTE TARUNKUMAR,KOTTE RAVISHANKAR,344,121,2.13,123,33,0,43,0,44,28,78,78,40,3.0,3.0,3.0,3.0,3.0,3.0,1.5,1.5,1.5,112,126,123,124,103,116,119,112,121,20IT201/MA02 NUMERICAL METHODS AND ADVANCED CALCULUS,20IT202/PH03 SEMICONDUCTOR PHYSICS,20IT203 COMMUNICATIVE ENGLISH,20IT204 PROGRAMMING FOR PROBLEM SOLVING,20IT205 DIGITAL LOGIC DESIGN,20IT206 DISCRETE MATHEMATICS,20ITL201/PHL01 SEMICONDUCTOR PHYSICS LAB,20ITL202/ELL01 COMMUNICATIVE ENGLISH LAB,20ITL203 PROBLEM SOLVING WITH PROGRAMMING LAB
y22ait463,KROSURI GOPINADH,KROSURI RAJASEKHARA RAO,750,22,8.8,21,98,94,65,74,72,97,96,78,76,3.0,3.0,3.0,3.0,3.0,3.0,1.5,1.5,1.5,2,5,42,18,34,3,12,113,70,20IT201/MA02 NUMERICAL METHODS AND ADVANCED CALCULUS,20IT202/PH03 SEMICONDUCTOR PHYSICS,20IT203 COMMUNICATIVE ENGLISH,20IT204 PROGRAMMING FOR PROBLEM SOLVING,20IT205 DIGITAL LOGIC DESIGN,20IT206 DISCRETE MATHEMATICS,20ITL201/PHL01 SEMICONDUCTOR PHYSICS LAB,20ITL202/ELL01 COMMUNICATIVE ENGLISH LAB,20ITL203 PROBLEM SOLVING WITH PROGRAMMING LAB
y22ait464,KUNITI SAIKIRAN,KUNITI TRINADHA,724,30,8.6,29,88,73,62,90,68,92,92,74,85,3.0,3.0,3.0,3.0,3.0,3.0,1.5,1.5,1.5,23,57,53,2,46,15,52,124,52,20IT201/MA02 NUMERICAL METHODS AND ADVANCED CALCULUS,20IT202/PH03 SEMICONDUCTOR PHYSICS,20IT203 COMMUNICATIVE ENGLISH,20IT204 PROGRAMMING FOR PROBLEM SOLVING,20IT205 DIGITAL LOGIC DESIGN,20IT206 DISCRETE MATHEMATICS,20ITL201/PHL01 SEMICONDUCTOR PHYSICS LAB,20ITL202/ELL01 COMMUNICATIVE ENGLISH LAB,20ITL203 PROBLEM SOLVING WITH PROGRAMMING LAB
y22ait465,LAKKU VENKATESHWAR REDDY,L VENKATA SUBBA REDDY,569,90,6.53,83,51,44,54,54,63,63,85,83,72,3.0,3.0,3.0,3.0,3.0,3.0,1.5,1.5,1.5,89,110,85,75,61,83,105,66,83,20IT201/MA02 NUMERICAL METHODS AND ADVANCED CALCULUS,20IT202/PH03 SEMICONDUCTOR PHYSICS,20IT203 COMMUNICATIVE ENGLISH,20IT204 PROGRAMMING FOR PROBLEM SOLVING,20IT205 DIGITAL LOGIC DESIGN,20IT206 DISCRETE MATHEMATICS,20ITL201/PHL01 SEMICONDUCTOR PHYSICS LAB,20ITL202/ELL01 COMMUNICATIVE ENGLISH LAB,20ITL203 PROBLEM SOLVING WITH PROGRAMMING LAB
y22ait466,LUKKA SAI,LUKKA RAMBABU,555,94,6.07,93,54,43,53,42,57,56,87,81,82,3.0,3.0,3.0,3.0,3.0,3.0,1.5,1.5,1.5,84,113,94,100,75,95,96,81,54,20IT201/MA02 NUMERICAL METHODS AND ADVANCED CALCULUS,20IT202/PH03 SEMICONDUCTOR PHYSICS,20IT203 COMMUNICATIVE ENGLISH,20IT204 PROGRAMMING FOR PROBLEM SOLVING,20IT205 DIGITAL LOGIC DESIGN,20IT206 DISCRETE MATHEMATICS,20ITL201/PHL01 SEMICONDUCTOR PHYSICS LAB,20ITL202/ELL01 COMMUNICATIVE ENGLISH LAB,20ITL203 PROBLEM SOLVING WITH PROGRAMMING LAB
y22ait467,MANTRI NAGA CHANDRIKA,MANTRI SARADHI,322,123,2.27,121,24,0,48,0,15,0,80,83,72,3.0,3.0,3.0,3.0,3.0,3.0,1.5,1.5,1.5,121,123,111,120,127,127,118,67,82,20IT201/MA02 NUMERICAL METHODS AND ADVANCED CALCULUS,20IT202/PH03 SEMICONDUCTOR PHYSICS,20IT203 COMMUNICATIVE ENGLISH,20IT204 PROGRAMMING FOR PROBLEM SOLVING,20IT205 DIGITAL LOGIC DESIGN,20IT206 DISCRETE MATHEMATICS,20ITL201/PHL01 SEMICONDUCTOR PHYSICS LAB,20ITL202/ELL01 COMMUNICATIVE ENGLISH LAB,20ITL203 PROBLEM SOLVING WITH PROGRAMMING LAB
y22ait468,MADASANI SASI KIRAN,MADASANI RAMAKRISHNA,367,119,2.27,120,36,42,45,0,30,0,91,79,44,3.0,3.0,3.0,3.0,3.0,3.0,1.5,1.5,1.5,108,114,116,117,118,119,70,105,116,20IT201/MA02 NUMERICAL METHODS AND ADVANCED CALCULUS,20IT202/PH03 SEMICONDUCTOR PHYSICS,20IT203 COMMUNICATIVE ENGLISH,20IT204 PROGRAMMING FOR PROBLEM SOLVING,20IT205 DIGITAL LOGIC DESIGN,20IT206 DISCRETE MATHEMATICS,20ITL201/PHL01 SEMICONDUCTOR PHYSICS LAB,20ITL202/ELL01 COMMUNICATIVE ENGLISH LAB,20ITL203 PROBLEM SOLVING WITH PROGRAMMING LAB
y22ait469,MADINENI MALLIKARJUNA RAO,MADINENI VENKATA RAMAIAH,620,72,7.27,70,64,59,65,51,61,70,91,84,75,3.0,3.0,3.0,3.0,3.0,3.0,1.5,1.5,1.5,68,87,41,79,66,69,62,58,74,20IT201/MA02 NUMERICAL METHODS AND ADVANCED CALCULUS,20IT202/PH03 SEMICONDUCTOR PHYSICS,20IT203 COMMUNICATIVE ENGLISH,20IT204 PROGRAMMING FOR PROBLEM SOLVING,20IT205 DIGITAL LOGIC DESIGN,20IT206 DISCRETE MATHEMATICS,20ITL201/PHL01 SEMICONDUCTOR PHYSICS LAB,20ITL202/ELL01 COMMUNICATIVE ENGLISH LAB,20ITL203 PROBLEM SOLVING WITH PROGRAMMING LAB
y22ait470,MANAM SRI VANI PRASANNA,MANAM VENKATA RAO,758,18,9.07,11,95,74,76,80,81,93,95,84,80,3.0,3.0,3.0,3.0,3.0,3.0,1.5,1.5,1.5,10,56,6,11,13,13,26,55,57,20IT201/MA02 NUMERICAL METHODS AND ADVANCED CALCULUS,20IT202/PH03 SEMICONDUCTOR PHYSICS,20IT203 COMMUNICATIVE ENGLISH,20IT204 PROGRAMMING FOR PROBLEM SOLVING,20IT205 DIGITAL LOGIC DESIGN,20IT206 DISCRETE MATHEMATICS,20ITL201/PHL01 SEMICONDUCTOR PHYSICS LAB,20ITL202/ELL01 COMMUNICATIVE ENGLISH LAB,20ITL203 PROBLEM SOLVING WITH PROGRAMMING LAB
y22ait471,MANDAPATI.NANI,MANDAPATI SRINU,630,68,7.0,73,68,57,56,68,54,68,88,82,89,3.0,3.0,3.0,3.0,3.0,3.0,1.5,1.5,1.5,63,91,78,34,81,76,92,70,33,20IT201/MA02 NUMERICAL METHODS AND ADVANCED CALCULUS,20IT202/PH03 SEMICONDUCTOR PHYSICS,20IT203 COMMUNICATIVE ENGLISH,20IT204 PROGRAMMING FOR PROBLEM SOLVING,20IT205 DIGITAL LOGIC DESIGN,20IT206 DISCRETE MATHEMATICS,20ITL201/PHL01 SEMICONDUCTOR PHYSICS LAB,20ITL202/ELL01 COMMUNICATIVE ENGLISH LAB,20ITL203 PROBLEM SOLVING WITH PROGRAMMING LAB
y22ait473,MARRI AVINASH BABU,MARRI VEERANJANEYULU,709,38,8.47,32,80,80,54,72,71,85,93,80,94,3.0,3.0,3.0,3.0,3.0,3.0,1.5,1.5,1.5,41,41,83,25,38,37,49,97,19,20IT201/MA02 NUMERICAL METHODS AND ADVANCED CALCULUS,20IT202/PH03 SEMICONDUCTOR PHYSICS,20IT203 COMMUNICATIVE ENGLISH,20IT204 PROGRAMMING FOR PROBLEM SOLVING,20IT205 DIGITAL LOGIC DESIGN,20IT206 DISCRETE MATHEMATICS,20ITL201/PHL01 SEMICONDUCTOR PHYSICS LAB,20ITL202/ELL01 COMMUNICATIVE ENGLISH LAB,20ITL203 PROBLEM SOLVING WITH PROGRAMMING LAB
y22ait474,MATURI MADHULATHA,MATURI ANJANEYULU,788,5,9.2,5,93,91,71,83,74,89,98,92,97,3.0,3.0,3.0,3.0,3.0,3.0,1.5,1.5,1.5,12,11,24,5,31,25,4,4,4,20IT201/MA02 NUMERICAL METHODS AND ADVANCED CALCULUS,20IT202/PH03 SEMICONDUCTOR PHYSICS,20IT203 COMMUNICATIVE ENGLISH,20IT204 PROGRAMMING FOR PROBLEM SOLVING,20IT205 DIGITAL LOGIC DESIGN,20IT206 DISCRETE MATHEMATICS,20ITL201/PHL01 SEMICONDUCTOR PHYSICS LAB,20ITL202/ELL01 COMMUNICATIVE ENGLISH LAB,20ITL203 PROBLEM SOLVING WITH PROGRAMMING LAB
y22ait475,MEDIDA BHANU SHANKAR,MEDIDA SRINIVASULU,601,79,6.87,77,69,57,55,58,52,65,91,80,74,3.0,3.0,3.0,3.0,3.0,3.0,1.5,1.5,1.5,62,90,81,62,90,79,64,91,78,20IT201/MA02 NUMERICAL METHODS AND ADVANCED CALCULUS,20IT202/PH03 SEMICONDUCTOR PHYSICS,20IT203 COMMUNICATIVE ENGLISH,20IT204 PROGRAMMING FOR PROBLEM SOLVING,20IT205 DIGITAL LOGIC DESIGN,20IT206 DISCRETE MATHEMATICS,20ITL201/PHL01 SEMICONDUCTOR PHYSICS LAB,20ITL202/ELL01 COMMUNICATIVE ENGLISH LAB,20ITL203 PROBLEM SOLVING WITH PROGRAMMING LAB
y22ait476,MEDISETTY NITHIN SAI SATYA,MEDISETTY RAMAKRISHNA,422,116,3.27,115,30,45,63,0,40,30,90,82,42,3.0,3.0,3.0,3.0,3.0,3.0,1.5,1.5,1.5,118,108,51,118,105,115,74,75,119,20IT201/MA02 NUMERICAL METHODS AND ADVANCED CALCULUS,20IT202/PH03 SEMICONDUCTOR PHYSICS,20IT203 COMMUNICATIVE ENGLISH,20IT204 PROGRAMMING FOR PROBLEM SOLVING,20IT205 DIGITAL LOGIC DESIGN,20IT206 DISCRETE MATHEMATICS,20ITL201/PHL01 SEMICONDUCTOR PHYSICS LAB,20ITL202/ELL01 COMMUNICATIVE ENGLISH LAB,20ITL203 PROBLEM SOLVING WITH PROGRAMMING LAB
y22ait477,MULLAPUDI ASWITHA,MULLAPUDI KOTESWARA RAO,717,36,8.33,39,84,80,67,67,68,83,91,86,91,3.0,3.0,3.0,3.0,3.0,3.0,1.5,1.5,1.5,33,40,34,38,45,40,63,39,27,20IT201/MA02 NUMERICAL METHODS AND ADVANCED CALCULUS,20IT202/PH03 SEMICONDUCTOR PHYSICS,20IT203 COMMUNICATIVE ENGLISH,20IT204 PROGRAMMING FOR PROBLEM SOLVING,20IT205 DIGITAL LOGIC DESIGN,20IT206 DISCRETE MATHEMATICS,20ITL201/PHL01 SEMICONDUCTOR PHYSICS LAB,20ITL202/ELL01 COMMUNICATIVE ENGLISH LAB,20ITL203 PROBLEM SOLVING WITH PROGRAMMING LAB
y22ait478,MUPPIRISETTI SREEJA,MUPPIRISETTI VEERABABU,574,88,6.2,90,73,49,44,40,53,61,90,87,77,3.0,3.0,3.0,3.0,3.0,3.0,1.5,1.5,1.5,53,105,121,103,85,86,80,31,66,20IT201/MA02 NUMERICAL METHODS AND ADVANCED CALCULUS,20IT202/PH03 SEMICONDUCTOR PHYSICS,20IT203 COMMUNICATIVE ENGLISH,20IT204 PROGRAMMING FOR PROBLEM SOLVING,20IT205 DIGITAL LOGIC DESIGN,20IT206 DISCRETE MATHEMATICS,20ITL201/PHL01 SEMICONDUCTOR PHYSICS LAB,20ITL202/ELL01 COMMUNICATIVE ENGLISH LAB,20ITL203 PROBLEM SOLVING WITH PROGRAMMING LAB
y22ait479,MYLA.RAJESWARI,MYLA VEERASWAMY,685,46,8.0,47,76,76,54,78,60,82,92,82,85,3.0,3.0,3.0,3.0,3.0,3.0,1.5,1.5,1.5,49,51,89,13,69,44,59,76,50,20IT201/MA02 NUMERICAL METHODS AND ADVANCED CALCULUS,20IT202/PH03 SEMICONDUCTOR PHYSICS,20IT203 COMMUNICATIVE ENGLISH,20IT204 PROGRAMMING FOR PROBLEM SOLVING,20IT205 DIGITAL LOGIC DESIGN,20IT206 DISCRETE MATHEMATICS,20ITL201/PHL01 SEMICONDUCTOR PHYSICS LAB,20ITL202/ELL01 COMMUNICATIVE ENGLISH LAB,20ITL203 PROBLEM SOLVING WITH PROGRAMMING LAB
y22ait480,NAGIREDDY THIRUMALA,NAGIREDDY THIRUPAL REDDY,640,66,7.33,67,63,71,48,64,61,77,94,82,80,3.0,3.0,3.0,3.0,3.0,3.0,1.5,1.5,1.5,73,64,113,44,68,54,28,69,59,20IT201/MA02 NUMERICAL METHODS AND ADVANCED CALCULUS,20IT202/PH03 SEMICONDUCTOR PHYSICS,20IT203 COMMUNICATIVE ENGLISH,20IT204 PROGRAMMING FOR PROBLEM SOLVING,20IT205 DIGITAL LOGIC DESIGN,20IT206 DISCRETE MATHEMATICS,20ITL201/PHL01 SEMICONDUCTOR PHYSICS LAB,20ITL202/ELL01 COMMUNICATIVE ENGLISH LAB,20ITL203 PROBLEM SOLVING WITH PROGRAMMING LAB
y22ait481,NAKKA UDAY KUMAR,NAKKA BABURAO,720,33,8.53,30,71,81,56,91,80,79,91,85,86,3.0,3.0,3.0,3.0,3.0,3.0,1.5,1.5,1.5,58,35,77,1,17,49,65,47,48,20IT201/MA02 NUMERICAL METHODS AND ADVANCED CALCULUS,20IT202/PH03 SEMICONDUCTOR PHYSICS,20IT203 COMMUNICATIVE ENGLISH,20IT204 PROGRAMMING FOR PROBLEM SOLVING,20IT205 DIGITAL LOGIC DESIGN,20IT206 DISCRETE MATHEMATICS,20ITL201/PHL01 SEMICONDUCTOR PHYSICS LAB,20ITL202/ELL01 COMMUNICATIVE ENGLISH LAB,20ITL203 PROBLEM SOLVING WITH PROGRAMMING LAB
y22ait482,NALABOLU RAMAKOTESWARA RAO,NALABOLU VENKATESWARLU,652,61,7.6,56,72,77,53,60,66,72,94,79,79,3.0,3.0,3.0,3.0,3.0,3.0,1.5,1.5,1.5,56,48,93,54,49,68,33,100,61,20IT201/MA02 NUMERICAL METHODS AND ADVANCED CALCULUS,20IT202/PH03 SEMICONDUCTOR PHYSICS,20IT203 COMMUNICATIVE ENGLISH,20IT204 PROGRAMMING FOR PROBLEM SOLVING,20IT205 DIGITAL LOGIC DESIGN,20IT206 DISCRETE MATHEMATICS,20ITL201/PHL01 SEMICONDUCTOR PHYSICS LAB,20ITL202/ELL01 COMMUNICATIVE ENGLISH LAB,20ITL203 PROBLEM SOLVING WITH PROGRAMMING LAB
y22ait483,NANNEPAGA KOMALI KIRAN,NANNEPAGA KIRAN KUMAR,719,34,8.27,41,70,91,67,68,74,77,97,89,86,3.0,3.0,3.0,3.0,3.0,3.0,1.5,1.5,1.5,59,10,38,36,30,52,7,16,47,20IT201/MA02 NUMERICAL METHODS AND ADVANCED CALCULUS,20IT202/PH03 SEMICONDUCTOR PHYSICS,20IT203 COMMUNICATIVE ENGLISH,20IT204 PROGRAMMING FOR PROBLEM SOLVING,20IT205 DIGITAL LOGIC DESIGN,20IT206 DISCRETE MATHEMATICS,20ITL201/PHL01 SEMICONDUCTOR PHYSICS LAB,20ITL202/ELL01 COMMUNICATIVE ENGLISH LAB,20ITL203 PROBLEM SOLVING WITH PROGRAMMING LAB
y22ait484,NARRA.SIVAKUMARI,NARRA RAGAVAIAH,484,105,4.93,101,0,52,43,42,59,47,93,75,73,3.0,3.0,3.0,3.0,3.0,3.0,1.5,1.5,1.5,126,100,124,99,71,109,42,120,80,20IT201/MA02 NUMERICAL METHODS AND ADVANCED CALCULUS,20IT202/PH03 SEMICONDUCTOR PHYSICS,20IT203 COMMUNICATIVE ENGLISH,20IT204 PROGRAMMING FOR PROBLEM SOLVING,20IT205 DIGITAL LOGIC DESIGN,20IT206 DISCRETE MATHEMATICS,20ITL201/PHL01 SEMICONDUCTOR PHYSICS LAB,20ITL202/ELL01 COMMUNICATIVE ENGLISH LAB,20ITL203 PROBLEM SOLVING WITH PROGRAMMING LAB
y22ait485,NAYUDU.MOUNIKA LAKSHMI,NAYUDU JANAKI RAMAIAH,771,11,9.07,10,81,90,67,81,87,90,98,89,88,3.0,3.0,3.0,3.0,3.0,3.0,1.5,1.5,1.5,38,12,37,9,4,22,2,17,40,20IT201/MA02 NUMERICAL METHODS AND ADVANCED CALCULUS,20IT202/PH03 SEMICONDUCTOR PHYSICS,20IT203 COMMUNICATIVE ENGLISH,20IT204 PROGRAMMING FOR PROBLEM SOLVING,20IT205 DIGITAL LOGIC DESIGN,20IT206 DISCRETE MATHEMATICS,20ITL201/PHL01 SEMICONDUCTOR PHYSICS LAB,20ITL202/ELL01 COMMUNICATIVE ENGLISH LAB,20ITL203 PROBLEM SOLVING WITH PROGRAMMING LAB
y22ait486,NELAPATI NOBLE SUJANI,NELAPATI SUBHAKAR,761,16,8.73,24,87,81,77,76,71,88,94,89,98,3.0,3.0,3.0,3.0,3.0,3.0,1.5,1.5,1.5,26,33,5,14,39,29,31,19,2,20IT201/MA02 NUMERICAL METHODS AND ADVANCED CALCULUS,20IT202/PH03 SEMICONDUCTOR PHYSICS,20IT203 COMMUNICATIVE ENGLISH,20IT204 PROGRAMMING FOR PROBLEM SOLVING,20IT205 DIGITAL LOGIC DESIGN,20IT206 DISCRETE MATHEMATICS,20ITL201/PHL01 SEMICONDUCTOR PHYSICS LAB,20ITL202/ELL01 COMMUNICATIVE ENGLISH LAB,20ITL203 PROBLEM SOLVING WITH PROGRAMMING LAB
y22ait487,NIDAMANURI YASASWINI,NIDAMANURI VENKATESWARLU,653,60,7.67,54,62,75,58,61,66,81,91,89,70,3.0,3.0,3.0,3.0,3.0,3.0,1.5,1.5,1.5,75,53,74,51,51,45,67,18,90,20IT201/MA02 NUMERICAL METHODS AND ADVANCED CALCULUS,20IT202/PH03 SEMICONDUCTOR PHYSICS,20IT203 COMMUNICATIVE ENGLISH,20IT204 PROGRAMMING FOR PROBLEM SOLVING,20IT205 DIGITAL LOGIC DESIGN,20IT206 DISCRETE MATHEMATICS,20ITL201/PHL01 SEMICONDUCTOR PHYSICS LAB,20ITL202/ELL01 COMMUNICATIVE ENGLISH LAB,20ITL203 PROBLEM SOLVING WITH PROGRAMMING LAB
y22ait488,PACHA MARY CHAITHANYA,PACHA JAMES LARANCE,519,99,4.4,105,42,56,45,37,35,59,89,86,70,3.0,3.0,3.0,3.0,3.0,3.0,1.5,1.5,1.5,105,94,117,104,113,89,82,33,92,20IT201/MA02 NUMERICAL METHODS AND ADVANCED CALCULUS,20IT202/PH03 SEMICONDUCTOR PHYSICS,20IT203 COMMUNICATIVE ENGLISH,20IT204 PROGRAMMING FOR PROBLEM SOLVING,20IT205 DIGITAL LOGIC DESIGN,20IT206 DISCRETE MATHEMATICS,20ITL201/PHL01 SEMICONDUCTOR PHYSICS LAB,20ITL202/ELL01 COMMUNICATIVE ENGLISH LAB,20ITL203 PROBLEM SOLVING WITH PROGRAMMING LAB
y22ait489,PALLAMKURTHI DURGAPAVANI,PALLAMKURTHI VARAHALU,619,73,7.27,68,63,79,53,53,50,73,92,85,71,3.0,3.0,3.0,3.0,3.0,3.0,1.5,1.5,1.5,71,42,92,76,93,64,57,45,85,20IT201/MA02 NUMERICAL METHODS AND ADVANCED CALCULUS,20IT202/PH03 SEMICONDUCTOR PHYSICS,20IT203 COMMUNICATIVE ENGLISH,20IT204 PROGRAMMING FOR PROBLEM SOLVING,20IT205 DIGITAL LOGIC DESIGN,20IT206 DISCRETE MATHEMATICS,20ITL201/PHL01 SEMICONDUCTOR PHYSICS LAB,20ITL202/ELL01 COMMUNICATIVE ENGLISH LAB,20ITL203 PROBLEM SOLVING WITH PROGRAMMING LAB
y22ait490,PALLAPOTHU LALITHA MANI KUMARI,PALLAPOTHU VENKATA SURESH KUMAR,496,102,4.33,106,31,47,50,35,45,57,83,85,63,3.0,3.0,3.0,3.0,3.0,3.0,1.5,1.5,1.5,117,106,103,105,99,94,112,46,105,20IT201/MA02 NUMERICAL METHODS AND ADVANCED CALCULUS,20IT202/PH03 SEMICONDUCTOR PHYSICS,20IT203 COMMUNICATIVE ENGLISH,20IT204 PROGRAMMING FOR PROBLEM SOLVING,20IT205 DIGITAL LOGIC DESIGN,20IT206 DISCRETE MATHEMATICS,20ITL201/PHL01 SEMICONDUCTOR PHYSICS LAB,20ITL202/ELL01 COMMUNICATIVE ENGLISH LAB,20ITL203 PROBLEM SOLVING WITH PROGRAMMING LAB
y22ait491,PARIMI NEHA SRI DHANA LAKSHMI,PARIMI RAVINDRA,757,19,8.87,19,91,78,67,70,82,96,96,90,87,3.0,3.0,3.0,3.0,3.0,3.0,1.5,1.5,1.5,16,46,36,31,11,5,15,13,45,20IT201/MA02 NUMERICAL METHODS AND ADVANCED CALCULUS,20IT202/PH03 SEMICONDUCTOR PHYSICS,20IT203 COMMUNICATIVE ENGLISH,20IT204 PROGRAMMING FOR PROBLEM SOLVING,20IT205 DIGITAL LOGIC DESIGN,20IT206 DISCRETE MATHEMATICS,20ITL201/PHL01 SEMICONDUCTOR PHYSICS LAB,20ITL202/ELL01 COMMUNICATIVE ENGLISH LAB,20ITL203 PROBLEM SOLVING WITH PROGRAMMING LAB
y22ait492,PARISA VENKAT,PARISA MURALI PRASAD,811,2,9.2,4,89,98,58,85,96,100,98,94,93,3.0,3.0,3.0,3.0,3.0,3.0,1.5,1.5,1.5,21,1,71,3,1,1,1,1,21,20IT201/MA02 NUMERICAL METHODS AND ADVANCED CALCULUS,20IT202/PH03 SEMICONDUCTOR PHYSICS,20IT203 COMMUNICATIVE ENGLISH,20IT204 PROGRAMMING FOR PROBLEM SOLVING,20IT205 DIGITAL LOGIC DESIGN,20IT206 DISCRETE MATHEMATICS,20ITL201/PHL01 SEMICONDUCTOR PHYSICS LAB,20ITL202/ELL01 COMMUNICATIVE ENGLISH LAB,20ITL203 PROBLEM SOLVING WITH PROGRAMMING LAB
y22ait493,PASUPULETI GANDHI KRISHNA,PASUPULETI IMMANUEL,700,42,8.4,33,80,91,63,72,60,82,95,78,79,3.0,3.0,3.0,3.0,3.0,3.0,1.5,1.5,1.5,43,9,48,27,70,42,17,108,63,20IT201/MA02 NUMERICAL METHODS AND ADVANCED CALCULUS,20IT202/PH03 SEMICONDUCTOR PHYSICS,20IT203 COMMUNICATIVE ENGLISH,20IT204 PROGRAMMING FOR PROBLEM SOLVING,20IT205 DIGITAL LOGIC DESIGN,20IT206 DISCRETE MATHEMATICS,20ITL201/PHL01 SEMICONDUCTOR PHYSICS LAB,20ITL202/ELL01 COMMUNICATIVE ENGLISH LAB,20ITL203 PROBLEM SOLVING WITH PROGRAMMING LAB
y22ait494,PICHUKA . SAHINI CEON,PICHIJKA GANESH,735,29,8.8,20,90,88,60,73,80,88,92,84,80,3.0,3.0,3.0,3.0,3.0,3.0,1.5,1.5,1.5,20,18,64,20,16,27,56,60,60,20IT201/MA02 NUMERICAL METHODS AND ADVANCED CALCULUS,20IT202/PH03 SEMICONDUCTOR PHYSICS,20IT203 COMMUNICATIVE ENGLISH,20IT204 PROGRAMMING FOR PROBLEM SOLVING,20IT205 DIGITAL LOGIC DESIGN,20IT206 DISCRETE MATHEMATICS,20ITL201/PHL01 SEMICONDUCTOR PHYSICS LAB,20ITL202/ELL01 COMMUNICATIVE ENGLISH LAB,20ITL203 PROBLEM SOLVING WITH PROGRAMMING LAB
y22ait495,PITTU VENKATA SUBBARAO,PITTU VENKATESWARLU,549,95,5.33,99,57,57,46,45,29,67,89,87,72,3.0,3.0,3.0,3.0,3.0,3.0,1.5,1.5,1.5,82,92,114,94,119,77,84,28,84,20IT201/MA02 NUMERICAL METHODS AND ADVANCED CALCULUS,20IT202/PH03 SEMICONDUCTOR PHYSICS,20IT203 COMMUNICATIVE ENGLISH,20IT204 PROGRAMMING FOR PROBLEM SOLVING,20IT205 DIGITAL LOGIC DESIGN,20IT206 DISCRETE MATHEMATICS,20ITL201/PHL01 SEMICONDUCTOR PHYSICS LAB,20ITL202/ELL01 COMMUNICATIVE ENGLISH LAB,20ITL203 PROBLEM SOLVING WITH PROGRAMMING LAB
y22ait496,PODDUTURI PULLAIAH,PODDUTURI CHINNAVEERAIAH,622,71,6.53,84,60,82,54,59,37,67,90,77,96,3.0,3.0,3.0,3.0,3.0,3.0,1.5,1.5,1.5,77,30,86,57,110,78,78,116,6,20IT201/MA02 NUMERICAL METHODS AND ADVANCED CALCULUS,20IT202/PH03 SEMICONDUCTOR PHYSICS,20IT203 COMMUNICATIVE ENGLISH,20IT204 PROGRAMMING FOR PROBLEM SOLVING,20IT205 DIGITAL LOGIC DESIGN,20IT206 DISCRETE MATHEMATICS,20ITL201/PHL01 SEMICONDUCTOR PHYSICS LAB,20ITL202/ELL01 COMMUNICATIVE ENGLISH LAB,20ITL203 PROBLEM SOLVING WITH PROGRAMMING LAB
y22ait497,POTHAMSETTY HARI PRASAD,POTHAMSETTY RANGARAO,683,47,7.93,49,76,69,62,56,79,94,92,81,74,3.0,3.0,3.0,3.0,3.0,3.0,1.5,1.5,1.5,48,71,58,69,18,11,51,83,79,20IT201/MA02 NUMERICAL METHODS AND ADVANCED CALCULUS,20IT202/PH03 SEMICONDUCTOR PHYSICS,20IT203 COMMUNICATIVE ENGLISH,20IT204 PROGRAMMING FOR PROBLEM SOLVING,20IT205 DIGITAL LOGIC DESIGN,20IT206 DISCRETE MATHEMATICS,20ITL201/PHL01 SEMICONDUCTOR PHYSICS LAB,20ITL202/ELL01 COMMUNICATIVE ENGLISH LAB,20ITL203 PROBLEM SOLVING WITH PROGRAMMING LAB
y22ait498,POTNURU GOVARDHANA NAIDU,MANMADHA RAO,762,15,9.0,13,83,96,54,81,82,94,93,84,95,3.0,3.0,3.0,3.0,3.0,3.0,1.5,1.5,1.5,36,2,88,8,12,12,45,62,12,20IT201/MA02 NUMERICAL METHODS AND ADVANCED CALCULUS,20IT202/PH03 SEMICONDUCTOR PHYSICS,20IT203 COMMUNICATIVE ENGLISH,20IT204 PROGRAMMING FOR PROBLEM SOLVING,20IT205 DIGITAL LOGIC DESIGN,20IT206 DISCRETE MATHEMATICS,20ITL201/PHL01 SEMICONDUCTOR PHYSICS LAB,20ITL202/ELL01 COMMUNICATIVE ENGLISH LAB,20ITL203 PROBLEM SOLVING WITH PROGRAMMING LAB
y22ait499,PUPPALA MURALI KRISHNA,PUPPALA RAMANJANEYULU,693,43,8.07,44,86,86,51,66,65,84,93,75,87,3.0,3.0,3.0,3.0,3.0,3.0,1.5,1.5,1.5,30,23,100,40,56,38,48,122,42,20IT201/MA02 NUMERICAL METHODS AND ADVANCED CALCULUS,20IT202/PH03 SEMICONDUCTOR PHYSICS,20IT203 COMMUNICATIVE ENGLISH,20IT204 PROGRAMMING FOR PROBLEM SOLVING,20IT205 DIGITAL LOGIC DESIGN,20IT206 DISCRETE MATHEMATICS,20ITL201/PHL01 SEMICONDUCTOR PHYSICS LAB,20ITL202/ELL01 COMMUNICATIVE ENGLISH LAB,20ITL203 PROBLEM SOLVING WITH PROGRAMMING LAB
y22ait500,RANGA KRISHNA TEJA,RANGA RAMESH,686,45,8.0,45,87,82,55,59,69,91,89,83,71,3.0,3.0,3.0,3.0,3.0,3.0,1.5,1.5,1.5,25,31,80,56,43,21,83,64,87,20IT201/MA02 NUMERICAL METHODS AND ADVANCED CALCULUS,20IT202/PH03 SEMICONDUCTOR PHYSICS,20IT203 COMMUNICATIVE ENGLISH,20IT204 PROGRAMMING FOR PROBLEM SOLVING,20IT205 DIGITAL LOGIC DESIGN,20IT206 DISCRETE MATHEMATICS,20ITL201/PHL01 SEMICONDUCTOR PHYSICS LAB,20ITL202/ELL01 COMMUNICATIVE ENGLISH LAB,20ITL203 PROBLEM SOLVING WITH PROGRAMMING LAB
y22ait501,RAVIPATI BHANU PRAKASH,RAVIPATI RAMA RAO,573,89,6.33,87,49,61,62,56,47,61,90,79,68,3.0,3.0,3.0,3.0,3.0,3.0,1.5,1.5,1.5,92,84,52,68,97,87,79,106,96,20IT201/MA02 NUMERICAL METHODS AND ADVANCED CALCULUS,20IT202/PH03 SEMICONDUCTOR PHYSICS,20IT203 COMMUNICATIVE ENGLISH,20IT204 PROGRAMMING FOR PROBLEM SOLVING,20IT205 DIGITAL LOGIC DESIGN,20IT206 DISCRETE MATHEMATICS,20ITL201/PHL01 SEMICONDUCTOR PHYSICS LAB,20ITL202/ELL01 COMMUNICATIVE ENGLISH LAB,20ITL203 PROBLEM SOLVING WITH PROGRAMMING LAB
y22ait502,SARIMALLA TRISHA,SARIMALLA NAGAIAH,771,12,9.0,12,83,94,70,73,77,95,95,87,97,3.0,3.0,3.0,3.0,3.0,3.0,1.5,1.5,1.5,37,4,25,23,23,10,20,32,5,20IT201/MA02 NUMERICAL METHODS AND ADVANCED CALCULUS,20IT202/PH03 SEMICONDUCTOR PHYSICS,20IT203 COMMUNICATIVE ENGLISH,20IT204 PROGRAMMING FOR PROBLEM SOLVING,20IT205 DIGITAL LOGIC DESIGN,20IT206 DISCRETE MATHEMATICS,20ITL201/PHL01 SEMICONDUCTOR PHYSICS LAB,20ITL202/ELL01 COMMUNICATIVE ENGLISH LAB,20ITL203 PROBLEM SOLVING WITH PROGRAMMING LAB
y22ait503,SATULURI LOKESH,SATULURI SURESH,519,100,5.67,97,47,54,50,42,44,53,92,81,56,3.0,3.0,3.0,3.0,3.0,3.0,1.5,1.5,1.5,94,97,105,101,102,102,60,84,109,20IT201/MA02 NUMERICAL METHODS AND ADVANCED CALCULUS,20IT202/PH03 SEMICONDUCTOR PHYSICS,20IT203 COMMUNICATIVE ENGLISH,20IT204 PROGRAMMING FOR PROBLEM SOLVING,20IT205 DIGITAL LOGIC DESIGN,20IT206 DISCRETE MATHEMATICS,20ITL201/PHL01 SEMICONDUCTOR PHYSICS LAB,20ITL202/ELL01 COMMUNICATIVE ENGLISH LAB,20ITL203 PROBLEM SOLVING WITH PROGRAMMING LAB
y22ait504,SETTY YASWANTH,SETTY STHANAKA KUMAR,598,81,6.73,79,69,64,62,58,47,64,92,78,64,3.0,3.0,3.0,3.0,3.0,3.0,1.5,1.5,1.5,61,80,59,64,96,80,55,110,104,20IT201/MA02 NUMERICAL METHODS AND ADVANCED CALCULUS,20IT202/PH03 SEMICONDUCTOR PHYSICS,20IT203 COMMUNICATIVE ENGLISH,20IT204 PROGRAMMING FOR PROBLEM SOLVING,20IT205 DIGITAL LOGIC DESIGN,20IT206 DISCRETE MATHEMATICS,20ITL201/PHL01 SEMICONDUCTOR PHYSICS LAB,20ITL202/ELL01 COMMUNICATIVE ENGLISH LAB,20ITL203 PROBLEM SOLVING WITH PROGRAMMING LAB
y22ait505,SHAIK ABDUL RAHMAN,SHAIK SHARIFUDDIN,675,49,8.0,46,74,71,70,64,62,85,94,79,76,3.0,3.0,3.0,3.0,3.0,3.0,1.5,1.5,1.5,52,62,27,45,63,36,30,104,68,20IT201/MA02 NUMERICAL METHODS AND ADVANCED CALCULUS,20IT202/PH03 SEMICONDUCTOR PHYSICS,20IT203 COMMUNICATIVE ENGLISH,20IT204 PROGRAMMING FOR PROBLEM SOLVING,20IT205 DIGITAL LOGIC DESIGN,20IT206 DISCRETE MATHEMATICS,20ITL201/PHL01 SEMICONDUCTOR PHYSICS LAB,20ITL202/ELL01 COMMUNICATIVE ENGLISH LAB,20ITL203 PROBLEM SOLVING WITH PROGRAMMING LAB
y22ait506,SHAIK AFREEN SHAHINAJ,SHAIK HANEEF,821,1,9.67,1,94,92,82,82,90,97,98,88,98,3.0,3.0,3.0,3.0,3.0,3.0,1.5,1.5,1.5,11,8,2,7,3,2,3,25,1,20IT201/MA02 NUMERICAL METHODS AND ADVANCED CALCULUS,20IT202/PH03 SEMICONDUCTOR PHYSICS,20IT203 COMMUNICATIVE ENGLISH,20IT204 PROGRAMMING FOR PROBLEM SOLVING,20IT205 DIGITAL LOGIC DESIGN,20IT206 DISCRETE MATHEMATICS,20ITL201/PHL01 SEMICONDUCTOR PHYSICS LAB,20ITL202/ELL01 COMMUNICATIVE ENGLISH LAB,20ITL203 PROBLEM SOLVING WITH PROGRAMMING LAB
y22ait507,SHAIK MADEENA,SHIK AMEEN SAHEB,688,44,8.13,43,77,80,62,57,71,81,94,91,75,3.0,3.0,3.0,3.0,3.0,3.0,1.5,1.5,1.5,46,39,60,65,36,46,35,8,75,20IT201/MA02 NUMERICAL METHODS AND ADVANCED CALCULUS,20IT202/PH03 SEMICONDUCTOR PHYSICS,20IT203 COMMUNICATIVE ENGLISH,20IT204 PROGRAMMING FOR PROBLEM SOLVING,20IT205 DIGITAL LOGIC DESIGN,20IT206 DISCRETE MATHEMATICS,20ITL201/PHL01 SEMICONDUCTOR PHYSICS LAB,20ITL202/ELL01 COMMUNICATIVE ENGLISH LAB,20ITL203 PROBLEM SOLVING WITH PROGRAMMING LAB
y22ait508,SHAIK NAGOOR BASHA,SHAIK KHASIM,565,91,6.47,85,45,67,50,51,52,68,87,83,62,3.0,3.0,3.0,3.0,3.0,3.0,1.5,1.5,1.5,98,73,102,81,89,75,99,68,107,20IT201/MA02 NUMERICAL METHODS AND ADVANCED CALCULUS,20IT202/PH03 SEMICONDUCTOR PHYSICS,20IT203 COMMUNICATIVE ENGLISH,20IT204 PROGRAMMING FOR PROBLEM SOLVING,20IT205 DIGITAL LOGIC DESIGN,20IT206 DISCRETE MATHEMATICS,20ITL201/PHL01 SEMICONDUCTOR PHYSICS LAB,20ITL202/ELL01 COMMUNICATIVE ENGLISH LAB,20ITL203 PROBLEM SOLVING WITH PROGRAMMING LAB
y22ait509,SHAIK.NAGUL MEERA VALI,SHAIK HUSSAIN,182,129,1.13,129,0,0,0,0,0,0,72,82,28,3.0,3.0,3.0,3.0,3.0,3.0,1.5,1.5,1.5,129,129,129,129,129,129,124,78,129,20IT201/MA02 NUMERICAL METHODS AND ADVANCED CALCULUS,20IT202/PH03 SEMICONDUCTOR PHYSICS,20IT203 COMMUNICATIVE ENGLISH,20IT204 PROGRAMMING FOR PROBLEM SOLVING,20IT205 DIGITAL LOGIC DESIGN,20IT206 DISCRETE MATHEMATICS,20ITL201/PHL01 SEMICONDUCTOR PHYSICS LAB,20ITL202/ELL01 COMMUNICATIVE ENGLISH LAB,20ITL203 PROBLEM SOLVING WITH PROGRAMMING LAB
y22ait510,SHAIK VAHEEDA,SHAIK MASTAN VALI,770,13,8.93,14,85,95,75,69,75,95,93,91,92,3.0,3.0,3.0,3.0,3.0,3.0,1.5,1.5,1.5,31,3,10,32,28,8,43,7,24,20IT201/MA02 NUMERICAL METHODS AND ADVANCED CALCULUS,20IT202/PH03 SEMICONDUCTOR PHYSICS,20IT203 COMMUNICATIVE ENGLISH,20IT204 PROGRAMMING FOR PROBLEM SOLVING,20IT205 DIGITAL LOGIC DESIGN,20IT206 DISCRETE MATHEMATICS,20ITL201/PHL01 SEMICONDUCTOR PHYSICS LAB,20ITL202/ELL01 COMMUNICATIVE ENGLISH LAB,20ITL203 PROBLEM SOLVING WITH PROGRAMMING LAB
y22ait511,SIDDIREDDY VIGNESWARA REDDY,SIDDIREDDY VENKATA RAMI REDDY,710,37,8.33,37,84,86,62,61,71,76,92,86,92,3.0,3.0,3.0,3.0,3.0,3.0,1.5,1.5,1.5,34,21,55,53,35,59,50,38,25,20IT201/MA02 NUMERICAL METHODS AND ADVANCED CALCULUS,20IT202/PH03 SEMICONDUCTOR PHYSICS,20IT203 COMMUNICATIVE ENGLISH,20IT204 PROGRAMMING FOR PROBLEM SOLVING,20IT205 DIGITAL LOGIC DESIGN,20IT206 DISCRETE MATHEMATICS,20ITL201/PHL01 SEMICONDUCTOR PHYSICS LAB,20ITL202/ELL01 COMMUNICATIVE ENGLISH LAB,20ITL203 PROBLEM SOLVING WITH PROGRAMMING LAB
y22ait512,SIKHAKOLLI MAHIMA,SIKHAKOLLI SRINIVASARAO,775,9,9.2,6,91,85,81,73,86,91,94,86,88,3.0,3.0,3.0,3.0,3.0,3.0,1.5,1.5,1.5,17,24,3,22,6,20,39,36,39,20IT201/MA02 NUMERICAL METHODS AND ADVANCED CALCULUS,20IT202/PH03 SEMICONDUCTOR PHYSICS,20IT203 COMMUNICATIVE ENGLISH,20IT204 PROGRAMMING FOR PROBLEM SOLVING,20IT205 DIGITAL LOGIC DESIGN,20IT206 DISCRETE MATHEMATICS,20ITL201/PHL01 SEMICONDUCTOR PHYSICS LAB,20ITL202/ELL01 COMMUNICATIVE ENGLISH LAB,20ITL203 PROBLEM SOLVING WITH PROGRAMMING LAB
y22ait513,LITHIN CHOWDARY SOMEPALLI,SOMEPALLI SUDHAKAR RAO,643,65,7.4,66,79,62,67,50,59,63,92,91,80,3.0,3.0,3.0,3.0,3.0,3.0,1.5,1.5,1.5,44,82,35,84,73,82,54,12,58,20IT201/MA02 NUMERICAL METHODS AND ADVANCED CALCULUS,20IT202/PH03 SEMICONDUCTOR PHYSICS,20IT203 COMMUNICATIVE ENGLISH,20IT204 PROGRAMMING FOR PROBLEM SOLVING,20IT205 DIGITAL LOGIC DESIGN,20IT206 DISCRETE MATHEMATICS,20ITL201/PHL01 SEMICONDUCTOR PHYSICS LAB,20ITL202/ELL01 COMMUNICATIVE ENGLISH LAB,20ITL203 PROBLEM SOLVING WITH PROGRAMMING LAB
y22ait514,SYED ASIN,SYED MEERA SHARIEF,559,93,5.6,98,51,72,62,46,34,41,96,89,68,3.0,3.0,3.0,3.0,3.0,3.0,1.5,1.5,1.5,88,59,56,93,114,113,9,21,97,20IT201/MA02 NUMERICAL METHODS AND ADVANCED CALCULUS,20IT202/PH03 SEMICONDUCTOR PHYSICS,20IT203 COMMUNICATIVE ENGLISH,20IT204 PROGRAMMING FOR PROBLEM SOLVING,20IT205 DIGITAL LOGIC DESIGN,20IT206 DISCRETE MATHEMATICS,20ITL201/PHL01 SEMICONDUCTOR PHYSICS LAB,20ITL202/ELL01 COMMUNICATIVE ENGLISH LAB,20ITL203 PROBLEM SOLVING WITH PROGRAMMING LAB
y22ait515,TAMMULURI SHALINI,TAMMULURI SURESH,495,103,4.67,104,44,64,46,50,38,0,92,91,70,3.0,3.0,3.0,3.0,3.0,3.0,1.5,1.5,1.5,99,79,115,83,107,121,61,6,93,20IT201/MA02 NUMERICAL METHODS AND ADVANCED CALCULUS,20IT202/PH03 SEMICONDUCTOR PHYSICS,20IT203 COMMUNICATIVE ENGLISH,20IT204 PROGRAMMING FOR PROBLEM SOLVING,20IT205 DIGITAL LOGIC DESIGN,20IT206 DISCRETE MATHEMATICS,20ITL201/PHL01 SEMICONDUCTOR PHYSICS LAB,20ITL202/ELL01 COMMUNICATIVE ENGLISH LAB,20ITL203 PROBLEM SOLVING WITH PROGRAMMING LAB
y22ait516,TANNIRU NAGENDRA,TANNIRU SIVA,759,17,8.87,17,99,85,76,75,72,83,93,83,93,3.0,3.0,3.0,3.0,3.0,3.0,1.5,1.5,1.5,1,27,7,17,33,41,46,65,22,20IT201/MA02 NUMERICAL METHODS AND ADVANCED CALCULUS,20IT202/PH03 SEMICONDUCTOR PHYSICS,20IT203 COMMUNICATIVE ENGLISH,20IT204 PROGRAMMING FOR PROBLEM SOLVING,20IT205 DIGITAL LOGIC DESIGN,20IT206 DISCRETE MATHEMATICS,20ITL201/PHL01 SEMICONDUCTOR PHYSICS LAB,20ITL202/ELL01 COMMUNICATIVE ENGLISH LAB,20ITL203 PROBLEM SOLVING WITH PROGRAMMING LAB
y22ait517,TUTARAM NIKHILA,TUTARAM GOPALA KRISHNA,767,14,8.87,18,89,94,74,66,81,88,95,93,87,3.0,3.0,3.0,3.0,3.0,3.0,1.5,1.5,1.5,22,6,16,39,14,28,24,3,44,20IT201/MA02 NUMERICAL METHODS AND ADVANCED CALCULUS,20IT202/PH03 SEMICONDUCTOR PHYSICS,20IT203 COMMUNICATIVE ENGLISH,20IT204 PROGRAMMING FOR PROBLEM SOLVING,20IT205 DIGITAL LOGIC DESIGN,20IT206 DISCRETE MATHEMATICS,20ITL201/PHL01 SEMICONDUCTOR PHYSICS LAB,20ITL202/ELL01 COMMUNICATIVE ENGLISH LAB,20ITL203 PROBLEM SOLVING WITH PROGRAMMING LAB
y22ait518,ULASA POOJITHA,ULASA SUBBARAO,592,82,6.93,76,62,63,63,54,54,56,91,81,68,3.0,3.0,3.0,3.0,3.0,3.0,1.5,1.5,1.5,74,81,46,74,80,96,69,87,98,20IT201/MA02 NUMERICAL METHODS AND ADVANCED CALCULUS,20IT202/PH03 SEMICONDUCTOR PHYSICS,20IT203 COMMUNICATIVE ENGLISH,20IT204 PROGRAMMING FOR PROBLEM SOLVING,20IT205 DIGITAL LOGIC DESIGN,20IT206 DISCRETE MATHEMATICS,20ITL201/PHL01 SEMICONDUCTOR PHYSICS LAB,20ITL202/ELL01 COMMUNICATIVE ENGLISH LAB,20ITL203 PROBLEM SOLVING WITH PROGRAMMING LAB
y22ait519,ULLAM PURNA CHANDRA RAO,ULLAM RAMANA RAO,482,106,4.0,109,33,53,58,32,22,54,89,84,57,3.0,3.0,3.0,3.0,3.0,3.0,1.5,1.5,1.5,113,98,69,108,123,100,81,50,108,20IT201/MA02 NUMERICAL METHODS AND ADVANCED CALCULUS,20IT202/PH03 SEMICONDUCTOR PHYSICS,20IT203 COMMUNICATIVE ENGLISH,20IT204 PROGRAMMING FOR PROBLEM SOLVING,20IT205 DIGITAL LOGIC DESIGN,20IT206 DISCRETE MATHEMATICS,20ITL201/PHL01 SEMICONDUCTOR PHYSICS LAB,20ITL202/ELL01 COMMUNICATIVE ENGLISH LAB,20ITL203 PROBLEM SOLVING WITH PROGRAMMING LAB
y22ait520,VALLEPU BHUVANESH,VALLEPU VEERA SWAMY,644,64,7.4,65,59,75,79,72,56,58,90,90,65,3.0,3.0,3.0,3.0,3.0,3.0,1.5,1.5,1.5,79,54,4,28,76,92,77,14,102,20IT201/MA02 NUMERICAL METHODS AND ADVANCED CALCULUS,20IT202/PH03 SEMICONDUCTOR PHYSICS,20IT203 COMMUNICATIVE ENGLISH,20IT204 PROGRAMMING FOR PROBLEM SOLVING,20IT205 DIGITAL LOGIC DESIGN,20IT206 DISCRETE MATHEMATICS,20ITL201/PHL01 SEMICONDUCTOR PHYSICS LAB,20ITL202/ELL01 COMMUNICATIVE ENGLISH LAB,20ITL203 PROBLEM SOLVING WITH PROGRAMMING LAB
y22ait521,VANJA SASI KUMAR,VANJA TIRUPATHIRAO,546,96,5.93,96,44,66,65,45,47,50,96,80,53,3.0,3.0,3.0,3.0,3.0,3.0,1.5,1.5,1.5,100,75,40,96,98,105,16,96,111,20IT201/MA02 NUMERICAL METHODS AND ADVANCED CALCULUS,20IT202/PH03 SEMICONDUCTOR PHYSICS,20IT203 COMMUNICATIVE ENGLISH,20IT204 PROGRAMMING FOR PROBLEM SOLVING,20IT205 DIGITAL LOGIC DESIGN,20IT206 DISCRETE MATHEMATICS,20ITL201/PHL01 SEMICONDUCTOR PHYSICS LAB,20ITL202/ELL01 COMMUNICATIVE ENGLISH LAB,20ITL203 PROBLEM SOLVING WITH PROGRAMMING LAB
y22ait522,VANUKURI BINDU,VANUKURI RAMANJANEYAREDDY,743,26,8.73,25,87,82,75,81,77,87,95,91,68,3.0,3.0,3.0,3.0,3.0,3.0,1.5,1.5,1.5,27,32,13,10,22,31,18,11,95,20IT201/MA02 NUMERICAL METHODS AND ADVANCED CALCULUS,20IT202/PH03 SEMICONDUCTOR PHYSICS,20IT203 COMMUNICATIVE ENGLISH,20IT204 PROGRAMMING FOR PROBLEM SOLVING,20IT205 DIGITAL LOGIC DESIGN,20IT206 DISCRETE MATHEMATICS,20ITL201/PHL01 SEMICONDUCTOR PHYSICS LAB,20ITL202/ELL01 COMMUNICATIVE ENGLISH LAB,20ITL203 PROBLEM SOLVING WITH PROGRAMMING LAB
y22ait524,VERICHARLA ABHILASH,VERICHARLA RAMESH BABU,485,104,6.07,94,41,66,73,51,53,61,0,77,63,3.0,3.0,3.0,3.0,3.0,3.0,1.5,1.5,1.5,106,77,17,78,83,85,129,114,106,20IT201/MA02 NUMERICAL METHODS AND ADVANCED CALCULUS,20IT202/PH03 SEMICONDUCTOR PHYSICS,20IT203 COMMUNICATIVE ENGLISH,20IT204 PROGRAMMING FOR PROBLEM SOLVING,20IT205 DIGITAL LOGIC DESIGN,20IT206 DISCRETE MATHEMATICS,20ITL201/PHL01 SEMICONDUCTOR PHYSICS LAB,20ITL202/ELL01 COMMUNICATIVE ENGLISH LAB,20ITL203 PROBLEM SOLVING WITH PROGRAMMING LAB
y22ait525,VINUKONDA SUDHEESHNA,VINUKONDA SRINIVASRAO,443,113,3.0,117,85,25,16,16,24,23,93,88,73,3.0,3.0,3.0,3.0,3.0,3.0,1.5,1.5,1.5,32,118,127,116,122,118,41,23,81,20IT201/MA02 NUMERICAL METHODS AND ADVANCED CALCULUS,20IT202/PH03 SEMICONDUCTOR PHYSICS,20IT203 COMMUNICATIVE ENGLISH,20IT204 PROGRAMMING FOR PROBLEM SOLVING,20IT205 DIGITAL LOGIC DESIGN,20IT206 DISCRETE MATHEMATICS,20ITL201/PHL01 SEMICONDUCTOR PHYSICS LAB,20ITL202/ELL01 COMMUNICATIVE ENGLISH LAB,20ITL203 PROBLEM SOLVING WITH PROGRAMMING LAB
y22ait526,VYSYARAJU SRILAXMI,VYSYARAJU SRINIVASA RAO,682,48,7.87,50,60,89,72,69,54,77,96,94,71,3.0,3.0,3.0,3.0,3.0,3.0,1.5,1.5,1.5,78,15,21,33,82,55,8,2,88,20IT201/MA02 NUMERICAL METHODS AND ADVANCED CALCULUS,20IT202/PH03 SEMICONDUCTOR PHYSICS,20IT203 COMMUNICATIVE ENGLISH,20IT204 PROGRAMMING FOR PROBLEM SOLVING,20IT205 DIGITAL LOGIC DESIGN,20IT206 DISCRETE MATHEMATICS,20ITL201/PHL01 SEMICONDUCTOR PHYSICS LAB,20ITL202/ELL01 COMMUNICATIVE ENGLISH LAB,20ITL203 PROBLEM SOLVING WITH PROGRAMMING LAB
y22ait527,YADAVALLI JITENDRA SAI,YADAVALLI ADISESHAIAH,598,80,6.53,82,75,69,69,56,59,58,87,82,43,3.0,3.0,3.0,3.0,3.0,3.0,1.5,1.5,1.5,50,68,31,70,72,93,95,73,118,20IT201/MA02 NUMERICAL METHODS AND ADVANCED CALCULUS,20IT202/PH03 SEMICONDUCTOR PHYSICS,20IT203 COMMUNICATIVE ENGLISH,20IT204 PROGRAMMING FOR PROBLEM SOLVING,20IT205 DIGITAL LOGIC DESIGN,20IT206 DISCRETE MATHEMATICS,20ITL201/PHL01 SEMICONDUCTOR PHYSICS LAB,20ITL202/ELL01 COMMUNICATIVE ENGLISH LAB,20ITL203 PROBLEM SOLVING WITH PROGRAMMING LAB
y22ait528,YAGANTI YASWITHA RANI,YAGANTI LAKSHMANA RAO,580,85,6.13,92,29,65,64,50,67,55,95,88,67,3.0,3.0,3.0,3.0,3.0,3.0,1.5,1.5,1.5,120,78,44,86,48,97,25,26,99,20IT201/MA02 NUMERICAL METHODS AND ADVANCED CALCULUS,20IT202/PH03 SEMICONDUCTOR PHYSICS,20IT203 COMMUNICATIVE ENGLISH,20IT204 PROGRAMMING FOR PROBLEM SOLVING,20IT205 DIGITAL LOGIC DESIGN,20IT206 DISCRETE MATHEMATICS,20ITL201/PHL01 SEMICONDUCTOR PHYSICS LAB,20ITL202/ELL01 COMMUNICATIVE ENGLISH LAB,20ITL203 PROBLEM SOLVING WITH PROGRAMMING LAB
y22ait529,YARRABIKKI HARI,YARRABIKKI ANJAIAH,671,51,7.67,53,77,69,74,58,64,73,95,86,75,3.0,3.0,3.0,3.0,3.0,3.0,1.5,1.5,1.5,47,69,15,63,58,63,23,34,73,20IT201/MA02 NUMERICAL METHODS AND ADVANCED CALCULUS,20IT202/PH03 SEMICONDUCTOR PHYSICS,20IT203 COMMUNICATIVE ENGLISH,20IT204 PROGRAMMING FOR PROBLEM SOLVING,20IT205 DIGITAL LOGIC DESIGN,20IT206 DISCRETE MATHEMATICS,20ITL201/PHL01 SEMICONDUCTOR PHYSICS LAB,20ITL202/ELL01 COMMUNICATIVE ENGLISH LAB,20ITL203 PROBLEM SOLVING WITH PROGRAMMING LAB
y22ait530,YARRAMSETTI MANIKANTA,YARRAMSETTI RAMACHANDRA RAO,773,10,9.2,7,92,85,84,72,80,97,94,89,80,3.0,3.0,3.0,3.0,3.0,3.0,1.5,1.5,1.5,15,25,1,26,15,4,29,20,55,20IT201/MA02 NUMERICAL METHODS AND ADVANCED CALCULUS,20IT202/PH03 SEMICONDUCTOR PHYSICS,20IT203 COMMUNICATIVE ENGLISH,20IT204 PROGRAMMING FOR PROBLEM SOLVING,20IT205 DIGITAL LOGIC DESIGN,20IT206 DISCRETE MATHEMATICS,20ITL201/PHL01 SEMICONDUCTOR PHYSICS LAB,20ITL202/ELL01 COMMUNICATIVE ENGLISH LAB,20ITL203 PROBLEM SOLVING WITH PROGRAMMING LAB
y22ait532,KUMMITHA MALLIKARJUNA REDDY,KUMMITHA RAMI REDDY,451,112,4.13,108,19,56,51,0,33,50,85,80,77,3.0,3.0,3.0,3.0,3.0,3.0,1.5,1.5,1.5,123,93,101,125,117,106,106,93,67,20IT201/MA02 NUMERICAL METHODS AND ADVANCED CALCULUS,20IT202/PH03 SEMICONDUCTOR PHYSICS,20IT203 COMMUNICATIVE ENGLISH,20IT204 PROGRAMMING FOR PROBLEM SOLVING,20IT205 DIGITAL LOGIC DESIGN,20IT206 DISCRETE MATHEMATICS,20ITL201/PHL01 SEMICONDUCTOR PHYSICS LAB,20ITL202/ELL01 COMMUNICATIVE ENGLISH LAB,20ITL203 PROBLEM SOLVING WITH PROGRAMMING LAB
