Reg No,Name,Father Name,total,total_rank,sgpa,sgpa_rank,MPMC,DS,OOPS,OS,CO,TE,LINUX_LAB,DS_LAB,OOPS_LAB,C1,C2,C3,C4,C5,C6,C7,C8,C9,mpmc_rank,ds_rank,oops_rank,os_rank,co_rank,te_rank,linux_lab_rank,ds_lab_rank,oops_lab_rank,sub1,sub2,sub3,sub4,sub5,sub6,sub7,sub8,sub9
y21ait401,ADDANKI NAGA SAI,ADDANKI BHADRAIAH,424,87,4.06,92,48,22,63,45,56,48,48,31,63,3.0,3.0,3.0,3.0,3.0,3.0,3.5,1.5,1.5,83,94,71,77,72,106,83,98,84,20IT301 MICRO PROCESSOR & MICRO CONTROLLER,20IT302 DATA STRUCTURES,20IT303 OBJECT ORIENTED PROGRAMMING,20IT304 OPERATING SYSTEMS,20CB305 COMPUTER ORGANIZATION,20IT306 TECHNICAL ENGLISH,20ITL301/SO01 LINUX ESSENTIALS LAB,20ITL302 DATA STRUCTURES LAB,20ITL303 OBJECT ORIENTED PROGRAMMING LAB
y21ait402,ALAVALA SAI PRAVALLIKA,ALAVALA DURGA REDDY,629,41,7.51,39,72,61,78,60,69,68,73,61,87,3.0,3.0,3.0,3.0,3.0,3.0,3.5,1.5,1.5,38,74,35,39,32,47,35,38,19,20IT301 MICRO PROCESSOR & MICRO CONTROLLER,20IT302 DATA STRUCTURES,20IT303 OBJECT ORIENTED PROGRAMMING,20IT304 OPERATING SYSTEMS,20CB305 COMPUTER ORGANIZATION,20IT306 TECHNICAL ENGLISH,20ITL301/SO01 LINUX ESSENTIALS LAB,20ITL302 DATA STRUCTURES LAB,20ITL303 OBJECT ORIENTED PROGRAMMING LAB
y21ait403,AMBATI PRAVEEN SESHU,AMBATI MUKKANTESWARUDU,597,51,6.94,55,73,69,78,68,72,65,43,62,67,3.0,3.0,3.0,3.0,3.0,3.0,3.5,1.5,1.5,36,57,38,19,28,62,101,37,73,20IT301 MICRO PROCESSOR & MICRO CONTROLLER,20IT302 DATA STRUCTURES,20IT303 OBJECT ORIENTED PROGRAMMING,20IT304 OPERATING SYSTEMS,20CB305 COMPUTER ORGANIZATION,20IT306 TECHNICAL ENGLISH,20ITL301/SO01 LINUX ESSENTIALS LAB,20ITL302 DATA STRUCTURES LAB,20ITL303 OBJECT ORIENTED PROGRAMMING LAB
y21ait404,AMERINENI BALAJI,AMERINENI LAKSHMANA RAO,580,58,7.0,54,71,56,74,64,67,65,60,47,76,3.0,3.0,3.0,3.0,3.0,3.0,3.5,1.5,1.5,39,75,49,29,36,63,60,68,50,20IT301 MICRO PROCESSOR & MICRO CONTROLLER,20IT302 DATA STRUCTURES,20IT303 OBJECT ORIENTED PROGRAMMING,20IT304 OPERATING SYSTEMS,20CB305 COMPUTER ORGANIZATION,20IT306 TECHNICAL ENGLISH,20ITL301/SO01 LINUX ESSENTIALS LAB,20ITL302 DATA STRUCTURES LAB,20ITL303 OBJECT ORIENTED PROGRAMMING LAB
y21ait405,ANCHA PREMCHAND,ANCHA HANUMANTHA RAO,631,39,7.55,37,83,62,67,62,64,71,62,67,93,3.0,3.0,3.0,3.0,3.0,3.0,3.5,1.5,1.5,14,72,62,34,54,34,58,31,11,20IT301 MICRO PROCESSOR & MICRO CONTROLLER,20IT302 DATA STRUCTURES,20IT303 OBJECT ORIENTED PROGRAMMING,20IT304 OPERATING SYSTEMS,20CB305 COMPUTER ORGANIZATION,20IT306 TECHNICAL ENGLISH,20ITL301/SO01 LINUX ESSENTIALS LAB,20ITL302 DATA STRUCTURES LAB,20ITL303 OBJECT ORIENTED PROGRAMMING LAB
y21ait406,ANUMALA VENKATA SAIRAM,ANUMALA SATYANARAYANA,780,2,9.02,2,88,86,90,79,77,74,95,95,96,3.0,3.0,3.0,3.0,3.0,3.0,3.5,1.5,1.5,7,14,7,1,10,19,1,2,4,20IT301 MICRO PROCESSOR & MICRO CONTROLLER,20IT302 DATA STRUCTURES,20IT303 OBJECT ORIENTED PROGRAMMING,20IT304 OPERATING SYSTEMS,20CB305 COMPUTER ORGANIZATION,20IT306 TECHNICAL ENGLISH,20ITL301/SO01 LINUX ESSENTIALS LAB,20ITL302 DATA STRUCTURES LAB,20ITL303 OBJECT ORIENTED PROGRAMMING LAB
y21ait407,BARLA DOLA SATYA GANESH,BARLA SRI VENU GOPAL,723,11,8.53,12,82,75,76,76,74,74,93,79,94,3.0,3.0,3.0,3.0,3.0,3.0,3.5,1.5,1.5,18,45,43,5,22,21,4,14,9,20IT301 MICRO PROCESSOR & MICRO CONTROLLER,20IT302 DATA STRUCTURES,20IT303 OBJECT ORIENTED PROGRAMMING,20IT304 OPERATING SYSTEMS,20CB305 COMPUTER ORGANIZATION,20IT306 TECHNICAL ENGLISH,20ITL301/SO01 LINUX ESSENTIALS LAB,20ITL302 DATA STRUCTURES LAB,20ITL303 OBJECT ORIENTED PROGRAMMING LAB
y21ait408,BELLAMKONDA HARI CHANDANA,BELLAMKONDA CHANDRA SEKHARA RAO,730,8,8.61,8,90,78,89,75,83,70,70,76,99,3.0,3.0,3.0,3.0,3.0,3.0,3.5,1.5,1.5,3,35,11,6,5,36,41,19,2,20IT301 MICRO PROCESSOR & MICRO CONTROLLER,20IT302 DATA STRUCTURES,20IT303 OBJECT ORIENTED PROGRAMMING,20IT304 OPERATING SYSTEMS,20CB305 COMPUTER ORGANIZATION,20IT306 TECHNICAL ENGLISH,20ITL301/SO01 LINUX ESSENTIALS LAB,20ITL302 DATA STRUCTURES LAB,20ITL303 OBJECT ORIENTED PROGRAMMING LAB
y21ait409,BHEEMAVARAPU LAHARI SRI DURGA,BHEEMAVARAPU SUBBARAO,685,25,8.0,26,79,69,88,75,74,75,71,59,95,3.0,3.0,3.0,3.0,3.0,3.0,3.5,1.5,1.5,22,58,15,7,23,14,39,45,7,20IT301 MICRO PROCESSOR & MICRO CONTROLLER,20IT302 DATA STRUCTURES,20IT303 OBJECT ORIENTED PROGRAMMING,20IT304 OPERATING SYSTEMS,20CB305 COMPUTER ORGANIZATION,20IT306 TECHNICAL ENGLISH,20ITL301/SO01 LINUX ESSENTIALS LAB,20ITL302 DATA STRUCTURES LAB,20ITL303 OBJECT ORIENTED PROGRAMMING LAB
y21ait410,BODEMPUDI PRATHYUSHA,BODEMPUDI RAMANJANEYULU,673,27,8.24,18,90,73,85,74,76,73,74,56,72,3.0,3.0,3.0,3.0,3.0,3.0,3.5,1.5,1.5,4,49,22,9,16,22,32,49,61,20IT301 MICRO PROCESSOR & MICRO CONTROLLER,20IT302 DATA STRUCTURES,20IT303 OBJECT ORIENTED PROGRAMMING,20IT304 OPERATING SYSTEMS,20CB305 COMPUTER ORGANIZATION,20IT306 TECHNICAL ENGLISH,20ITL301/SO01 LINUX ESSENTIALS LAB,20ITL302 DATA STRUCTURES LAB,20ITL303 OBJECT ORIENTED PROGRAMMING LAB
y21ait411,BOMMIDI YUGANDHAR,BOMMIDI SAMBAIAH,403,92,4.29,89,41,53,47,46,45,60,0,56,55,3.0,3.0,3.0,3.0,3.0,3.0,3.5,1.5,1.5,94,79,89,72,99,75,114,51,99,20IT301 MICRO PROCESSOR & MICRO CONTROLLER,20IT302 DATA STRUCTURES,20IT303 OBJECT ORIENTED PROGRAMMING,20IT304 OPERATING SYSTEMS,20CB305 COMPUTER ORGANIZATION,20IT306 TECHNICAL ENGLISH,20ITL301/SO01 LINUX ESSENTIALS LAB,20ITL302 DATA STRUCTURES LAB,20ITL303 OBJECT ORIENTED PROGRAMMING LAB
y21ait412,BONTHU ADEESH,BONTHU SRINIVASA RAO,388,95,3.57,96,25,30,40,42,44,60,46,41,60,3.0,3.0,3.0,3.0,3.0,3.0,3.5,1.5,1.5,99,89,94,89,101,74,91,91,93,20IT301 MICRO PROCESSOR & MICRO CONTROLLER,20IT302 DATA STRUCTURES,20IT303 OBJECT ORIENTED PROGRAMMING,20IT304 OPERATING SYSTEMS,20CB305 COMPUTER ORGANIZATION,20IT306 TECHNICAL ENGLISH,20ITL301/SO01 LINUX ESSENTIALS LAB,20ITL302 DATA STRUCTURES LAB,20ITL303 OBJECT ORIENTED PROGRAMMING LAB
y21ait413,CHENNU GANESH,CHENNU NAGA RAJU,417,90,4.49,86,40,40,43,46,47,64,43,40,54,3.0,3.0,3.0,3.0,3.0,3.0,3.5,1.5,1.5,96,86,92,71,92,67,103,94,101,20IT301 MICRO PROCESSOR & MICRO CONTROLLER,20IT302 DATA STRUCTURES,20IT303 OBJECT ORIENTED PROGRAMMING,20IT304 OPERATING SYSTEMS,20CB305 COMPUTER ORGANIZATION,20IT306 TECHNICAL ENGLISH,20ITL301/SO01 LINUX ESSENTIALS LAB,20ITL302 DATA STRUCTURES LAB,20ITL303 OBJECT ORIENTED PROGRAMMING LAB
y21ait414,CHIGURUPATI NEHA,CHIGURUPATI RAM PRASAD,696,19,8.06,23,90,67,88,67,64,79,74,68,99,3.0,3.0,3.0,3.0,3.0,3.0,3.5,1.5,1.5,6,60,13,22,53,4,33,26,1,20IT301 MICRO PROCESSOR & MICRO CONTROLLER,20IT302 DATA STRUCTURES,20IT303 OBJECT ORIENTED PROGRAMMING,20IT304 OPERATING SYSTEMS,20CB305 COMPUTER ORGANIZATION,20IT306 TECHNICAL ENGLISH,20ITL301/SO01 LINUX ESSENTIALS LAB,20ITL302 DATA STRUCTURES LAB,20ITL303 OBJECT ORIENTED PROGRAMMING LAB
y21ait415,CHUNDURI SAI SRINIVAS,CHUNDURI NAGENDRA GUPTA,651,33,7.69,34,77,61,79,62,66,72,70,67,97,3.0,3.0,3.0,3.0,3.0,3.0,3.5,1.5,1.5,27,73,33,33,45,30,43,28,3,20IT301 MICRO PROCESSOR & MICRO CONTROLLER,20IT302 DATA STRUCTURES,20IT303 OBJECT ORIENTED PROGRAMMING,20IT304 OPERATING SYSTEMS,20CB305 COMPUTER ORGANIZATION,20IT306 TECHNICAL ENGLISH,20ITL301/SO01 LINUX ESSENTIALS LAB,20ITL302 DATA STRUCTURES LAB,20ITL303 OBJECT ORIENTED PROGRAMMING LAB
y21ait416,DAGGUBATI HARSHITHA,DAGGUBATI RAVI BABU,652,32,7.76,31,76,65,85,69,66,70,74,52,95,3.0,3.0,3.0,3.0,3.0,3.0,3.5,1.5,1.5,28,65,21,15,44,37,34,58,6,20IT301 MICRO PROCESSOR & MICRO CONTROLLER,20IT302 DATA STRUCTURES,20IT303 OBJECT ORIENTED PROGRAMMING,20IT304 OPERATING SYSTEMS,20CB305 COMPUTER ORGANIZATION,20IT306 TECHNICAL ENGLISH,20ITL301/SO01 LINUX ESSENTIALS LAB,20ITL302 DATA STRUCTURES LAB,20ITL303 OBJECT ORIENTED PROGRAMMING LAB
y21ait417,DAMARLA KESAVA KRISHNA,DAMARLA VENKATESWARA RAO,715,13,8.43,15,74,80,88,70,73,75,77,86,92,3.0,3.0,3.0,3.0,3.0,3.0,3.5,1.5,1.5,33,27,14,14,26,15,27,8,14,20IT301 MICRO PROCESSOR & MICRO CONTROLLER,20IT302 DATA STRUCTURES,20IT303 OBJECT ORIENTED PROGRAMMING,20IT304 OPERATING SYSTEMS,20CB305 COMPUTER ORGANIZATION,20IT306 TECHNICAL ENGLISH,20ITL301/SO01 LINUX ESSENTIALS LAB,20ITL302 DATA STRUCTURES LAB,20ITL303 OBJECT ORIENTED PROGRAMMING LAB
y21ait418,DASARI MAHESH,DASARI MALYADRI,462,81,4.8,84,59,30,67,45,54,55,45,42,65,3.0,3.0,3.0,3.0,3.0,3.0,3.5,1.5,1.5,66,88,64,79,73,94,95,84,76,20IT301 MICRO PROCESSOR & MICRO CONTROLLER,20IT302 DATA STRUCTURES,20IT303 OBJECT ORIENTED PROGRAMMING,20IT304 OPERATING SYSTEMS,20CB305 COMPUTER ORGANIZATION,20IT306 TECHNICAL ENGLISH,20ITL301/SO01 LINUX ESSENTIALS LAB,20ITL302 DATA STRUCTURES LAB,20ITL303 OBJECT ORIENTED PROGRAMMING LAB
y21ait419,DEGALA SAI ASHOK,DEGALA VENKATESWARLU,585,55,7.0,53,72,79,55,54,65,73,64,45,78,3.0,3.0,3.0,3.0,3.0,3.0,3.5,1.5,1.5,37,34,78,50,48,26,57,74,46,20IT301 MICRO PROCESSOR & MICRO CONTROLLER,20IT302 DATA STRUCTURES,20IT303 OBJECT ORIENTED PROGRAMMING,20IT304 OPERATING SYSTEMS,20CB305 COMPUTER ORGANIZATION,20IT306 TECHNICAL ENGLISH,20ITL301/SO01 LINUX ESSENTIALS LAB,20ITL302 DATA STRUCTURES LAB,20ITL303 OBJECT ORIENTED PROGRAMMING LAB
y21ait420,DEVARAPALLI VINAY KUMAR,DEVARAPALLI MOJES,598,50,7.33,45,63,75,78,63,66,73,72,46,62,3.0,3.0,3.0,3.0,3.0,3.0,3.5,1.5,1.5,55,42,34,30,46,24,37,71,90,20IT301 MICRO PROCESSOR & MICRO CONTROLLER,20IT302 DATA STRUCTURES,20IT303 OBJECT ORIENTED PROGRAMMING,20IT304 OPERATING SYSTEMS,20CB305 COMPUTER ORGANIZATION,20IT306 TECHNICAL ENGLISH,20ITL301/SO01 LINUX ESSENTIALS LAB,20ITL302 DATA STRUCTURES LAB,20ITL303 OBJECT ORIENTED PROGRAMMING LAB
y21ait421,DIVVELA HEMANTH KUMAR,DIVVELA NAGENDRA PRASAD,517,73,5.96,71,67,68,61,43,52,58,48,50,70,3.0,3.0,3.0,3.0,3.0,3.0,3.5,1.5,1.5,49,59,73,86,81,83,80,60,64,20IT301 MICRO PROCESSOR & MICRO CONTROLLER,20IT302 DATA STRUCTURES,20IT303 OBJECT ORIENTED PROGRAMMING,20IT304 OPERATING SYSTEMS,20CB305 COMPUTER ORGANIZATION,20IT306 TECHNICAL ENGLISH,20ITL301/SO01 LINUX ESSENTIALS LAB,20ITL302 DATA STRUCTURES LAB,20ITL303 OBJECT ORIENTED PROGRAMMING LAB
y21ait422,DODDA DINESH,DODDA RAMESH,284,103,2.9,98,0,17,0,40,40,50,42,42,53,3.0,3.0,3.0,3.0,3.0,3.0,3.5,1.5,1.5,109,100,114,91,102,101,105,87,105,20IT301 MICRO PROCESSOR & MICRO CONTROLLER,20IT302 DATA STRUCTURES,20IT303 OBJECT ORIENTED PROGRAMMING,20IT304 OPERATING SYSTEMS,20CB305 COMPUTER ORGANIZATION,20IT306 TECHNICAL ENGLISH,20ITL301/SO01 LINUX ESSENTIALS LAB,20ITL302 DATA STRUCTURES LAB,20ITL303 OBJECT ORIENTED PROGRAMMING LAB
y21ait423,DOKKA JASHUVA DANIEL,DOKKA ISRAYELU,289,102,1.96,104,0,16,33,43,46,53,22,41,35,3.0,3.0,3.0,3.0,3.0,3.0,3.5,1.5,1.5,113,102,95,87,96,98,112,88,111,20IT301 MICRO PROCESSOR & MICRO CONTROLLER,20IT302 DATA STRUCTURES,20IT303 OBJECT ORIENTED PROGRAMMING,20IT304 OPERATING SYSTEMS,20CB305 COMPUTER ORGANIZATION,20IT306 TECHNICAL ENGLISH,20ITL301/SO01 LINUX ESSENTIALS LAB,20ITL302 DATA STRUCTURES LAB,20ITL303 OBJECT ORIENTED PROGRAMMING LAB
y21ait424,DONEPUDI SUMA,DONEPUDI SUKUMAR,585,54,6.9,57,74,67,76,46,64,69,70,46,73,3.0,3.0,3.0,3.0,3.0,3.0,3.5,1.5,1.5,32,61,44,70,50,41,42,70,58,20IT301 MICRO PROCESSOR & MICRO CONTROLLER,20IT302 DATA STRUCTURES,20IT303 OBJECT ORIENTED PROGRAMMING,20IT304 OPERATING SYSTEMS,20CB305 COMPUTER ORGANIZATION,20IT306 TECHNICAL ENGLISH,20ITL301/SO01 LINUX ESSENTIALS LAB,20ITL302 DATA STRUCTURES LAB,20ITL303 OBJECT ORIENTED PROGRAMMING LAB
y21ait425,DOPPALAPUDI KARTHIK,DOPPALAPUDI VENKATARAO,462,82,5.04,81,62,50,48,49,49,56,41,45,62,3.0,3.0,3.0,3.0,3.0,3.0,3.5,1.5,1.5,59,83,88,61,89,88,107,72,86,20IT301 MICRO PROCESSOR & MICRO CONTROLLER,20IT302 DATA STRUCTURES,20IT303 OBJECT ORIENTED PROGRAMMING,20IT304 OPERATING SYSTEMS,20CB305 COMPUTER ORGANIZATION,20IT306 TECHNICAL ENGLISH,20ITL301/SO01 LINUX ESSENTIALS LAB,20ITL302 DATA STRUCTURES LAB,20ITL303 OBJECT ORIENTED PROGRAMMING LAB
y21ait426,DUNNA AKSHAY,DUNNA VENKAIAH,426,86,4.67,85,54,24,54,43,51,53,43,44,60,3.0,3.0,3.0,3.0,3.0,3.0,3.5,1.5,1.5,76,91,82,83,84,96,100,76,91,20IT301 MICRO PROCESSOR & MICRO CONTROLLER,20IT302 DATA STRUCTURES,20IT303 OBJECT ORIENTED PROGRAMMING,20IT304 OPERATING SYSTEMS,20CB305 COMPUTER ORGANIZATION,20IT306 TECHNICAL ENGLISH,20ITL301/SO01 LINUX ESSENTIALS LAB,20ITL302 DATA STRUCTURES LAB,20ITL303 OBJECT ORIENTED PROGRAMMING LAB
y21ait427,G PRANEETA,G NAGA POLESWARA RAO,655,31,7.92,29,81,83,81,66,75,71,68,49,81,3.0,3.0,3.0,3.0,3.0,3.0,3.5,1.5,1.5,21,22,30,26,18,33,50,62,40,20IT301 MICRO PROCESSOR & MICRO CONTROLLER,20IT302 DATA STRUCTURES,20IT303 OBJECT ORIENTED PROGRAMMING,20IT304 OPERATING SYSTEMS,20CB305 COMPUTER ORGANIZATION,20IT306 TECHNICAL ENGLISH,20ITL301/SO01 LINUX ESSENTIALS LAB,20ITL302 DATA STRUCTURES LAB,20ITL303 OBJECT ORIENTED PROGRAMMING LAB
y21ait428,GANGAVARAPU NAVEENA,GANGAVARAPU VENKATARAO,512,74,5.84,77,63,53,67,49,52,67,45,42,74,3.0,3.0,3.0,3.0,3.0,3.0,3.5,1.5,1.5,57,80,63,62,83,53,96,82,57,20IT301 MICRO PROCESSOR & MICRO CONTROLLER,20IT302 DATA STRUCTURES,20IT303 OBJECT ORIENTED PROGRAMMING,20IT304 OPERATING SYSTEMS,20CB305 COMPUTER ORGANIZATION,20IT306 TECHNICAL ENGLISH,20ITL301/SO01 LINUX ESSENTIALS LAB,20ITL302 DATA STRUCTURES LAB,20ITL303 OBJECT ORIENTED PROGRAMMING LAB
y21ait429,GANTA KOKILA,GANTA NANAJI RAO,666,28,7.69,35,69,80,78,65,57,79,77,75,86,3.0,3.0,3.0,3.0,3.0,3.0,3.5,1.5,1.5,47,28,39,27,69,3,26,21,27,20IT301 MICRO PROCESSOR & MICRO CONTROLLER,20IT302 DATA STRUCTURES,20IT303 OBJECT ORIENTED PROGRAMMING,20IT304 OPERATING SYSTEMS,20CB305 COMPUTER ORGANIZATION,20IT306 TECHNICAL ENGLISH,20ITL301/SO01 LINUX ESSENTIALS LAB,20ITL302 DATA STRUCTURES LAB,20ITL303 OBJECT ORIENTED PROGRAMMING LAB
y21ait430,GARLAPATI AJAY KUMAR,GARLAPATI VIJAY KUMAR,282,104,2.69,99,41,0,43,40,32,53,0,0,73,3.0,3.0,3.0,3.0,3.0,3.0,3.5,1.5,1.5,95,114,93,98,104,100,113,115,59,20IT301 MICRO PROCESSOR & MICRO CONTROLLER,20IT302 DATA STRUCTURES,20IT303 OBJECT ORIENTED PROGRAMMING,20IT304 OPERATING SYSTEMS,20CB305 COMPUTER ORGANIZATION,20IT306 TECHNICAL ENGLISH,20ITL301/SO01 LINUX ESSENTIALS LAB,20ITL302 DATA STRUCTURES LAB,20ITL303 OBJECT ORIENTED PROGRAMMING LAB
y21ait431,GOPATHI SAI GANESH,GOPATHI VENKATARAMAIAH,424,88,4.41,87,57,17,54,45,49,48,58,40,56,3.0,3.0,3.0,3.0,3.0,3.0,3.5,1.5,1.5,69,98,81,81,87,105,61,96,97,20IT301 MICRO PROCESSOR & MICRO CONTROLLER,20IT302 DATA STRUCTURES,20IT303 OBJECT ORIENTED PROGRAMMING,20IT304 OPERATING SYSTEMS,20CB305 COMPUTER ORGANIZATION,20IT306 TECHNICAL ENGLISH,20ITL301/SO01 LINUX ESSENTIALS LAB,20ITL302 DATA STRUCTURES LAB,20ITL303 OBJECT ORIENTED PROGRAMMING LAB
y21ait432,GUDLA USHA RANI,GUDLA RAM BABU,640,36,7.73,32,84,80,82,67,68,72,68,44,75,3.0,3.0,3.0,3.0,3.0,3.0,3.5,1.5,1.5,12,31,28,24,33,29,49,77,53,20IT301 MICRO PROCESSOR & MICRO CONTROLLER,20IT302 DATA STRUCTURES,20IT303 OBJECT ORIENTED PROGRAMMING,20IT304 OPERATING SYSTEMS,20CB305 COMPUTER ORGANIZATION,20IT306 TECHNICAL ENGLISH,20ITL301/SO01 LINUX ESSENTIALS LAB,20ITL302 DATA STRUCTURES LAB,20ITL303 OBJECT ORIENTED PROGRAMMING LAB
y21ait433,GURRAM DEEPTHI SRI,GURRAM NAGA RAJU,475,80,5.57,78,53,62,49,40,54,58,55,44,60,3.0,3.0,3.0,3.0,3.0,3.0,3.5,1.5,1.5,77,70,87,100,77,84,65,75,92,20IT301 MICRO PROCESSOR & MICRO CONTROLLER,20IT302 DATA STRUCTURES,20IT303 OBJECT ORIENTED PROGRAMMING,20IT304 OPERATING SYSTEMS,20CB305 COMPUTER ORGANIZATION,20IT306 TECHNICAL ENGLISH,20ITL301/SO01 LINUX ESSENTIALS LAB,20ITL302 DATA STRUCTURES LAB,20ITL303 OBJECT ORIENTED PROGRAMMING LAB
y21ait434,IMADABATTUUNI UPENDRA KRISHNA,IMADABATTUNI BHASKAR RAO,230,105,1.55,108,0,17,23,0,26,41,40,40,43,3.0,3.0,3.0,3.0,3.0,3.0,3.5,1.5,1.5,112,97,96,112,105,111,108,95,108,20IT301 MICRO PROCESSOR & MICRO CONTROLLER,20IT302 DATA STRUCTURES,20IT303 OBJECT ORIENTED PROGRAMMING,20IT304 OPERATING SYSTEMS,20CB305 COMPUTER ORGANIZATION,20IT306 TECHNICAL ENGLISH,20ITL301/SO01 LINUX ESSENTIALS LAB,20ITL302 DATA STRUCTURES LAB,20ITL303 OBJECT ORIENTED PROGRAMMING LAB
y21ait435,JANJANAM DURGA BHAVANI,JANJANAM ANJANEYULU,490,77,5.9,73,49,51,54,54,52,69,66,41,54,3.0,3.0,3.0,3.0,3.0,3.0,3.5,1.5,1.5,82,82,80,51,82,45,54,89,102,20IT301 MICRO PROCESSOR & MICRO CONTROLLER,20IT302 DATA STRUCTURES,20IT303 OBJECT ORIENTED PROGRAMMING,20IT304 OPERATING SYSTEMS,20CB305 COMPUTER ORGANIZATION,20IT306 TECHNICAL ENGLISH,20ITL301/SO01 LINUX ESSENTIALS LAB,20ITL302 DATA STRUCTURES LAB,20ITL303 OBJECT ORIENTED PROGRAMMING LAB
y21ait436,JARUGU SUPRIYA,JARUGU SATYA NARAYANA,688,22,8.04,25,83,85,82,67,76,66,69,68,92,3.0,3.0,3.0,3.0,3.0,3.0,3.5,1.5,1.5,13,18,27,23,17,58,46,27,15,20IT301 MICRO PROCESSOR & MICRO CONTROLLER,20IT302 DATA STRUCTURES,20IT303 OBJECT ORIENTED PROGRAMMING,20IT304 OPERATING SYSTEMS,20CB305 COMPUTER ORGANIZATION,20IT306 TECHNICAL ENGLISH,20ITL301/SO01 LINUX ESSENTIALS LAB,20ITL302 DATA STRUCTURES LAB,20ITL303 OBJECT ORIENTED PROGRAMMING LAB
y21ait437,JAVVADI DURGA HEMANTH JANAKI RAM,JAVVADI VENKATA SWAMY NAIDU,520,72,5.96,72,47,63,63,45,62,56,66,49,69,3.0,3.0,3.0,3.0,3.0,3.0,3.5,1.5,1.5,85,68,70,76,58,89,55,63,66,20IT301 MICRO PROCESSOR & MICRO CONTROLLER,20IT302 DATA STRUCTURES,20IT303 OBJECT ORIENTED PROGRAMMING,20IT304 OPERATING SYSTEMS,20CB305 COMPUTER ORGANIZATION,20IT306 TECHNICAL ENGLISH,20ITL301/SO01 LINUX ESSENTIALS LAB,20ITL302 DATA STRUCTURES LAB,20ITL303 OBJECT ORIENTED PROGRAMMING LAB
y21ait439,JONNALAGADDA KESAVA,JONNALAGADDA RAMBABU,733,6,8.59,10,82,97,90,76,81,69,67,89,82,3.0,3.0,3.0,3.0,3.0,3.0,3.5,1.5,1.5,15,3,6,3,6,42,51,6,35,20IT301 MICRO PROCESSOR & MICRO CONTROLLER,20IT302 DATA STRUCTURES,20IT303 OBJECT ORIENTED PROGRAMMING,20IT304 OPERATING SYSTEMS,20CB305 COMPUTER ORGANIZATION,20IT306 TECHNICAL ENGLISH,20ITL301/SO01 LINUX ESSENTIALS LAB,20ITL302 DATA STRUCTURES LAB,20ITL303 OBJECT ORIENTED PROGRAMMING LAB
y21ait440,JONNALAGADDA SRI NAGA ANUSHA,JONNALAGADDA SATYA NARAYANA,748,5,8.8,6,90,97,89,76,83,74,77,66,96,3.0,3.0,3.0,3.0,3.0,3.0,3.5,1.5,1.5,5,2,9,4,4,18,25,34,5,20IT301 MICRO PROCESSOR & MICRO CONTROLLER,20IT302 DATA STRUCTURES,20IT303 OBJECT ORIENTED PROGRAMMING,20IT304 OPERATING SYSTEMS,20CB305 COMPUTER ORGANIZATION,20IT306 TECHNICAL ENGLISH,20ITL301/SO01 LINUX ESSENTIALS LAB,20ITL302 DATA STRUCTURES LAB,20ITL303 OBJECT ORIENTED PROGRAMMING LAB
y21ait441,KAKARLA RAVINDRA SAI,KAKARLA RAMA KRISHNA,397,93,3.88,93,47,17,17,43,46,55,69,41,62,3.0,3.0,3.0,3.0,3.0,3.0,3.5,1.5,1.5,86,99,105,82,95,93,45,92,89,20IT301 MICRO PROCESSOR & MICRO CONTROLLER,20IT302 DATA STRUCTURES,20IT303 OBJECT ORIENTED PROGRAMMING,20IT304 OPERATING SYSTEMS,20CB305 COMPUTER ORGANIZATION,20IT306 TECHNICAL ENGLISH,20ITL301/SO01 LINUX ESSENTIALS LAB,20ITL302 DATA STRUCTURES LAB,20ITL303 OBJECT ORIENTED PROGRAMMING LAB
y21ait442,KALAVAKURI SIVAIAH,KALAVAKURI VENKATESWARLU,663,29,8.08,22,81,80,85,55,73,65,80,66,78,3.0,3.0,3.0,3.0,3.0,3.0,3.5,1.5,1.5,19,32,20,47,25,64,20,33,48,20IT301 MICRO PROCESSOR & MICRO CONTROLLER,20IT302 DATA STRUCTURES,20IT303 OBJECT ORIENTED PROGRAMMING,20IT304 OPERATING SYSTEMS,20CB305 COMPUTER ORGANIZATION,20IT306 TECHNICAL ENGLISH,20ITL301/SO01 LINUX ESSENTIALS LAB,20ITL302 DATA STRUCTURES LAB,20ITL303 OBJECT ORIENTED PROGRAMMING LAB
y21ait443,KAMINI YESHSWI AHAAD,KAMINI SRINIVASA RAO,687,24,8.31,16,76,80,83,68,86,82,76,60,76,3.0,3.0,3.0,3.0,3.0,3.0,3.5,1.5,1.5,29,30,25,18,2,1,28,41,51,20IT301 MICRO PROCESSOR & MICRO CONTROLLER,20IT302 DATA STRUCTURES,20IT303 OBJECT ORIENTED PROGRAMMING,20IT304 OPERATING SYSTEMS,20CB305 COMPUTER ORGANIZATION,20IT306 TECHNICAL ENGLISH,20ITL301/SO01 LINUX ESSENTIALS LAB,20ITL302 DATA STRUCTURES LAB,20ITL303 OBJECT ORIENTED PROGRAMMING LAB
y21ait444,KANCHARLA PRASANNA KUMAR,KANCHARLA SAIDULU,583,56,6.82,59,66,73,76,48,64,61,68,59,68,3.0,3.0,3.0,3.0,3.0,3.0,3.5,1.5,1.5,52,51,46,64,49,72,48,44,71,20IT301 MICRO PROCESSOR & MICRO CONTROLLER,20IT302 DATA STRUCTURES,20IT303 OBJECT ORIENTED PROGRAMMING,20IT304 OPERATING SYSTEMS,20CB305 COMPUTER ORGANIZATION,20IT306 TECHNICAL ENGLISH,20ITL301/SO01 LINUX ESSENTIALS LAB,20ITL302 DATA STRUCTURES LAB,20ITL303 OBJECT ORIENTED PROGRAMMING LAB
y21ait445,KANDENA SIVA PRASAD,KANDENA TIRUPATHI RAO,614,46,7.45,40,58,86,69,56,71,72,71,50,81,3.0,3.0,3.0,3.0,3.0,3.0,3.5,1.5,1.5,67,16,59,44,29,31,40,61,39,20IT301 MICRO PROCESSOR & MICRO CONTROLLER,20IT302 DATA STRUCTURES,20IT303 OBJECT ORIENTED PROGRAMMING,20IT304 OPERATING SYSTEMS,20CB305 COMPUTER ORGANIZATION,20IT306 TECHNICAL ENGLISH,20ITL301/SO01 LINUX ESSENTIALS LAB,20ITL302 DATA STRUCTURES LAB,20ITL303 OBJECT ORIENTED PROGRAMMING LAB
y21ait446,KASA JYOTHSNA,KASA SESHAIAH,689,20,8.2,19,86,88,88,63,74,65,85,54,86,3.0,3.0,3.0,3.0,3.0,3.0,3.5,1.5,1.5,8,10,16,32,21,59,11,54,23,20IT301 MICRO PROCESSOR & MICRO CONTROLLER,20IT302 DATA STRUCTURES,20IT303 OBJECT ORIENTED PROGRAMMING,20IT304 OPERATING SYSTEMS,20CB305 COMPUTER ORGANIZATION,20IT306 TECHNICAL ENGLISH,20ITL301/SO01 LINUX ESSENTIALS LAB,20ITL302 DATA STRUCTURES LAB,20ITL303 OBJECT ORIENTED PROGRAMMING LAB
y21ait447,KATTA AVINASH,KATTA SRINIVASARAO,818,1,9.39,1,98,97,97,77,86,77,94,98,94,3.0,3.0,3.0,3.0,3.0,3.0,3.5,1.5,1.5,1,1,1,2,1,8,3,1,10,20IT301 MICRO PROCESSOR & MICRO CONTROLLER,20IT302 DATA STRUCTURES,20IT303 OBJECT ORIENTED PROGRAMMING,20IT304 OPERATING SYSTEMS,20CB305 COMPUTER ORGANIZATION,20IT306 TECHNICAL ENGLISH,20ITL301/SO01 LINUX ESSENTIALS LAB,20ITL302 DATA STRUCTURES LAB,20ITL303 OBJECT ORIENTED PROGRAMMING LAB
y21ait448,KAVURI UMAMAHESWARA RAO,KAVURI SRINIVASA RAO,194,110,1.06,111,0,0,15,0,19,44,47,32,37,3.0,3.0,3.0,3.0,3.0,3.0,3.5,1.5,1.5,108,109,106,109,106,110,88,97,110,20IT301 MICRO PROCESSOR & MICRO CONTROLLER,20IT302 DATA STRUCTURES,20IT303 OBJECT ORIENTED PROGRAMMING,20IT304 OPERATING SYSTEMS,20CB305 COMPUTER ORGANIZATION,20IT306 TECHNICAL ENGLISH,20ITL301/SO01 LINUX ESSENTIALS LAB,20ITL302 DATA STRUCTURES LAB,20ITL303 OBJECT ORIENTED PROGRAMMING LAB
y21ait449,KOBBARI SRIKANTH,KOBBARI APPARAO,768,3,9.0,3,94,92,91,68,79,76,82,94,92,3.0,3.0,3.0,3.0,3.0,3.0,3.5,1.5,1.5,2,6,4,21,8,11,17,3,13,20IT301 MICRO PROCESSOR & MICRO CONTROLLER,20IT302 DATA STRUCTURES,20IT303 OBJECT ORIENTED PROGRAMMING,20IT304 OPERATING SYSTEMS,20CB305 COMPUTER ORGANIZATION,20IT306 TECHNICAL ENGLISH,20ITL301/SO01 LINUX ESSENTIALS LAB,20ITL302 DATA STRUCTURES LAB,20ITL303 OBJECT ORIENTED PROGRAMMING LAB
y21ait450,KODURI VARSHINI SAI,KODURI VENKATA SAMBASIVA RAO,698,18,8.12,21,79,89,82,52,77,78,74,81,86,3.0,3.0,3.0,3.0,3.0,3.0,3.5,1.5,1.5,23,9,26,56,13,7,31,13,25,20IT301 MICRO PROCESSOR & MICRO CONTROLLER,20IT302 DATA STRUCTURES,20IT303 OBJECT ORIENTED PROGRAMMING,20IT304 OPERATING SYSTEMS,20CB305 COMPUTER ORGANIZATION,20IT306 TECHNICAL ENGLISH,20ITL301/SO01 LINUX ESSENTIALS LAB,20ITL302 DATA STRUCTURES LAB,20ITL303 OBJECT ORIENTED PROGRAMMING LAB
y21ait451,KOLASANI LAKSHMI KUSUMA PRIYA,KOLASANI VENKATA SUBBARAO,628,42,7.39,41,70,74,77,45,67,76,71,68,80,3.0,3.0,3.0,3.0,3.0,3.0,3.5,1.5,1.5,41,48,40,78,38,10,38,25,41,20IT301 MICRO PROCESSOR & MICRO CONTROLLER,20IT302 DATA STRUCTURES,20IT303 OBJECT ORIENTED PROGRAMMING,20IT304 OPERATING SYSTEMS,20CB305 COMPUTER ORGANIZATION,20IT306 TECHNICAL ENGLISH,20ITL301/SO01 LINUX ESSENTIALS LAB,20ITL302 DATA STRUCTURES LAB,20ITL303 OBJECT ORIENTED PROGRAMMING LAB
y21ait452,KOLLA VIJAY,KOLLA SRINIVASA RAO,436,85,4.98,82,44,43,53,40,58,60,45,40,53,3.0,3.0,3.0,3.0,3.0,3.0,3.5,1.5,1.5,90,85,84,97,67,73,97,93,104,20IT301 MICRO PROCESSOR & MICRO CONTROLLER,20IT302 DATA STRUCTURES,20IT303 OBJECT ORIENTED PROGRAMMING,20IT304 OPERATING SYSTEMS,20CB305 COMPUTER ORGANIZATION,20IT306 TECHNICAL ENGLISH,20ITL301/SO01 LINUX ESSENTIALS LAB,20ITL302 DATA STRUCTURES LAB,20ITL303 OBJECT ORIENTED PROGRAMMING LAB
y21ait453,KONCHADA DIVAKAR,KONCHADA RADHA KRISHNA,521,71,6.65,61,51,62,60,52,64,62,70,45,55,3.0,3.0,3.0,3.0,3.0,3.0,3.5,1.5,1.5,79,71,74,55,52,71,44,73,100,20IT301 MICRO PROCESSOR & MICRO CONTROLLER,20IT302 DATA STRUCTURES,20IT303 OBJECT ORIENTED PROGRAMMING,20IT304 OPERATING SYSTEMS,20CB305 COMPUTER ORGANIZATION,20IT306 TECHNICAL ENGLISH,20ITL301/SO01 LINUX ESSENTIALS LAB,20ITL302 DATA STRUCTURES LAB,20ITL303 OBJECT ORIENTED PROGRAMMING LAB
y21ait455,KOTHPALLI BALU DINAKAR,ABRAHAM,153,112,0.49,112,24,0,0,0,15,49,26,0,39,3.0,3.0,3.0,3.0,3.0,3.0,3.5,1.5,1.5,100,113,113,106,109,102,110,113,109,20IT301 MICRO PROCESSOR & MICRO CONTROLLER,20IT302 DATA STRUCTURES,20IT303 OBJECT ORIENTED PROGRAMMING,20IT304 OPERATING SYSTEMS,20CB305 COMPUTER ORGANIZATION,20IT306 TECHNICAL ENGLISH,20ITL301/SO01 LINUX ESSENTIALS LAB,20ITL302 DATA STRUCTURES LAB,20ITL303 OBJECT ORIENTED PROGRAMMING LAB
y21ait456,KOTIPALLI BHAVYA SRI,KOTIPALLI MURALI,218,106,1.67,107,0,15,18,0,33,54,48,0,50,3.0,3.0,3.0,3.0,3.0,3.0,3.5,1.5,1.5,111,104,104,113,103,95,86,111,106,20IT301 MICRO PROCESSOR & MICRO CONTROLLER,20IT302 DATA STRUCTURES,20IT303 OBJECT ORIENTED PROGRAMMING,20IT304 OPERATING SYSTEMS,20CB305 COMPUTER ORGANIZATION,20IT306 TECHNICAL ENGLISH,20ITL301/SO01 LINUX ESSENTIALS LAB,20ITL302 DATA STRUCTURES LAB,20ITL303 OBJECT ORIENTED PROGRAMMING LAB
y21ait457,KUNAPAREDDY VENKATA RAMAIAH,KUNAPAREDDY AADI VISHNU NARAYANA MURTHY,537,65,6.2,67,59,75,78,46,61,60,49,50,59,3.0,3.0,3.0,3.0,3.0,3.0,3.5,1.5,1.5,65,43,36,75,62,78,77,59,94,20IT301 MICRO PROCESSOR & MICRO CONTROLLER,20IT302 DATA STRUCTURES,20IT303 OBJECT ORIENTED PROGRAMMING,20IT304 OPERATING SYSTEMS,20CB305 COMPUTER ORGANIZATION,20IT306 TECHNICAL ENGLISH,20ITL301/SO01 LINUX ESSENTIALS LAB,20ITL302 DATA STRUCTURES LAB,20ITL303 OBJECT ORIENTED PROGRAMMING LAB
y21ait459,LADDIKA VASU DEVA LAKSHMI NARASIMHA RAO,LADDIKA DURGA VENKATA NARAYANA MURTHY,566,60,7.18,48,50,80,70,50,62,72,61,52,69,3.0,3.0,3.0,3.0,3.0,3.0,3.5,1.5,1.5,80,26,56,59,61,27,59,56,67,20IT301 MICRO PROCESSOR & MICRO CONTROLLER,20IT302 DATA STRUCTURES,20IT303 OBJECT ORIENTED PROGRAMMING,20IT304 OPERATING SYSTEMS,20CB305 COMPUTER ORGANIZATION,20IT306 TECHNICAL ENGLISH,20ITL301/SO01 LINUX ESSENTIALS LAB,20ITL302 DATA STRUCTURES LAB,20ITL303 OBJECT ORIENTED PROGRAMMING LAB
y21ait460,MANNEM DURGA NAGA VENKATA SAI,MANNEM NARASIMHA RAO,347,98,2.65,100,26,34,18,40,46,53,46,28,56,3.0,3.0,3.0,3.0,3.0,3.0,3.5,1.5,1.5,98,87,102,93,98,99,93,101,98,20IT301 MICRO PROCESSOR & MICRO CONTROLLER,20IT302 DATA STRUCTURES,20IT303 OBJECT ORIENTED PROGRAMMING,20IT304 OPERATING SYSTEMS,20CB305 COMPUTER ORGANIZATION,20IT306 TECHNICAL ENGLISH,20ITL301/SO01 LINUX ESSENTIALS LAB,20ITL302 DATA STRUCTURES LAB,20ITL303 OBJECT ORIENTED PROGRAMMING LAB
y21ait461,MARAM VYSHNAVI,MARAM YERUKALA REDDY,445,83,4.37,88,46,27,64,43,49,68,48,42,58,3.0,3.0,3.0,3.0,3.0,3.0,3.5,1.5,1.5,87,90,69,85,88,51,87,81,95,20IT301 MICRO PROCESSOR & MICRO CONTROLLER,20IT302 DATA STRUCTURES,20IT303 OBJECT ORIENTED PROGRAMMING,20IT304 OPERATING SYSTEMS,20CB305 COMPUTER ORGANIZATION,20IT306 TECHNICAL ENGLISH,20ITL301/SO01 LINUX ESSENTIALS LAB,20ITL302 DATA STRUCTURES LAB,20ITL303 OBJECT ORIENTED PROGRAMMING LAB
y21ait462,MARRI NAVYA LAKSHMI,MARRI SUBBARAO,635,38,7.37,43,84,74,84,57,77,75,48,52,84,3.0,3.0,3.0,3.0,3.0,3.0,3.5,1.5,1.5,10,46,23,42,11,17,84,57,31,20IT301 MICRO PROCESSOR & MICRO CONTROLLER,20IT302 DATA STRUCTURES,20IT303 OBJECT ORIENTED PROGRAMMING,20IT304 OPERATING SYSTEMS,20CB305 COMPUTER ORGANIZATION,20IT306 TECHNICAL ENGLISH,20ITL301/SO01 LINUX ESSENTIALS LAB,20ITL302 DATA STRUCTURES LAB,20ITL303 OBJECT ORIENTED PROGRAMMING LAB
y21ait463,MEDIBOINA ANITHA,MEDIBOINA RAMA CHANDRA REDDY,528,68,5.9,74,66,53,68,47,66,69,47,44,68,3.0,3.0,3.0,3.0,3.0,3.0,3.5,1.5,1.5,53,78,60,68,40,46,90,79,70,20IT301 MICRO PROCESSOR & MICRO CONTROLLER,20IT302 DATA STRUCTURES,20IT303 OBJECT ORIENTED PROGRAMMING,20IT304 OPERATING SYSTEMS,20CB305 COMPUTER ORGANIZATION,20IT306 TECHNICAL ENGLISH,20ITL301/SO01 LINUX ESSENTIALS LAB,20ITL302 DATA STRUCTURES LAB,20ITL303 OBJECT ORIENTED PROGRAMMING LAB
y21ait464,MEDIBOINA RAMAKRISHNA REDDY,MEDIBOINA SUBBAREDDY,423,89,4.24,90,45,18,70,27,60,60,48,24,71,3.0,3.0,3.0,3.0,3.0,3.0,3.5,1.5,1.5,88,96,57,102,64,77,85,103,63,20IT301 MICRO PROCESSOR & MICRO CONTROLLER,20IT302 DATA STRUCTURES,20IT303 OBJECT ORIENTED PROGRAMMING,20IT304 OPERATING SYSTEMS,20CB305 COMPUTER ORGANIZATION,20IT306 TECHNICAL ENGLISH,20ITL301/SO01 LINUX ESSENTIALS LAB,20ITL302 DATA STRUCTURES LAB,20ITL303 OBJECT ORIENTED PROGRAMMING LAB
y21ait465,METTAPALLI CHALAPATIRAO,METTAPALLI KONDAIAH,86,113,0.49,113,0,0,0,0,0,40,28,0,18,3.0,3.0,3.0,3.0,3.0,3.0,3.5,1.5,1.5,104,110,111,107,114,113,109,112,114,20IT301 MICRO PROCESSOR & MICRO CONTROLLER,20IT302 DATA STRUCTURES,20IT303 OBJECT ORIENTED PROGRAMMING,20IT304 OPERATING SYSTEMS,20CB305 COMPUTER ORGANIZATION,20IT306 TECHNICAL ENGLISH,20ITL301/SO01 LINUX ESSENTIALS LAB,20ITL302 DATA STRUCTURES LAB,20ITL303 OBJECT ORIENTED PROGRAMMING LAB
y21ait466,MODDU RAJA SUNDAR,MODDU PITCHAIAH,510,75,5.84,75,57,63,62,42,49,58,68,42,69,3.0,3.0,3.0,3.0,3.0,3.0,3.5,1.5,1.5,68,69,72,88,90,81,47,86,65,20IT301 MICRO PROCESSOR & MICRO CONTROLLER,20IT302 DATA STRUCTURES,20IT303 OBJECT ORIENTED PROGRAMMING,20IT304 OPERATING SYSTEMS,20CB305 COMPUTER ORGANIZATION,20IT306 TECHNICAL ENGLISH,20ITL301/SO01 LINUX ESSENTIALS LAB,20ITL302 DATA STRUCTURES LAB,20ITL303 OBJECT ORIENTED PROGRAMMING LAB
y21ait467,MOLLA GOUSE MOHIDDIN,MOLLA NASRUDDIN,307,99,2.57,102,21,15,19,40,44,49,50,22,47,3.0,3.0,3.0,3.0,3.0,3.0,3.5,1.5,1.5,102,105,101,94,100,103,74,104,107,20IT301 MICRO PROCESSOR & MICRO CONTROLLER,20IT302 DATA STRUCTURES,20IT303 OBJECT ORIENTED PROGRAMMING,20IT304 OPERATING SYSTEMS,20CB305 COMPUTER ORGANIZATION,20IT306 TECHNICAL ENGLISH,20ITL301/SO01 LINUX ESSENTIALS LAB,20ITL302 DATA STRUCTURES LAB,20ITL303 OBJECT ORIENTED PROGRAMMING LAB
y21ait468,MURALA KAVYA SRI,MURALA KANAKA LINGESWARA RAO,535,66,6.22,65,47,65,75,41,54,69,73,48,63,3.0,3.0,3.0,3.0,3.0,3.0,3.5,1.5,1.5,84,64,48,90,76,44,36,66,85,20IT301 MICRO PROCESSOR & MICRO CONTROLLER,20IT302 DATA STRUCTURES,20IT303 OBJECT ORIENTED PROGRAMMING,20IT304 OPERATING SYSTEMS,20CB305 COMPUTER ORGANIZATION,20IT306 TECHNICAL ENGLISH,20ITL301/SO01 LINUX ESSENTIALS LAB,20ITL302 DATA STRUCTURES LAB,20ITL303 OBJECT ORIENTED PROGRAMMING LAB
y21ait469,MUTHYALA LAKSHMI,MUTHYALA CHANDRA SEKHAR,624,43,7.37,42,57,84,86,51,62,68,66,67,83,3.0,3.0,3.0,3.0,3.0,3.0,3.5,1.5,1.5,70,20,19,57,60,50,56,29,32,20IT301 MICRO PROCESSOR & MICRO CONTROLLER,20IT302 DATA STRUCTURES,20IT303 OBJECT ORIENTED PROGRAMMING,20IT304 OPERATING SYSTEMS,20CB305 COMPUTER ORGANIZATION,20IT306 TECHNICAL ENGLISH,20ITL301/SO01 LINUX ESSENTIALS LAB,20ITL302 DATA STRUCTURES LAB,20ITL303 OBJECT ORIENTED PROGRAMMING LAB
y21ait470,NALABOLU MANIKANTA,NALABOLU BUJJIBABU,566,61,6.49,63,59,75,76,46,53,62,58,58,79,3.0,3.0,3.0,3.0,3.0,3.0,3.5,1.5,1.5,63,44,45,73,78,70,62,46,44,20IT301 MICRO PROCESSOR & MICRO CONTROLLER,20IT302 DATA STRUCTURES,20IT303 OBJECT ORIENTED PROGRAMMING,20IT304 OPERATING SYSTEMS,20CB305 COMPUTER ORGANIZATION,20IT306 TECHNICAL ENGLISH,20ITL301/SO01 LINUX ESSENTIALS LAB,20ITL302 DATA STRUCTURES LAB,20ITL303 OBJECT ORIENTED PROGRAMMING LAB
y21ait471,NALLA VIJAYA MERI,NALLA PAPAIAH,505,76,6.0,69,54,71,54,43,57,68,53,48,57,3.0,3.0,3.0,3.0,3.0,3.0,3.5,1.5,1.5,74,54,83,84,70,49,68,65,96,20IT301 MICRO PROCESSOR & MICRO CONTROLLER,20IT302 DATA STRUCTURES,20IT303 OBJECT ORIENTED PROGRAMMING,20IT304 OPERATING SYSTEMS,20CB305 COMPUTER ORGANIZATION,20IT306 TECHNICAL ENGLISH,20ITL301/SO01 LINUX ESSENTIALS LAB,20ITL302 DATA STRUCTURES LAB,20ITL303 OBJECT ORIENTED PROGRAMMING LAB
y21ait472,NIMMANA SURYAKIRAN,NIMMANA VARAHALU,570,59,6.8,60,67,74,57,48,50,67,81,61,65,3.0,3.0,3.0,3.0,3.0,3.0,3.5,1.5,1.5,50,47,75,65,85,52,19,40,75,20IT301 MICRO PROCESSOR & MICRO CONTROLLER,20IT302 DATA STRUCTURES,20IT303 OBJECT ORIENTED PROGRAMMING,20IT304 OPERATING SYSTEMS,20CB305 COMPUTER ORGANIZATION,20IT306 TECHNICAL ENGLISH,20ITL301/SO01 LINUX ESSENTIALS LAB,20ITL302 DATA STRUCTURES LAB,20ITL303 OBJECT ORIENTED PROGRAMMING LAB
y21ait473,PADAMUTTAM NAVYA,PADAMUTTAM CHINNA KRUPARAO,701,17,8.06,24,84,78,89,56,75,69,75,84,91,3.0,3.0,3.0,3.0,3.0,3.0,3.5,1.5,1.5,11,38,10,45,19,39,30,11,16,20IT301 MICRO PROCESSOR & MICRO CONTROLLER,20IT302 DATA STRUCTURES,20IT303 OBJECT ORIENTED PROGRAMMING,20IT304 OPERATING SYSTEMS,20CB305 COMPUTER ORGANIZATION,20IT306 TECHNICAL ENGLISH,20ITL301/SO01 LINUX ESSENTIALS LAB,20ITL302 DATA STRUCTURES LAB,20ITL303 OBJECT ORIENTED PROGRAMMING LAB
y21ait474,PAGIDIPALLI YASWANTH BABU,PAGIDIPALLI NAGESWARA RAO,184,111,1.49,109,0,0,0,0,15,40,49,16,64,3.0,3.0,3.0,3.0,3.0,3.0,3.5,1.5,1.5,107,108,110,108,110,112,79,107,80,20IT301 MICRO PROCESSOR & MICRO CONTROLLER,20IT302 DATA STRUCTURES,20IT303 OBJECT ORIENTED PROGRAMMING,20IT304 OPERATING SYSTEMS,20CB305 COMPUTER ORGANIZATION,20IT306 TECHNICAL ENGLISH,20ITL301/SO01 LINUX ESSENTIALS LAB,20ITL302 DATA STRUCTURES LAB,20ITL303 OBJECT ORIENTED PROGRAMMING LAB
y21ait475,PALASA SRINU,PALASA SYAMGHANO,436,84,4.86,83,44,55,52,40,57,57,49,56,26,3.0,3.0,3.0,3.0,3.0,3.0,3.5,1.5,1.5,91,76,85,101,71,86,76,50,112,20IT301 MICRO PROCESSOR & MICRO CONTROLLER,20IT302 DATA STRUCTURES,20IT303 OBJECT ORIENTED PROGRAMMING,20IT304 OPERATING SYSTEMS,20CB305 COMPUTER ORGANIZATION,20IT306 TECHNICAL ENGLISH,20ITL301/SO01 LINUX ESSENTIALS LAB,20ITL302 DATA STRUCTURES LAB,20ITL303 OBJECT ORIENTED PROGRAMMING LAB
y21ait476,PALLAVI KOPPULA,RAMA RAO KOPPULA,523,70,5.96,70,66,55,78,48,53,63,42,47,71,3.0,3.0,3.0,3.0,3.0,3.0,3.5,1.5,1.5,51,77,37,63,79,69,106,69,62,20IT301 MICRO PROCESSOR & MICRO CONTROLLER,20IT302 DATA STRUCTURES,20IT303 OBJECT ORIENTED PROGRAMMING,20IT304 OPERATING SYSTEMS,20CB305 COMPUTER ORGANIZATION,20IT306 TECHNICAL ENGLISH,20ITL301/SO01 LINUX ESSENTIALS LAB,20ITL302 DATA STRUCTURES LAB,20ITL303 OBJECT ORIENTED PROGRAMMING LAB
y21ait477,PARASA YOUGANDHAR,PARASA SUBBRAMANNESWRA RAO,215,107,1.49,110,0,22,21,0,0,47,42,15,68,3.0,3.0,3.0,3.0,3.0,3.0,3.5,1.5,1.5,110,92,99,114,115,107,104,108,69,20IT301 MICRO PROCESSOR & MICRO CONTROLLER,20IT302 DATA STRUCTURES,20IT303 OBJECT ORIENTED PROGRAMMING,20IT304 OPERATING SYSTEMS,20CB305 COMPUTER ORGANIZATION,20IT306 TECHNICAL ENGLISH,20ITL301/SO01 LINUX ESSENTIALS LAB,20ITL302 DATA STRUCTURES LAB,20ITL303 OBJECT ORIENTED PROGRAMMING LAB
y21ait478,PASUPULETI SAI SRUJANA,P NAGA SATYANARAYANA,605,49,7.2,47,78,70,69,63,59,67,76,54,69,3.0,3.0,3.0,3.0,3.0,3.0,3.5,1.5,1.5,26,56,58,31,66,55,29,55,68,20IT301 MICRO PROCESSOR & MICRO CONTROLLER,20IT302 DATA STRUCTURES,20IT303 OBJECT ORIENTED PROGRAMMING,20IT304 OPERATING SYSTEMS,20CB305 COMPUTER ORGANIZATION,20IT306 TECHNICAL ENGLISH,20ITL301/SO01 LINUX ESSENTIALS LAB,20ITL302 DATA STRUCTURES LAB,20ITL303 OBJECT ORIENTED PROGRAMMING LAB
y21ait479,PEDDIMSETTI LOKESH SRINIVAS BHASKAR,PEDDIMSETTI SURYA PRAKASH,622,45,7.08,52,53,73,74,56,46,65,78,84,93,3.0,3.0,3.0,3.0,3.0,3.0,3.5,1.5,1.5,78,50,50,46,94,61,23,10,12,20IT301 MICRO PROCESSOR & MICRO CONTROLLER,20IT302 DATA STRUCTURES,20IT303 OBJECT ORIENTED PROGRAMMING,20IT304 OPERATING SYSTEMS,20CB305 COMPUTER ORGANIZATION,20IT306 TECHNICAL ENGLISH,20ITL301/SO01 LINUX ESSENTIALS LAB,20ITL302 DATA STRUCTURES LAB,20ITL303 OBJECT ORIENTED PROGRAMMING LAB
y21ait481,PERAVALI PHANI KUMAR,PERAVALI RAMA KRISHNA,676,26,7.98,28,78,83,68,58,66,78,91,91,63,3.0,3.0,3.0,3.0,3.0,3.0,3.5,1.5,1.5,25,23,61,41,42,6,6,5,83,20IT301 MICRO PROCESSOR & MICRO CONTROLLER,20IT302 DATA STRUCTURES,20IT303 OBJECT ORIENTED PROGRAMMING,20IT304 OPERATING SYSTEMS,20CB305 COMPUTER ORGANIZATION,20IT306 TECHNICAL ENGLISH,20ITL301/SO01 LINUX ESSENTIALS LAB,20ITL302 DATA STRUCTURES LAB,20ITL303 OBJECT ORIENTED PROGRAMMING LAB
y21ait482,PERUPOGU KEERTHI,BHUSHANAM,349,97,3.39,97,42,15,18,40,53,53,46,29,53,3.0,3.0,3.0,3.0,3.0,3.0,3.5,1.5,1.5,93,107,103,92,80,97,92,100,103,20IT301 MICRO PROCESSOR & MICRO CONTROLLER,20IT302 DATA STRUCTURES,20IT303 OBJECT ORIENTED PROGRAMMING,20IT304 OPERATING SYSTEMS,20CB305 COMPUTER ORGANIZATION,20IT306 TECHNICAL ENGLISH,20ITL301/SO01 LINUX ESSENTIALS LAB,20ITL302 DATA STRUCTURES LAB,20ITL303 OBJECT ORIENTED PROGRAMMING LAB
y21ait483,PINJALA BALA VENKATA PRAKASH,PINJALA LAKSHMI NARAYANA,637,37,7.53,38,73,78,80,68,77,66,54,63,78,3.0,3.0,3.0,3.0,3.0,3.0,3.5,1.5,1.5,35,37,32,17,12,56,67,36,47,20IT301 MICRO PROCESSOR & MICRO CONTROLLER,20IT302 DATA STRUCTURES,20IT303 OBJECT ORIENTED PROGRAMMING,20IT304 OPERATING SYSTEMS,20CB305 COMPUTER ORGANIZATION,20IT306 TECHNICAL ENGLISH,20ITL301/SO01 LINUX ESSENTIALS LAB,20ITL302 DATA STRUCTURES LAB,20ITL303 OBJECT ORIENTED PROGRAMMING LAB
y21ait484,PINJALA SIVA VENKAT,PINJALA NAGA RAJU,582,57,6.94,56,69,66,73,53,67,55,66,60,73,3.0,3.0,3.0,3.0,3.0,3.0,3.5,1.5,1.5,46,63,54,53,37,92,53,42,60,20IT301 MICRO PROCESSOR & MICRO CONTROLLER,20IT302 DATA STRUCTURES,20IT303 OBJECT ORIENTED PROGRAMMING,20IT304 OPERATING SYSTEMS,20CB305 COMPUTER ORGANIZATION,20IT306 TECHNICAL ENGLISH,20ITL301/SO01 LINUX ESSENTIALS LAB,20ITL302 DATA STRUCTURES LAB,20ITL303 OBJECT ORIENTED PROGRAMMING LAB
y21ait485,POTHINI JYOTHIKA SAI,POTINI SRINIVASA RAO,525,69,6.18,68,61,66,55,46,54,69,51,55,68,3.0,3.0,3.0,3.0,3.0,3.0,3.5,1.5,1.5,60,62,77,74,75,43,72,52,72,20IT301 MICRO PROCESSOR & MICRO CONTROLLER,20IT302 DATA STRUCTURES,20IT303 OBJECT ORIENTED PROGRAMMING,20IT304 OPERATING SYSTEMS,20CB305 COMPUTER ORGANIZATION,20IT306 TECHNICAL ENGLISH,20ITL301/SO01 LINUX ESSENTIALS LAB,20ITL302 DATA STRUCTURES LAB,20ITL303 OBJECT ORIENTED PROGRAMMING LAB
y21ait487,PUCHAKAYALA VARSHITH REDDY,PUCHAKAYALA GUNA SUNDARA REDDY,389,94,3.86,94,54,21,19,40,46,65,50,30,64,3.0,3.0,3.0,3.0,3.0,3.0,3.5,1.5,1.5,75,95,100,95,93,66,73,99,78,20IT301 MICRO PROCESSOR & MICRO CONTROLLER,20IT302 DATA STRUCTURES,20IT303 OBJECT ORIENTED PROGRAMMING,20IT304 OPERATING SYSTEMS,20CB305 COMPUTER ORGANIZATION,20IT306 TECHNICAL ENGLISH,20ITL301/SO01 LINUX ESSENTIALS LAB,20ITL302 DATA STRUCTURES LAB,20ITL303 OBJECT ORIENTED PROGRAMMING LAB
y21ait488,PUDOKA VENKATA KRISHNA,PUDOKA SRINIVASA RAO,410,91,4.22,91,43,22,50,40,48,49,55,41,62,3.0,3.0,3.0,3.0,3.0,3.0,3.5,1.5,1.5,92,93,86,96,91,104,64,90,87,20IT301 MICRO PROCESSOR & MICRO CONTROLLER,20IT302 DATA STRUCTURES,20IT303 OBJECT ORIENTED PROGRAMMING,20IT304 OPERATING SYSTEMS,20CB305 COMPUTER ORGANIZATION,20IT306 TECHNICAL ENGLISH,20ITL301/SO01 LINUX ESSENTIALS LAB,20ITL302 DATA STRUCTURES LAB,20ITL303 OBJECT ORIENTED PROGRAMMING LAB
y21ait489,PULUGU RANA VENKATESWARA REDDY,PULUGU SRINIVASA REDDY,728,9,8.82,5,82,91,89,71,70,82,81,85,77,3.0,3.0,3.0,3.0,3.0,3.0,3.5,1.5,1.5,16,7,8,11,31,2,18,9,49,20IT301 MICRO PROCESSOR & MICRO CONTROLLER,20IT302 DATA STRUCTURES,20IT303 OBJECT ORIENTED PROGRAMMING,20IT304 OPERATING SYSTEMS,20CB305 COMPUTER ORGANIZATION,20IT306 TECHNICAL ENGLISH,20ITL301/SO01 LINUX ESSENTIALS LAB,20ITL302 DATA STRUCTURES LAB,20ITL303 OBJECT ORIENTED PROGRAMMING LAB
y21ait490,PUNURI DINESH KUMAR,PUNURI PRABHAKAR,369,96,3.69,95,0,45,47,40,49,56,47,21,64,3.0,3.0,3.0,3.0,3.0,3.0,3.5,1.5,1.5,114,84,90,99,86,90,89,105,81,20IT301 MICRO PROCESSOR & MICRO CONTROLLER,20IT302 DATA STRUCTURES,20IT303 OBJECT ORIENTED PROGRAMMING,20IT304 OPERATING SYSTEMS,20CB305 COMPUTER ORGANIZATION,20IT306 TECHNICAL ENGLISH,20ITL301/SO01 LINUX ESSENTIALS LAB,20ITL302 DATA STRUCTURES LAB,20ITL303 OBJECT ORIENTED PROGRAMMING LAB
y21ait491,RAJU HARIKA TEJASWINI,RAJU SURENDRA VARMA,689,21,8.0,27,69,84,89,71,66,76,79,67,88,3.0,3.0,3.0,3.0,3.0,3.0,3.5,1.5,1.5,42,19,12,12,47,9,22,32,18,20IT301 MICRO PROCESSOR & MICRO CONTROLLER,20IT302 DATA STRUCTURES,20IT303 OBJECT ORIENTED PROGRAMMING,20IT304 OPERATING SYSTEMS,20CB305 COMPUTER ORGANIZATION,20IT306 TECHNICAL ENGLISH,20ITL301/SO01 LINUX ESSENTIALS LAB,20ITL302 DATA STRUCTURES LAB,20ITL303 OBJECT ORIENTED PROGRAMMING LAB
y21ait492,SADULA MALLIKARJUNAREDDY,SADULA VENKATESWARA REDDY,719,12,8.45,14,76,87,88,73,75,70,83,88,79,3.0,3.0,3.0,3.0,3.0,3.0,3.5,1.5,1.5,30,13,17,10,20,35,14,7,42,20IT301 MICRO PROCESSOR & MICRO CONTROLLER,20IT302 DATA STRUCTURES,20IT303 OBJECT ORIENTED PROGRAMMING,20IT304 OPERATING SYSTEMS,20CB305 COMPUTER ORGANIZATION,20IT306 TECHNICAL ENGLISH,20ITL301/SO01 LINUX ESSENTIALS LAB,20ITL302 DATA STRUCTURES LAB,20ITL303 OBJECT ORIENTED PROGRAMMING LAB
y21ait493,SANAKA SWEETY,SANAKA VENKATESWARA RAO,606,48,7.22,46,69,64,77,60,71,69,53,61,82,3.0,3.0,3.0,3.0,3.0,3.0,3.5,1.5,1.5,45,67,41,37,30,40,70,39,37,20IT301 MICRO PROCESSOR & MICRO CONTROLLER,20IT302 DATA STRUCTURES,20IT303 OBJECT ORIENTED PROGRAMMING,20IT304 OPERATING SYSTEMS,20CB305 COMPUTER ORGANIZATION,20IT306 TECHNICAL ENGLISH,20ITL301/SO01 LINUX ESSENTIALS LAB,20ITL302 DATA STRUCTURES LAB,20ITL303 OBJECT ORIENTED PROGRAMMING LAB
y21ait494,SANGAMREDDI ROSHANSAICHANDRA,SANGAMREDDI VENKATARAMANA,731,7,8.63,7,82,84,87,68,80,75,85,75,95,3.0,3.0,3.0,3.0,3.0,3.0,3.5,1.5,1.5,17,21,18,20,7,16,12,22,8,20IT301 MICRO PROCESSOR & MICRO CONTROLLER,20IT302 DATA STRUCTURES,20IT303 OBJECT ORIENTED PROGRAMMING,20IT304 OPERATING SYSTEMS,20CB305 COMPUTER ORGANIZATION,20IT306 TECHNICAL ENGLISH,20ITL301/SO01 LINUX ESSENTIALS LAB,20ITL302 DATA STRUCTURES LAB,20ITL303 OBJECT ORIENTED PROGRAMMING LAB
y21ait495,SESETTI PHANINDRA,SESETTI VENKATESWARLU,541,64,6.2,66,65,64,67,50,66,59,49,47,74,3.0,3.0,3.0,3.0,3.0,3.0,3.5,1.5,1.5,54,66,65,60,39,80,78,67,56,20IT301 MICRO PROCESSOR & MICRO CONTROLLER,20IT302 DATA STRUCTURES,20IT303 OBJECT ORIENTED PROGRAMMING,20IT304 OPERATING SYSTEMS,20CB305 COMPUTER ORGANIZATION,20IT306 TECHNICAL ENGLISH,20ITL301/SO01 LINUX ESSENTIALS LAB,20ITL302 DATA STRUCTURES LAB,20ITL303 OBJECT ORIENTED PROGRAMMING LAB
y21ait496,SHAIK ASIF,SHAIK MAHAMMAD SUBHANI,485,78,5.45,79,44,52,55,45,46,60,55,42,86,3.0,3.0,3.0,3.0,3.0,3.0,3.5,1.5,1.5,89,81,79,80,97,76,66,83,24,20IT301 MICRO PROCESSOR & MICRO CONTROLLER,20IT302 DATA STRUCTURES,20IT303 OBJECT ORIENTED PROGRAMMING,20IT304 OPERATING SYSTEMS,20CB305 COMPUTER ORGANIZATION,20IT306 TECHNICAL ENGLISH,20ITL301/SO01 LINUX ESSENTIALS LAB,20ITL302 DATA STRUCTURES LAB,20ITL303 OBJECT ORIENTED PROGRAMMING LAB
y21ait498,SHAIK KHAJAVALI,SHAIK MOULALI,624,44,7.18,49,69,79,66,58,78,66,67,59,82,3.0,3.0,3.0,3.0,3.0,3.0,3.5,1.5,1.5,43,33,67,40,9,57,52,43,38,20IT301 MICRO PROCESSOR & MICRO CONTROLLER,20IT302 DATA STRUCTURES,20IT303 OBJECT ORIENTED PROGRAMMING,20IT304 OPERATING SYSTEMS,20CB305 COMPUTER ORGANIZATION,20IT306 TECHNICAL ENGLISH,20ITL301/SO01 LINUX ESSENTIALS LAB,20ITL302 DATA STRUCTURES LAB,20ITL303 OBJECT ORIENTED PROGRAMMING LAB
y21ait499,SHAIK MAHABOOB SUBHANI AZAAD,SHAIK HABIBUR RAHAMAN,196,109,1.78,105,0,15,0,0,0,46,53,20,62,3.0,3.0,3.0,3.0,3.0,3.0,3.5,1.5,1.5,105,106,108,110,113,108,69,106,88,20IT301 MICRO PROCESSOR & MICRO CONTROLLER,20IT302 DATA STRUCTURES,20IT303 OBJECT ORIENTED PROGRAMMING,20IT304 OPERATING SYSTEMS,20CB305 COMPUTER ORGANIZATION,20IT306 TECHNICAL ENGLISH,20ITL301/SO01 LINUX ESSENTIALS LAB,20ITL302 DATA STRUCTURES LAB,20ITL303 OBJECT ORIENTED PROGRAMMING LAB
y21ait500,SHAIK MIE MUNNISHA,SHAIK KARIMULLA,714,14,8.59,9,73,88,80,75,77,71,92,72,86,3.0,3.0,3.0,3.0,3.0,3.0,3.5,1.5,1.5,34,11,31,8,14,32,5,24,26,20IT301 MICRO PROCESSOR & MICRO CONTROLLER,20IT302 DATA STRUCTURES,20IT303 OBJECT ORIENTED PROGRAMMING,20IT304 OPERATING SYSTEMS,20CB305 COMPUTER ORGANIZATION,20IT306 TECHNICAL ENGLISH,20ITL301/SO01 LINUX ESSENTIALS LAB,20ITL302 DATA STRUCTURES LAB,20ITL303 OBJECT ORIENTED PROGRAMMING LAB
y21ait501,SHAIK MOMIN,SHAIK KHASIM BABU,688,23,8.14,20,71,88,83,65,66,75,87,78,75,3.0,3.0,3.0,3.0,3.0,3.0,3.5,1.5,1.5,40,12,24,28,41,12,9,17,55,20IT301 MICRO PROCESSOR & MICRO CONTROLLER,20IT302 DATA STRUCTURES,20IT303 OBJECT ORIENTED PROGRAMMING,20IT304 OPERATING SYSTEMS,20CB305 COMPUTER ORGANIZATION,20IT306 TECHNICAL ENGLISH,20ITL301/SO01 LINUX ESSENTIALS LAB,20ITL302 DATA STRUCTURES LAB,20ITL303 OBJECT ORIENTED PROGRAMMING LAB
y21ait502,SHAIK NAGA BAJI,SHAIK MASTAN VALI,609,47,7.16,50,69,77,76,47,66,72,83,44,75,3.0,3.0,3.0,3.0,3.0,3.0,3.5,1.5,1.5,44,40,47,69,43,28,13,78,54,20IT301 MICRO PROCESSOR & MICRO CONTROLLER,20IT302 DATA STRUCTURES,20IT303 OBJECT ORIENTED PROGRAMMING,20IT304 OPERATING SYSTEMS,20CB305 COMPUTER ORGANIZATION,20IT306 TECHNICAL ENGLISH,20ITL301/SO01 LINUX ESSENTIALS LAB,20ITL302 DATA STRUCTURES LAB,20ITL303 OBJECT ORIENTED PROGRAMMING LAB
y21ait503,SHAIK RESHMA,SHAIK MEERA VALI,761,4,8.88,4,86,95,97,70,77,78,89,84,85,3.0,3.0,3.0,3.0,3.0,3.0,3.5,1.5,1.5,9,4,2,13,15,5,8,12,29,20IT301 MICRO PROCESSOR & MICRO CONTROLLER,20IT302 DATA STRUCTURES,20IT303 OBJECT ORIENTED PROGRAMMING,20IT304 OPERATING SYSTEMS,20CB305 COMPUTER ORGANIZATION,20IT306 TECHNICAL ENGLISH,20ITL301/SO01 LINUX ESSENTIALS LAB,20ITL302 DATA STRUCTURES LAB,20ITL303 OBJECT ORIENTED PROGRAMMING LAB
y21ait504,SHAIK TANVEER AHMED,SHAIK MUNEER AHMED,215,108,1.73,106,19,0,15,0,16,57,44,0,64,3.0,3.0,3.0,3.0,3.0,3.0,3.5,1.5,1.5,103,111,107,111,108,87,98,110,79,20IT301 MICRO PROCESSOR & MICRO CONTROLLER,20IT302 DATA STRUCTURES,20IT303 OBJECT ORIENTED PROGRAMMING,20IT304 OPERATING SYSTEMS,20CB305 COMPUTER ORGANIZATION,20IT306 TECHNICAL ENGLISH,20ITL301/SO01 LINUX ESSENTIALS LAB,20ITL302 DATA STRUCTURES LAB,20ITL303 OBJECT ORIENTED PROGRAMMING LAB
y21ait505,SHAIK VASEEM,SHAIK AYAZ,305,100,2.22,103,40,16,22,15,17,45,43,43,64,3.0,3.0,3.0,3.0,3.0,3.0,3.5,1.5,1.5,97,101,97,104,107,109,102,80,77,20IT301 MICRO PROCESSOR & MICRO CONTROLLER,20IT302 DATA STRUCTURES,20IT303 OBJECT ORIENTED PROGRAMMING,20IT304 OPERATING SYSTEMS,20CB305 COMPUTER ORGANIZATION,20IT306 TECHNICAL ENGLISH,20ITL301/SO01 LINUX ESSENTIALS LAB,20ITL302 DATA STRUCTURES LAB,20ITL303 OBJECT ORIENTED PROGRAMMING LAB
y21ait506,SHANMUKHA BHAVITHA BASUVULA,KOTESWARARAO BASUVULA,295,101,2.59,101,22,0,0,20,58,63,44,25,63,3.0,3.0,3.0,3.0,3.0,3.0,3.5,1.5,1.5,101,112,112,103,68,68,99,102,82,20IT301 MICRO PROCESSOR & MICRO CONTROLLER,20IT302 DATA STRUCTURES,20IT303 OBJECT ORIENTED PROGRAMMING,20IT304 OPERATING SYSTEMS,20CB305 COMPUTER ORGANIZATION,20IT306 TECHNICAL ENGLISH,20ITL301/SO01 LINUX ESSENTIALS LAB,20ITL302 DATA STRUCTURES LAB,20ITL303 OBJECT ORIENTED PROGRAMMING LAB
y21ait507,SRI HARSHITHA BUDATI,MURALI KRISHNA BUDATI,484,79,5.41,80,56,73,21,52,54,75,45,42,66,3.0,3.0,3.0,3.0,3.0,3.0,3.5,1.5,1.5,71,53,98,54,74,13,94,85,74,20IT301 MICRO PROCESSOR & MICRO CONTROLLER,20IT302 DATA STRUCTURES,20IT303 OBJECT ORIENTED PROGRAMMING,20IT304 OPERATING SYSTEMS,20CB305 COMPUTER ORGANIZATION,20IT306 TECHNICAL ENGLISH,20ITL301/SO01 LINUX ESSENTIALS LAB,20ITL302 DATA STRUCTURES LAB,20ITL303 OBJECT ORIENTED PROGRAMMING LAB
y21ait508,SYED HUSSAIN,SYED SHABBEER,657,30,7.86,30,61,81,71,53,68,65,95,76,87,3.0,3.0,3.0,3.0,3.0,3.0,3.5,1.5,1.5,62,25,55,52,34,65,2,20,22,20IT301 MICRO PROCESSOR & MICRO CONTROLLER,20IT302 DATA STRUCTURES,20IT303 OBJECT ORIENTED PROGRAMMING,20IT304 OPERATING SYSTEMS,20CB305 COMPUTER ORGANIZATION,20IT306 TECHNICAL ENGLISH,20ITL301/SO01 LINUX ESSENTIALS LAB,20ITL302 DATA STRUCTURES LAB,20ITL303 OBJECT ORIENTED PROGRAMMING LAB
y21ait509,TANIGUNDLA YEDUKONDALU,TANIGUNDLA THIRUPATHI REDDY,560,63,6.33,64,59,77,74,55,62,58,48,48,79,3.0,3.0,3.0,3.0,3.0,3.0,3.5,1.5,1.5,64,39,51,49,57,85,82,64,43,20IT301 MICRO PROCESSOR & MICRO CONTROLLER,20IT302 DATA STRUCTURES,20IT303 OBJECT ORIENTED PROGRAMMING,20IT304 OPERATING SYSTEMS,20CB305 COMPUTER ORGANIZATION,20IT306 TECHNICAL ENGLISH,20ITL301/SO01 LINUX ESSENTIALS LAB,20ITL302 DATA STRUCTURES LAB,20ITL303 OBJECT ORIENTED PROGRAMMING LAB
y21ait510,TATINENI BHAVYA SATHYA PRIYA,TATINENI ASHOK CHAKRAVARTHI,703,16,8.27,17,68,86,90,61,68,74,87,78,91,3.0,3.0,3.0,3.0,3.0,3.0,3.5,1.5,1.5,48,17,5,35,35,20,10,16,17,20IT301 MICRO PROCESSOR & MICRO CONTROLLER,20IT302 DATA STRUCTURES,20IT303 OBJECT ORIENTED PROGRAMMING,20IT304 OPERATING SYSTEMS,20CB305 COMPUTER ORGANIZATION,20IT306 TECHNICAL ENGLISH,20ITL301/SO01 LINUX ESSENTIALS LAB,20ITL302 DATA STRUCTURES LAB,20ITL303 OBJECT ORIENTED PROGRAMMING LAB
y21ait511,THOTA YUVARAJU,THOTA SRIHARI VARMA,68,115,0.0,115,0,0,0,0,15,15,23,0,15,3.0,3.0,3.0,3.0,3.0,3.0,3.5,1.5,1.5,115,115,115,115,112,115,111,114,115,20IT301 MICRO PROCESSOR & MICRO CONTROLLER,20IT302 DATA STRUCTURES,20IT303 OBJECT ORIENTED PROGRAMMING,20IT304 OPERATING SYSTEMS,20CB305 COMPUTER ORGANIZATION,20IT306 TECHNICAL ENGLISH,20ITL301/SO01 LINUX ESSENTIALS LAB,20ITL302 DATA STRUCTURES LAB,20ITL303 OBJECT ORIENTED PROGRAMMING LAB
y21ait512,TIMIDIDHAPATI VISHNU PRIYA,TIMIDIDHAPATI KRISHNA RAO,648,34,7.65,36,81,71,77,69,84,67,57,55,87,3.0,3.0,3.0,3.0,3.0,3.0,3.5,1.5,1.5,20,55,42,16,3,54,63,53,21,20IT301 MICRO PROCESSOR & MICRO CONTROLLER,20IT302 DATA STRUCTURES,20IT303 OBJECT ORIENTED PROGRAMMING,20IT304 OPERATING SYSTEMS,20CB305 COMPUTER ORGANIZATION,20IT306 TECHNICAL ENGLISH,20ITL301/SO01 LINUX ESSENTIALS LAB,20ITL302 DATA STRUCTURES LAB,20ITL303 OBJECT ORIENTED PROGRAMMING LAB
y21ait513,UPPUTHOLLA INDHU,UPPUTHOLLA NAGESWARA RAO,705,15,8.45,13,75,90,93,67,73,65,82,77,83,3.0,3.0,3.0,3.0,3.0,3.0,3.5,1.5,1.5,31,8,3,25,27,60,16,18,33,20IT301 MICRO PROCESSOR & MICRO CONTROLLER,20IT302 DATA STRUCTURES,20IT303 OBJECT ORIENTED PROGRAMMING,20IT304 OPERATING SYSTEMS,20CB305 COMPUTER ORGANIZATION,20IT306 TECHNICAL ENGLISH,20ITL301/SO01 LINUX ESSENTIALS LAB,20ITL302 DATA STRUCTURES LAB,20ITL303 OBJECT ORIENTED PROGRAMMING LAB
y21ait515,VANJARAPU BHARATHKUMAR,VANJARAPU SRINIVASARAO,591,53,7.14,51,61,83,64,51,63,58,79,57,75,3.0,3.0,3.0,3.0,3.0,3.0,3.5,1.5,1.5,61,24,68,58,55,82,21,47,52,20IT301 MICRO PROCESSOR & MICRO CONTROLLER,20IT302 DATA STRUCTURES,20IT303 OBJECT ORIENTED PROGRAMMING,20IT304 OPERATING SYSTEMS,20CB305 COMPUTER ORGANIZATION,20IT306 TECHNICAL ENGLISH,20ITL301/SO01 LINUX ESSENTIALS LAB,20ITL302 DATA STRUCTURES LAB,20ITL303 OBJECT ORIENTED PROGRAMMING LAB
y21ait516,VELPURI HARI VEERENDRA,VELPURI RAMESH BABU,724,10,8.59,11,78,92,82,60,73,69,90,93,87,3.0,3.0,3.0,3.0,3.0,3.0,3.5,1.5,1.5,24,5,29,38,24,38,7,4,20,20IT301 MICRO PROCESSOR & MICRO CONTROLLER,20IT302 DATA STRUCTURES,20IT303 OBJECT ORIENTED PROGRAMMING,20IT304 OPERATING SYSTEMS,20CB305 COMPUTER ORGANIZATION,20IT306 TECHNICAL ENGLISH,20ITL301/SO01 LINUX ESSENTIALS LAB,20ITL302 DATA STRUCTURES LAB,20ITL303 OBJECT ORIENTED PROGRAMMING LAB
y21ait517,VENKATA KRISHNA LINGALA,KOTESWARA RAO LINGALA,531,67,5.84,76,50,73,45,47,60,56,48,67,85,3.0,3.0,3.0,3.0,3.0,3.0,3.5,1.5,1.5,81,52,91,66,65,91,81,30,28,20IT301 MICRO PROCESSOR & MICRO CONTROLLER,20IT302 DATA STRUCTURES,20IT303 OBJECT ORIENTED PROGRAMMING,20IT304 OPERATING SYSTEMS,20CB305 COMPUTER ORGANIZATION,20IT306 TECHNICAL ENGLISH,20ITL301/SO01 LINUX ESSENTIALS LAB,20ITL302 DATA STRUCTURES LAB,20ITL303 OBJECT ORIENTED PROGRAMMING LAB
y21ait518,VENTAPALLI VENKAT SYAM,VENTAPALLI VENKATA RATNA KUMAR,85,114,0.0,114,0,15,0,0,15,22,0,15,18,3.0,3.0,3.0,3.0,3.0,3.0,3.5,1.5,1.5,106,103,109,105,111,114,115,109,113,20IT301 MICRO PROCESSOR & MICRO CONTROLLER,20IT302 DATA STRUCTURES,20IT303 OBJECT ORIENTED PROGRAMMING,20IT304 OPERATING SYSTEMS,20CB305 COMPUTER ORGANIZATION,20IT306 TECHNICAL ENGLISH,20ITL301/SO01 LINUX ESSENTIALS LAB,20ITL302 DATA STRUCTURES LAB,20ITL303 OBJECT ORIENTED PROGRAMMING LAB
y21ait519,VUTUKURI JAHNAVI DURGA,VUTUKURI SAI BABU,593,52,6.88,58,62,80,67,55,64,73,49,65,78,3.0,3.0,3.0,3.0,3.0,3.0,3.5,1.5,1.5,58,29,66,48,51,23,75,35,45,20IT301 MICRO PROCESSOR & MICRO CONTROLLER,20IT302 DATA STRUCTURES,20IT303 OBJECT ORIENTED PROGRAMMING,20IT304 OPERATING SYSTEMS,20CB305 COMPUTER ORGANIZATION,20IT306 TECHNICAL ENGLISH,20ITL301/SO01 LINUX ESSENTIALS LAB,20ITL302 DATA STRUCTURES LAB,20ITL303 OBJECT ORIENTED PROGRAMMING LAB
y21ait520,YAMPATI DEVIPRIYA,YAMPATI VENKATARAO,562,62,6.55,62,56,78,57,47,61,73,51,57,82,3.0,3.0,3.0,3.0,3.0,3.0,3.5,1.5,1.5,72,36,76,67,63,25,71,48,34,IT163 Workshop,IT211 Mathematics-III,IT212 Computer Organization,IT213 Computer Graphics,IT214 OOPs,IT215 DMS,IT216 Data Structures,IT251 OOP Lab,IT252 Data Structures Lab
y21ait522,YARRAMSETTI SIVA CHANDRA,YARRAMSETTI RAMA CHANDRA RAO,645,35,7.69,33,63,86,73,60,62,68,77,74,82,3.0,3.0,3.0,3.0,3.0,3.0,3.5,1.5,1.5,56,15,53,36,59,48,24,23,36,20IT301 MICRO PROCESSOR & MICRO CONTROLLER,20IT302 DATA STRUCTURES,20IT303 OBJECT ORIENTED PROGRAMMING,20IT304 OPERATING SYSTEMS,20CB305 COMPUTER ORGANIZATION,20IT306 TECHNICAL ENGLISH,20ITL301/SO01 LINUX ESSENTIALS LAB,20ITL302 DATA STRUCTURES LAB,20ITL303 OBJECT ORIENTED PROGRAMMING LAB
y21ait523,YENDAPALLI SAI PRASAD,YENDAPALLI MALLESWARA RAO,629,40,7.35,44,56,77,73,57,63,59,82,78,84,3.0,3.0,3.0,3.0,3.0,3.0,3.5,1.5,1.5,73,41,52,43,56,79,15,15,30,20IT301 MICRO PROCESSOR & MICRO CONTROLLER,20IT302 DATA STRUCTURES,20IT303 OBJECT ORIENTED PROGRAMMING,20IT304 OPERATING SYSTEMS,20CB305 COMPUTER ORGANIZATION,20IT306 TECHNICAL ENGLISH,20ITL301/SO01 LINUX ESSENTIALS LAB,20ITL302 DATA STRUCTURES LAB,20ITL303 OBJECT ORIENTED PROGRAMMING LAB
