Reg No,Name,Father Name,total,total_rank,sgpa,sgpa_rank,M3,WT,DBMS,DAA,PP,WT_LAB,RDBMS_LAB,C1,C2,C3,C4,C5,C6,C7,m3_rank,wt_rank,dbms_rank,daa_rank,pp_rank,wt_lab_rank,rdbms_lab_rank,sub1,sub2,sub3,sub4,sub5,sub6,sub7
y21ait401,ADDANKI NAGA SAI,ADDANKI BHADRAIAH,450,76,6.95,74,56,68,57,62,66,71,70,3.0,3.0,3.0,3.0,1.5,1.5,3.5,80,75,82,77,57,91,52,20IT401/MA 03 PROBABILITY AND STATISTICS,20IT402 WEB TECHNOLOGIES,20IT403 DATABASE MANAGEMENT SYSTEMS,20IT404 DESIGN AND ANALYSIS OF ALGORITHMS,20ITL401/SO02 PYTHON PROGRAMMING,20ITL402 WEB TECHNOLOGIES LAB,20ITL403 RDBMS LAB
y21ait402,ALAVALA SAI PRAVALLIKA,ALAVALA DURGA REDDY,587,25,8.84,27,87,79,83,81,88,85,84,3.0,3.0,3.0,3.0,1.5,1.5,3.5,21,45,31,38,14,31,21,20IT401/MA 03 PROBABILITY AND STATISTICS,20IT402 WEB TECHNOLOGIES,20IT403 DATABASE MANAGEMENT SYSTEMS,20IT404 DESIGN AND ANALYSIS OF ALGORITHMS,20ITL401/SO02 PYTHON PROGRAMMING,20ITL402 WEB TECHNOLOGIES LAB,20ITL403 RDBMS LAB
y21ait403,AMBATI PRAVEEN SESHU,AMBATI MUKKANTESWARUDU,503,55,7.78,56,77,82,61,82,67,81,53,3.0,3.0,3.0,3.0,1.5,1.5,3.5,47,34,77,34,56,43,88,20IT401/MA 03 PROBABILITY AND STATISTICS,20IT402 WEB TECHNOLOGIES,20IT403 DATABASE MANAGEMENT SYSTEMS,20IT404 DESIGN AND ANALYSIS OF ALGORITHMS,20ITL401/SO02 PYTHON PROGRAMMING,20ITL402 WEB TECHNOLOGIES LAB,20ITL403 RDBMS LAB
y21ait404,AMERINENI BALAJI,AMERINENI LAKSHMANA RAO,500,57,7.49,63,60,77,69,74,79,74,67,3.0,3.0,3.0,3.0,1.5,1.5,3.5,75,50,60,54,39,77,58,20IT401/MA 03 PROBABILITY AND STATISTICS,20IT402 WEB TECHNOLOGIES,20IT403 DATABASE MANAGEMENT SYSTEMS,20IT404 DESIGN AND ANALYSIS OF ALGORITHMS,20ITL401/SO02 PYTHON PROGRAMMING,20ITL402 WEB TECHNOLOGIES LAB,20ITL403 RDBMS LAB
y21ait405,ANCHA PREMCHAND,ANCHA HANUMANTHA RAO,496,59,7.7,58,70,62,57,75,74,76,82,3.0,3.0,3.0,3.0,1.5,1.5,3.5,63,87,84,51,50,65,28,20IT401/MA 03 PROBABILITY AND STATISTICS,20IT402 WEB TECHNOLOGIES,20IT403 DATABASE MANAGEMENT SYSTEMS,20IT404 DESIGN AND ANALYSIS OF ALGORITHMS,20ITL401/SO02 PYTHON PROGRAMMING,20ITL402 WEB TECHNOLOGIES LAB,20ITL403 RDBMS LAB
y21ait406,ANUMALA VENKATA SAIRAM,ANUMALA SATYANARAYANA,610,9,9.43,7,90,81,84,85,88,91,91,3.0,3.0,3.0,3.0,1.5,1.5,3.5,14,38,28,25,12,7,5,20IT401/MA 03 PROBABILITY AND STATISTICS,20IT402 WEB TECHNOLOGIES,20IT403 DATABASE MANAGEMENT SYSTEMS,20IT404 DESIGN AND ANALYSIS OF ALGORITHMS,20ITL401/SO02 PYTHON PROGRAMMING,20ITL402 WEB TECHNOLOGIES LAB,20ITL403 RDBMS LAB
y21ait407,BARLA DOLA SATYA GANESH,BARLA SRI VENU GOPAL,580,30,8.92,22,81,84,81,85,88,79,82,3.0,3.0,3.0,3.0,1.5,1.5,3.5,34,23,35,26,13,53,27,20IT401/MA 03 PROBABILITY AND STATISTICS,20IT402 WEB TECHNOLOGIES,20IT403 DATABASE MANAGEMENT SYSTEMS,20IT404 DESIGN AND ANALYSIS OF ALGORITHMS,20ITL401/SO02 PYTHON PROGRAMMING,20ITL402 WEB TECHNOLOGIES LAB,20ITL403 RDBMS LAB
y21ait408,BELLAMKONDA HARI CHANDANA,BELLAMKONDA CHANDRA SEKHARA RAO,602,15,8.89,23,86,87,89,89,91,83,77,3.0,3.0,3.0,3.0,1.5,1.5,3.5,27,17,14,12,8,35,40,20IT401/MA 03 PROBABILITY AND STATISTICS,20IT402 WEB TECHNOLOGIES,20IT403 DATABASE MANAGEMENT SYSTEMS,20IT404 DESIGN AND ANALYSIS OF ALGORITHMS,20ITL401/SO02 PYTHON PROGRAMMING,20ITL402 WEB TECHNOLOGIES LAB,20ITL403 RDBMS LAB
y21ait409,BHEEMAVARAPU LAHARI SRI DURGA,BHEEMAVARAPU SUBBARAO,565,32,8.65,32,82,84,85,82,79,76,77,3.0,3.0,3.0,3.0,1.5,1.5,3.5,32,24,23,36,37,69,37,20IT401/MA 03 PROBABILITY AND STATISTICS,20IT402 WEB TECHNOLOGIES,20IT403 DATABASE MANAGEMENT SYSTEMS,20IT404 DESIGN AND ANALYSIS OF ALGORITHMS,20ITL401/SO02 PYTHON PROGRAMMING,20ITL402 WEB TECHNOLOGIES LAB,20ITL403 RDBMS LAB
y21ait410,BODEMPUDI PRATHYUSHA,BODEMPUDI RAMANJANEYULU,600,20,9.16,12,91,88,87,82,81,86,85,3.0,3.0,3.0,3.0,1.5,1.5,3.5,13,11,20,33,34,27,18,20IT401/MA 03 PROBABILITY AND STATISTICS,20IT402 WEB TECHNOLOGIES,20IT403 DATABASE MANAGEMENT SYSTEMS,20IT404 DESIGN AND ANALYSIS OF ALGORITHMS,20ITL401/SO02 PYTHON PROGRAMMING,20ITL402 WEB TECHNOLOGIES LAB,20ITL403 RDBMS LAB
y21ait411,BOMMIDI YUGANDHAR,BOMMIDI SAMBAIAH,432,78,6.46,78,64,57,48,57,61,72,73,3.0,3.0,3.0,3.0,1.5,1.5,3.5,71,93,91,85,65,85,45,20IT401/MA 03 PROBABILITY AND STATISTICS,20IT402 WEB TECHNOLOGIES,20IT403 DATABASE MANAGEMENT SYSTEMS,20IT404 DESIGN AND ANALYSIS OF ALGORITHMS,20ITL401/SO02 PYTHON PROGRAMMING,20ITL402 WEB TECHNOLOGIES LAB,20ITL403 RDBMS LAB
y21ait412,BONTHU ADEESH,BONTHU SRINIVASA RAO,285,103,3.49,102,0,46,45,24,50,67,53,3.0,3.0,3.0,3.0,1.5,1.5,3.5,99,101,96,107,91,98,87,20IT401/MA 03 PROBABILITY AND STATISTICS,20IT402 WEB TECHNOLOGIES,20IT403 DATABASE MANAGEMENT SYSTEMS,20IT404 DESIGN AND ANALYSIS OF ALGORITHMS,20ITL401/SO02 PYTHON PROGRAMMING,20ITL402 WEB TECHNOLOGIES LAB,20ITL403 RDBMS LAB
y21ait414,CHIGURUPATI NEHA,CHIGURUPATI RAM PRASAD,612,8,9.24,11,94,83,89,83,86,91,86,3.0,3.0,3.0,3.0,1.5,1.5,3.5,7,30,17,32,18,9,16,20IT401/MA 03 PROBABILITY AND STATISTICS,20IT402 WEB TECHNOLOGIES,20IT403 DATABASE MANAGEMENT SYSTEMS,20IT404 DESIGN AND ANALYSIS OF ALGORITHMS,20ITL401/SO02 PYTHON PROGRAMMING,20ITL402 WEB TECHNOLOGIES LAB,20ITL403 RDBMS LAB
y21ait415,CHUNDURI SAI SRINIVAS,CHUNDURI NAGENDRA GUPTA,534,46,8.0,49,77,75,75,72,77,79,79,3.0,3.0,3.0,3.0,1.5,1.5,3.5,48,56,48,61,43,58,35,20IT401/MA 03 PROBABILITY AND STATISTICS,20IT402 WEB TECHNOLOGIES,20IT403 DATABASE MANAGEMENT SYSTEMS,20IT404 DESIGN AND ANALYSIS OF ALGORITHMS,20ITL401/SO02 PYTHON PROGRAMMING,20ITL402 WEB TECHNOLOGIES LAB,20ITL403 RDBMS LAB
y21ait416,DAGGUBATI HARSHITHA,DAGGUBATI RAVI BABU,522,50,8.24,43,80,76,84,70,62,74,76,3.0,3.0,3.0,3.0,1.5,1.5,3.5,36,52,27,64,62,75,42,20IT401/MA 03 PROBABILITY AND STATISTICS,20IT402 WEB TECHNOLOGIES,20IT403 DATABASE MANAGEMENT SYSTEMS,20IT404 DESIGN AND ANALYSIS OF ALGORITHMS,20ITL401/SO02 PYTHON PROGRAMMING,20ITL402 WEB TECHNOLOGIES LAB,20ITL403 RDBMS LAB
y21ait417,DAMARLA KESAVA KRISHNA,DAMARLA VENKATESWARA RAO,581,27,8.81,29,94,80,78,85,86,80,78,3.0,3.0,3.0,3.0,1.5,1.5,3.5,5,40,42,24,21,45,36,20IT401/MA 03 PROBABILITY AND STATISTICS,20IT402 WEB TECHNOLOGIES,20IT403 DATABASE MANAGEMENT SYSTEMS,20IT404 DESIGN AND ANALYSIS OF ALGORITHMS,20ITL401/SO02 PYTHON PROGRAMMING,20ITL402 WEB TECHNOLOGIES LAB,20ITL403 RDBMS LAB
y21ait418,DASARI MAHESH,DASARI MALYADRI,336,101,4.73,99,0,65,66,43,51,62,49,3.0,3.0,3.0,3.0,1.5,1.5,3.5,105,84,64,98,89,105,105,20IT401/MA 03 PROBABILITY AND STATISTICS,20IT402 WEB TECHNOLOGIES,20IT403 DATABASE MANAGEMENT SYSTEMS,20IT404 DESIGN AND ANALYSIS OF ALGORITHMS,20ITL401/SO02 PYTHON PROGRAMMING,20ITL402 WEB TECHNOLOGIES LAB,20ITL403 RDBMS LAB
y21ait419,DEGALA SAI ASHOK,DEGALA VENKATESWARLU,535,45,8.3,40,89,83,80,75,72,73,63,3.0,3.0,3.0,3.0,1.5,1.5,3.5,16,31,38,50,51,81,64,20IT401/MA 03 PROBABILITY AND STATISTICS,20IT402 WEB TECHNOLOGIES,20IT403 DATABASE MANAGEMENT SYSTEMS,20IT404 DESIGN AND ANALYSIS OF ALGORITHMS,20ITL401/SO02 PYTHON PROGRAMMING,20ITL402 WEB TECHNOLOGIES LAB,20ITL403 RDBMS LAB
y21ait420,DEVARAPALLI VINAY KUMAR,DEVARAPALLI MOJES,495,60,7.65,59,78,82,75,65,58,77,60,3.0,3.0,3.0,3.0,1.5,1.5,3.5,41,32,49,71,73,64,72,20IT401/MA 03 PROBABILITY AND STATISTICS,20IT402 WEB TECHNOLOGIES,20IT403 DATABASE MANAGEMENT SYSTEMS,20IT404 DESIGN AND ANALYSIS OF ALGORITHMS,20ITL401/SO02 PYTHON PROGRAMMING,20ITL402 WEB TECHNOLOGIES LAB,20ITL403 RDBMS LAB
y21ait421,DIVVELA HEMANTH KUMAR,DIVVELA NAGENDRA PRASAD,387,88,5.92,85,56,53,61,45,55,66,51,3.0,3.0,3.0,3.0,1.5,1.5,3.5,81,98,76,97,75,99,97,20IT401/MA 03 PROBABILITY AND STATISTICS,20IT402 WEB TECHNOLOGIES,20IT403 DATABASE MANAGEMENT SYSTEMS,20IT404 DESIGN AND ANALYSIS OF ALGORITHMS,20ITL401/SO02 PYTHON PROGRAMMING,20ITL402 WEB TECHNOLOGIES LAB,20ITL403 RDBMS LAB
y21ait422,DODDA DINESH,DODDA RAMESH,53,109,0.0,109,0,0,0,0,15,19,19,3.0,3.0,3.0,3.0,1.5,1.5,3.5,98,108,108,109,108,109,109,20IT401/MA 03 PROBABILITY AND STATISTICS,20IT402 WEB TECHNOLOGIES,20IT403 DATABASE MANAGEMENT SYSTEMS,20IT404 DESIGN AND ANALYSIS OF ALGORITHMS,20ITL401/SO02 PYTHON PROGRAMMING,20ITL402 WEB TECHNOLOGIES LAB,20ITL403 RDBMS LAB
y21ait423,DOKKA JASHUVA DANIEL,DOKKA ISRAYELU,295,102,3.27,103,0,55,49,30,49,64,48,3.0,3.0,3.0,3.0,1.5,1.5,3.5,104,96,90,103,93,102,107,20IT401/MA 03 PROBABILITY AND STATISTICS,20IT402 WEB TECHNOLOGIES,20IT403 DATABASE MANAGEMENT SYSTEMS,20IT404 DESIGN AND ANALYSIS OF ALGORITHMS,20ITL401/SO02 PYTHON PROGRAMMING,20ITL402 WEB TECHNOLOGIES LAB,20ITL403 RDBMS LAB
y21ait424,DONEPUDI SUMA,DONEPUDI SUKUMAR,516,53,8.03,48,86,80,90,53,82,72,53,3.0,3.0,3.0,3.0,1.5,1.5,3.5,25,39,12,86,32,84,94,20IT401/MA 03 PROBABILITY AND STATISTICS,20IT402 WEB TECHNOLOGIES,20IT403 DATABASE MANAGEMENT SYSTEMS,20IT404 DESIGN AND ANALYSIS OF ALGORITHMS,20ITL401/SO02 PYTHON PROGRAMMING,20ITL402 WEB TECHNOLOGIES LAB,20ITL403 RDBMS LAB
y21ait425,DOPPALAPUDI KARTHIK,DOPPALAPUDI VENKATARAO,415,80,6.24,80,66,68,64,49,53,65,50,3.0,3.0,3.0,3.0,1.5,1.5,3.5,68,73,70,93,81,100,100,20IT401/MA 03 PROBABILITY AND STATISTICS,20IT402 WEB TECHNOLOGIES,20IT403 DATABASE MANAGEMENT SYSTEMS,20IT404 DESIGN AND ANALYSIS OF ALGORITHMS,20ITL401/SO02 PYTHON PROGRAMMING,20ITL402 WEB TECHNOLOGIES LAB,20ITL403 RDBMS LAB
y21ait426,DUNNA AKSHAY,DUNNA VENKAIAH,400,85,6.11,83,51,63,58,48,53,67,60,3.0,3.0,3.0,3.0,1.5,1.5,3.5,85,86,81,94,82,97,73,20IT401/MA 03 PROBABILITY AND STATISTICS,20IT402 WEB TECHNOLOGIES,20IT403 DATABASE MANAGEMENT SYSTEMS,20IT404 DESIGN AND ANALYSIS OF ALGORITHMS,20ITL401/SO02 PYTHON PROGRAMMING,20ITL402 WEB TECHNOLOGIES LAB,20ITL403 RDBMS LAB
y21ait427,G PRANEETA,G NAGA POLESWARA RAO,495,61,7.65,60,74,67,81,76,59,71,67,3.0,3.0,3.0,3.0,1.5,1.5,3.5,56,76,36,46,70,88,56,20IT401/MA 03 PROBABILITY AND STATISTICS,20IT402 WEB TECHNOLOGIES,20IT403 DATABASE MANAGEMENT SYSTEMS,20IT404 DESIGN AND ANALYSIS OF ALGORITHMS,20ITL401/SO02 PYTHON PROGRAMMING,20ITL402 WEB TECHNOLOGIES LAB,20ITL403 RDBMS LAB
y21ait428,GANGAVARAPU NAVEENA,GANGAVARAPU VENKATARAO,414,81,5.7,87,65,66,58,39,54,70,62,3.0,3.0,3.0,3.0,1.5,1.5,3.5,69,82,80,101,80,92,68,20IT401/MA 03 PROBABILITY AND STATISTICS,20IT402 WEB TECHNOLOGIES,20IT403 DATABASE MANAGEMENT SYSTEMS,20IT404 DESIGN AND ANALYSIS OF ALGORITHMS,20ITL401/SO02 PYTHON PROGRAMMING,20ITL402 WEB TECHNOLOGIES LAB,20ITL403 RDBMS LAB
y21ait429,GANTA KOKILA,GANTA NANAJI RAO,560,35,8.59,35,76,75,92,77,77,82,81,3.0,3.0,3.0,3.0,1.5,1.5,3.5,49,54,8,45,46,41,30,20IT401/MA 03 PROBABILITY AND STATISTICS,20IT402 WEB TECHNOLOGIES,20IT403 DATABASE MANAGEMENT SYSTEMS,20IT404 DESIGN AND ANALYSIS OF ALGORITHMS,20ITL401/SO02 PYTHON PROGRAMMING,20ITL402 WEB TECHNOLOGIES LAB,20ITL403 RDBMS LAB
y21ait430,GARLAPATI AJAY KUMAR,GARLAPATI VIJAY KUMAR,274,104,3.05,104,0,43,17,35,40,65,74,3.0,3.0,3.0,3.0,1.5,1.5,3.5,102,104,107,102,104,101,43,20IT401/MA 03 PROBABILITY AND STATISTICS,20IT402 WEB TECHNOLOGIES,20IT403 DATABASE MANAGEMENT SYSTEMS,20IT404 DESIGN AND ANALYSIS OF ALGORITHMS,20ITL401/SO02 PYTHON PROGRAMMING,20ITL402 WEB TECHNOLOGIES LAB,20ITL403 RDBMS LAB
y21ait431,GOPATHI SAI GANESH,GOPATHI VENKATARAMAIAH,337,100,4.95,97,0,58,77,42,40,61,59,3.0,3.0,3.0,3.0,1.5,1.5,3.5,106,92,43,99,103,106,77,20IT401/MA 03 PROBABILITY AND STATISTICS,20IT402 WEB TECHNOLOGIES,20IT403 DATABASE MANAGEMENT SYSTEMS,20IT404 DESIGN AND ANALYSIS OF ALGORITHMS,20ITL401/SO02 PYTHON PROGRAMMING,20ITL402 WEB TECHNOLOGIES LAB,20ITL403 RDBMS LAB
y21ait432,GUDLA USHA RANI,GUDLA RAM BABU,542,43,8.59,36,71,80,92,74,55,88,82,3.0,3.0,3.0,3.0,1.5,1.5,3.5,62,41,7,56,76,19,29,20IT401/MA 03 PROBABILITY AND STATISTICS,20IT402 WEB TECHNOLOGIES,20IT403 DATABASE MANAGEMENT SYSTEMS,20IT404 DESIGN AND ANALYSIS OF ALGORITHMS,20ITL401/SO02 PYTHON PROGRAMMING,20ITL402 WEB TECHNOLOGIES LAB,20ITL403 RDBMS LAB
y21ait433,GURRAM DEEPTHI SRI,GURRAM NAGA RAJU,404,84,6.16,82,55,59,57,63,47,73,50,3.0,3.0,3.0,3.0,1.5,1.5,3.5,83,90,83,75,94,78,99,20IT401/MA 03 PROBABILITY AND STATISTICS,20IT402 WEB TECHNOLOGIES,20IT403 DATABASE MANAGEMENT SYSTEMS,20IT404 DESIGN AND ANALYSIS OF ALGORITHMS,20ITL401/SO02 PYTHON PROGRAMMING,20ITL402 WEB TECHNOLOGIES LAB,20ITL403 RDBMS LAB
y21ait434,IMADABATTUUNI UPENDRA KRISHNA,IMADABATTUNI BHASKAR RAO,234,105,2.86,105,0,40,25,0,40,63,66,3.0,3.0,3.0,3.0,1.5,1.5,3.5,101,106,104,108,105,104,60,20IT401/MA 03 PROBABILITY AND STATISTICS,20IT402 WEB TECHNOLOGIES,20IT403 DATABASE MANAGEMENT SYSTEMS,20IT404 DESIGN AND ANALYSIS OF ALGORITHMS,20ITL401/SO02 PYTHON PROGRAMMING,20ITL402 WEB TECHNOLOGIES LAB,20ITL403 RDBMS LAB
y21ait435,JANJANAM DURGA BHAVANI,JANJANAM ANJANEYULU,431,79,6.19,81,47,69,74,47,51,76,67,3.0,3.0,3.0,3.0,1.5,1.5,3.5,87,72,52,95,86,67,55,20IT401/MA 03 PROBABILITY AND STATISTICS,20IT402 WEB TECHNOLOGIES,20IT403 DATABASE MANAGEMENT SYSTEMS,20IT404 DESIGN AND ANALYSIS OF ALGORITHMS,20ITL401/SO02 PYTHON PROGRAMMING,20ITL402 WEB TECHNOLOGIES LAB,20ITL403 RDBMS LAB
y21ait436,JARUGU SUPRIYA,JARUGU SATYA NARAYANA,602,17,9.0,20,88,87,88,84,85,87,83,3.0,3.0,3.0,3.0,1.5,1.5,3.5,19,15,19,28,23,24,23,20IT401/MA 03 PROBABILITY AND STATISTICS,20IT402 WEB TECHNOLOGIES,20IT403 DATABASE MANAGEMENT SYSTEMS,20IT404 DESIGN AND ANALYSIS OF ALGORITHMS,20ITL401/SO02 PYTHON PROGRAMMING,20ITL402 WEB TECHNOLOGIES LAB,20ITL403 RDBMS LAB
y21ait437,JAVVADI DURGA HEMANTH JANAKI RAM,JAVVADI VENKATA SWAMY NAIDU,451,75,7.0,72,67,67,62,67,52,73,63,3.0,3.0,3.0,3.0,1.5,1.5,3.5,64,78,75,69,83,80,66,20IT401/MA 03 PROBABILITY AND STATISTICS,20IT402 WEB TECHNOLOGIES,20IT403 DATABASE MANAGEMENT SYSTEMS,20IT404 DESIGN AND ANALYSIS OF ALGORITHMS,20ITL401/SO02 PYTHON PROGRAMMING,20ITL402 WEB TECHNOLOGIES LAB,20ITL403 RDBMS LAB
y21ait439,JONNALAGADDA KESAVA,JONNALAGADDA RAMBABU,612,7,9.16,13,95,88,85,82,85,88,89,3.0,3.0,3.0,3.0,1.5,1.5,3.5,3,12,24,35,22,18,8,20IT401/MA 03 PROBABILITY AND STATISTICS,20IT402 WEB TECHNOLOGIES,20IT403 DATABASE MANAGEMENT SYSTEMS,20IT404 DESIGN AND ANALYSIS OF ALGORITHMS,20ITL401/SO02 PYTHON PROGRAMMING,20ITL402 WEB TECHNOLOGIES LAB,20ITL403 RDBMS LAB
y21ait440,JONNALAGADDA SRI NAGA ANUSHA,JONNALAGADDA SATYA NARAYANA,655,1,9.76,3,94,96,97,86,98,89,95,3.0,3.0,3.0,3.0,1.5,1.5,3.5,4,3,1,23,2,16,1,20IT401/MA 03 PROBABILITY AND STATISTICS,20IT402 WEB TECHNOLOGIES,20IT403 DATABASE MANAGEMENT SYSTEMS,20IT404 DESIGN AND ANALYSIS OF ALGORITHMS,20ITL401/SO02 PYTHON PROGRAMMING,20ITL402 WEB TECHNOLOGIES LAB,20ITL403 RDBMS LAB
y21ait441,KAKARLA RAVINDRA SAI,KAKARLA RAMA KRISHNA,351,96,4.92,98,0,49,50,49,61,69,73,3.0,3.0,3.0,3.0,1.5,1.5,3.5,108,100,89,91,64,93,46,20IT401/MA 03 PROBABILITY AND STATISTICS,20IT402 WEB TECHNOLOGIES,20IT403 DATABASE MANAGEMENT SYSTEMS,20IT404 DESIGN AND ANALYSIS OF ALGORITHMS,20ITL401/SO02 PYTHON PROGRAMMING,20ITL402 WEB TECHNOLOGIES LAB,20ITL403 RDBMS LAB
y21ait442,KALAVAKURI SIVAIAH,KALAVAKURI VENKATESWARLU,577,31,8.76,30,78,84,83,86,80,79,87,3.0,3.0,3.0,3.0,1.5,1.5,3.5,43,22,29,22,35,57,14,20IT401/MA 03 PROBABILITY AND STATISTICS,20IT402 WEB TECHNOLOGIES,20IT403 DATABASE MANAGEMENT SYSTEMS,20IT404 DESIGN AND ANALYSIS OF ALGORITHMS,20ITL401/SO02 PYTHON PROGRAMMING,20ITL402 WEB TECHNOLOGIES LAB,20ITL403 RDBMS LAB
y21ait443,KAMINI YESHSWI AHAAD,KAMINI SRINIVASA RAO,580,28,8.84,26,79,85,80,80,81,86,89,3.0,3.0,3.0,3.0,1.5,1.5,3.5,40,20,39,40,33,25,9,20IT401/MA 03 PROBABILITY AND STATISTICS,20IT402 WEB TECHNOLOGIES,20IT403 DATABASE MANAGEMENT SYSTEMS,20IT404 DESIGN AND ANALYSIS OF ALGORITHMS,20ITL401/SO02 PYTHON PROGRAMMING,20ITL402 WEB TECHNOLOGIES LAB,20ITL403 RDBMS LAB
y21ait444,KANCHARLA PRASANNA KUMAR,KANCHARLA SAIDULU,588,23,9.08,18,81,85,81,89,92,80,80,3.0,3.0,3.0,3.0,1.5,1.5,3.5,33,21,37,10,5,49,33,20IT401/MA 03 PROBABILITY AND STATISTICS,20IT402 WEB TECHNOLOGIES,20IT403 DATABASE MANAGEMENT SYSTEMS,20IT404 DESIGN AND ANALYSIS OF ALGORITHMS,20ITL401/SO02 PYTHON PROGRAMMING,20ITL402 WEB TECHNOLOGIES LAB,20ITL403 RDBMS LAB
y21ait445,KANDENA SIVA PRASAD,KANDENA TIRUPATHI RAO,588,22,8.81,28,85,83,84,88,92,79,77,3.0,3.0,3.0,3.0,1.5,1.5,3.5,28,26,26,13,7,55,39,20IT401/MA 03 PROBABILITY AND STATISTICS,20IT402 WEB TECHNOLOGIES,20IT403 DATABASE MANAGEMENT SYSTEMS,20IT404 DESIGN AND ANALYSIS OF ALGORITHMS,20ITL401/SO02 PYTHON PROGRAMMING,20ITL402 WEB TECHNOLOGIES LAB,20ITL403 RDBMS LAB
y21ait446,KASA JYOTHSNA,KASA SESHAIAH,608,12,9.49,6,94,83,90,90,85,83,83,3.0,3.0,3.0,3.0,1.5,1.5,3.5,6,28,13,6,25,36,24,20IT401/MA 03 PROBABILITY AND STATISTICS,20IT402 WEB TECHNOLOGIES,20IT403 DATABASE MANAGEMENT SYSTEMS,20IT404 DESIGN AND ANALYSIS OF ALGORITHMS,20ITL401/SO02 PYTHON PROGRAMMING,20ITL402 WEB TECHNOLOGIES LAB,20ITL403 RDBMS LAB
y21ait447,KATTA AVINASH,KATTA SRINIVASARAO,655,2,9.92,1,95,93,94,93,99,89,92,3.0,3.0,3.0,3.0,1.5,1.5,3.5,2,5,2,4,1,17,4,20IT401/MA 03 PROBABILITY AND STATISTICS,20IT402 WEB TECHNOLOGIES,20IT403 DATABASE MANAGEMENT SYSTEMS,20IT404 DESIGN AND ANALYSIS OF ALGORITHMS,20ITL401/SO02 PYTHON PROGRAMMING,20ITL402 WEB TECHNOLOGIES LAB,20ITL403 RDBMS LAB
y21ait448,KAVURI UMAMAHESWARA RAO,KAVURI SRINIVASA RAO,233,106,2.54,106,0,43,40,26,24,53,47,3.0,3.0,3.0,3.0,1.5,1.5,3.5,100,105,101,105,106,108,108,20IT401/MA 03 PROBABILITY AND STATISTICS,20IT402 WEB TECHNOLOGIES,20IT403 DATABASE MANAGEMENT SYSTEMS,20IT404 DESIGN AND ANALYSIS OF ALGORITHMS,20ITL401/SO02 PYTHON PROGRAMMING,20ITL402 WEB TECHNOLOGIES LAB,20ITL403 RDBMS LAB
y21ait449,KOBBARI SRIKANTH,KOBBARI APPARAO,622,5,9.41,9,97,93,89,89,90,80,84,3.0,3.0,3.0,3.0,1.5,1.5,3.5,1,4,15,9,10,47,22,20IT401/MA 03 PROBABILITY AND STATISTICS,20IT402 WEB TECHNOLOGIES,20IT403 DATABASE MANAGEMENT SYSTEMS,20IT404 DESIGN AND ANALYSIS OF ALGORITHMS,20ITL401/SO02 PYTHON PROGRAMMING,20ITL402 WEB TECHNOLOGIES LAB,20ITL403 RDBMS LAB
y21ait450,KODURI VARSHINI SAI,KODURI VENKATA SAMBASIVA RAO,626,4,9.68,4,93,92,93,88,87,80,93,3.0,3.0,3.0,3.0,1.5,1.5,3.5,10,7,5,16,15,48,3,20IT401/MA 03 PROBABILITY AND STATISTICS,20IT402 WEB TECHNOLOGIES,20IT403 DATABASE MANAGEMENT SYSTEMS,20IT404 DESIGN AND ANALYSIS OF ALGORITHMS,20ITL401/SO02 PYTHON PROGRAMMING,20ITL402 WEB TECHNOLOGIES LAB,20ITL403 RDBMS LAB
y21ait451,KOLASANI LAKSHMI KUSUMA PRIYA,KOLASANI VENKATA SUBBARAO,601,18,9.08,16,86,89,90,88,86,79,83,3.0,3.0,3.0,3.0,1.5,1.5,3.5,26,9,10,17,19,54,25,20IT401/MA 03 PROBABILITY AND STATISTICS,20IT402 WEB TECHNOLOGIES,20IT403 DATABASE MANAGEMENT SYSTEMS,20IT404 DESIGN AND ANALYSIS OF ALGORITHMS,20ITL401/SO02 PYTHON PROGRAMMING,20ITL402 WEB TECHNOLOGIES LAB,20ITL403 RDBMS LAB
y21ait452,KOLLA VIJAY,KOLLA SRINIVASA RAO,405,83,6.27,79,55,74,42,61,40,67,66,3.0,3.0,3.0,3.0,1.5,1.5,3.5,82,61,100,78,102,96,59,20IT401/MA 03 PROBABILITY AND STATISTICS,20IT402 WEB TECHNOLOGIES,20IT403 DATABASE MANAGEMENT SYSTEMS,20IT404 DESIGN AND ANALYSIS OF ALGORITHMS,20ITL401/SO02 PYTHON PROGRAMMING,20ITL402 WEB TECHNOLOGIES LAB,20ITL403 RDBMS LAB
y21ait453,KONCHADA DIVAKAR,KONCHADA RADHA KRISHNA,466,69,7.08,69,59,74,67,63,63,76,64,3.0,3.0,3.0,3.0,1.5,1.5,3.5,77,60,62,74,61,66,63,20IT401/MA 03 PROBABILITY AND STATISTICS,20IT402 WEB TECHNOLOGIES,20IT403 DATABASE MANAGEMENT SYSTEMS,20IT404 DESIGN AND ANALYSIS OF ALGORITHMS,20ITL401/SO02 PYTHON PROGRAMMING,20ITL402 WEB TECHNOLOGIES LAB,20ITL403 RDBMS LAB
y21ait456,KOTIPALLI BHAVYA SRI,KOTIPALLI MURALI,351,97,5.11,96,0,68,54,57,47,68,57,3.0,3.0,3.0,3.0,1.5,1.5,3.5,107,74,88,83,95,94,78,20IT401/MA 03 PROBABILITY AND STATISTICS,20IT402 WEB TECHNOLOGIES,20IT403 DATABASE MANAGEMENT SYSTEMS,20IT404 DESIGN AND ANALYSIS OF ALGORITHMS,20ITL401/SO02 PYTHON PROGRAMMING,20ITL402 WEB TECHNOLOGIES LAB,20ITL403 RDBMS LAB
y21ait457,KUNAPAREDDY VENKATA RAMAIAH,KUNAPAREDDY AADI VISHNU NARAYANA MURTHY,459,73,7.05,70,56,74,74,66,65,71,53,3.0,3.0,3.0,3.0,1.5,1.5,3.5,79,58,51,70,59,86,92,20IT401/MA 03 PROBABILITY AND STATISTICS,20IT402 WEB TECHNOLOGIES,20IT403 DATABASE MANAGEMENT SYSTEMS,20IT404 DESIGN AND ANALYSIS OF ALGORITHMS,20ITL401/SO02 PYTHON PROGRAMMING,20ITL402 WEB TECHNOLOGIES LAB,20ITL403 RDBMS LAB
y21ait459,LADDIKA VASU DEVA LAKSHMI NARASIMHA RAO,LADDIKA DURGA VENKATA NARAYANA MURTHY,519,51,7.78,55,78,83,76,74,77,72,59,3.0,3.0,3.0,3.0,1.5,1.5,3.5,45,27,46,55,44,83,76,20IT401/MA 03 PROBABILITY AND STATISTICS,20IT402 WEB TECHNOLOGIES,20IT403 DATABASE MANAGEMENT SYSTEMS,20IT404 DESIGN AND ANALYSIS OF ALGORITHMS,20ITL401/SO02 PYTHON PROGRAMMING,20ITL402 WEB TECHNOLOGIES LAB,20ITL403 RDBMS LAB
y21ait460,MANNEM DURGA NAGA VENKATA SAI,MANNEM NARASIMHA RAO,387,89,5.68,88,46,60,54,49,60,63,55,3.0,3.0,3.0,3.0,1.5,1.5,3.5,89,89,87,90,68,103,83,20IT401/MA 03 PROBABILITY AND STATISTICS,20IT402 WEB TECHNOLOGIES,20IT403 DATABASE MANAGEMENT SYSTEMS,20IT404 DESIGN AND ANALYSIS OF ALGORITHMS,20ITL401/SO02 PYTHON PROGRAMMING,20ITL402 WEB TECHNOLOGIES LAB,20ITL403 RDBMS LAB
y21ait461,MARAM VYSHNAVI,MARAM YERUKALA REDDY,365,95,5.51,90,0,69,67,57,51,71,50,3.0,3.0,3.0,3.0,1.5,1.5,3.5,109,70,63,84,90,89,98,20IT401/MA 03 PROBABILITY AND STATISTICS,20IT402 WEB TECHNOLOGIES,20IT403 DATABASE MANAGEMENT SYSTEMS,20IT404 DESIGN AND ANALYSIS OF ALGORITHMS,20ITL401/SO02 PYTHON PROGRAMMING,20ITL402 WEB TECHNOLOGIES LAB,20ITL403 RDBMS LAB
y21ait462,MARRI NAVYA LAKSHMI,MARRI SUBBARAO,565,33,8.62,34,88,83,85,87,80,82,60,3.0,3.0,3.0,3.0,1.5,1.5,3.5,17,29,22,19,36,39,74,20IT401/MA 03 PROBABILITY AND STATISTICS,20IT402 WEB TECHNOLOGIES,20IT403 DATABASE MANAGEMENT SYSTEMS,20IT404 DESIGN AND ANALYSIS OF ALGORITHMS,20ITL401/SO02 PYTHON PROGRAMMING,20ITL402 WEB TECHNOLOGIES LAB,20ITL403 RDBMS LAB
y21ait463,MEDIBOINA ANITHA,MEDIBOINA RAMA CHANDRA REDDY,460,72,7.14,68,73,71,56,72,58,75,55,3.0,3.0,3.0,3.0,1.5,1.5,3.5,60,68,85,60,72,70,82,20IT401/MA 03 PROBABILITY AND STATISTICS,20IT402 WEB TECHNOLOGIES,20IT403 DATABASE MANAGEMENT SYSTEMS,20IT404 DESIGN AND ANALYSIS OF ALGORITHMS,20ITL401/SO02 PYTHON PROGRAMMING,20ITL402 WEB TECHNOLOGIES LAB,20ITL403 RDBMS LAB
y21ait464,MEDIBOINA RAMAKRISHNA REDDY,MEDIBOINA SUBBAREDDY,393,86,5.76,86,0,66,65,79,47,81,55,3.0,3.0,3.0,3.0,1.5,1.5,3.5,103,79,68,41,97,42,84,20IT401/MA 03 PROBABILITY AND STATISTICS,20IT402 WEB TECHNOLOGIES,20IT403 DATABASE MANAGEMENT SYSTEMS,20IT404 DESIGN AND ANALYSIS OF ALGORITHMS,20ITL401/SO02 PYTHON PROGRAMMING,20ITL402 WEB TECHNOLOGIES LAB,20ITL403 RDBMS LAB
y21ait466,MODDU RAJA SUNDAR,MODDU PITCHAIAH,376,92,5.38,94,42,61,40,52,52,80,49,3.0,3.0,3.0,3.0,1.5,1.5,3.5,93,88,102,87,84,51,103,20IT401/MA 03 PROBABILITY AND STATISTICS,20IT402 WEB TECHNOLOGIES,20IT403 DATABASE MANAGEMENT SYSTEMS,20IT404 DESIGN AND ANALYSIS OF ALGORITHMS,20ITL401/SO02 PYTHON PROGRAMMING,20ITL402 WEB TECHNOLOGIES LAB,20ITL403 RDBMS LAB
y21ait467,MOLLA GOUSE MOHIDDIN,MOLLA NASRUDDIN,375,93,5.51,91,43,66,42,51,45,75,53,3.0,3.0,3.0,3.0,1.5,1.5,3.5,92,83,99,88,99,74,93,20IT401/MA 03 PROBABILITY AND STATISTICS,20IT402 WEB TECHNOLOGIES,20IT403 DATABASE MANAGEMENT SYSTEMS,20IT404 DESIGN AND ANALYSIS OF ALGORITHMS,20ITL401/SO02 PYTHON PROGRAMMING,20ITL402 WEB TECHNOLOGIES LAB,20ITL403 RDBMS LAB
y21ait468,MURALA KAVYA SRI,MURALA KANAKA LINGESWARA RAO,497,58,7.57,61,74,72,58,73,66,91,63,3.0,3.0,3.0,3.0,1.5,1.5,3.5,57,65,79,57,58,8,67,20IT401/MA 03 PROBABILITY AND STATISTICS,20IT402 WEB TECHNOLOGIES,20IT403 DATABASE MANAGEMENT SYSTEMS,20IT404 DESIGN AND ANALYSIS OF ALGORITHMS,20ITL401/SO02 PYTHON PROGRAMMING,20ITL402 WEB TECHNOLOGIES LAB,20ITL403 RDBMS LAB
y21ait469,MUTHYALA LAKSHMI,MUTHYALA CHANDRA SEKHAR,558,36,8.32,39,74,87,79,76,83,89,70,3.0,3.0,3.0,3.0,1.5,1.5,3.5,59,16,40,48,30,14,51,20IT401/MA 03 PROBABILITY AND STATISTICS,20IT402 WEB TECHNOLOGIES,20IT403 DATABASE MANAGEMENT SYSTEMS,20IT404 DESIGN AND ANALYSIS OF ALGORITHMS,20ITL401/SO02 PYTHON PROGRAMMING,20ITL402 WEB TECHNOLOGIES LAB,20ITL403 RDBMS LAB
y21ait470,NALABOLU MANIKANTA,NALABOLU BUJJIBABU,485,63,7.41,64,67,77,76,60,61,79,65,3.0,3.0,3.0,3.0,1.5,1.5,3.5,65,47,47,79,66,56,61,20IT401/MA 03 PROBABILITY AND STATISTICS,20IT402 WEB TECHNOLOGIES,20IT403 DATABASE MANAGEMENT SYSTEMS,20IT404 DESIGN AND ANALYSIS OF ALGORITHMS,20ITL401/SO02 PYTHON PROGRAMMING,20ITL402 WEB TECHNOLOGIES LAB,20ITL403 RDBMS LAB
y21ait471,NALLA VIJAYA MERI,NALLA PAPAIAH,531,47,8.32,38,85,70,77,86,60,83,70,3.0,3.0,3.0,3.0,1.5,1.5,3.5,29,69,44,20,69,37,49,20IT401/MA 03 PROBABILITY AND STATISTICS,20IT402 WEB TECHNOLOGIES,20IT403 DATABASE MANAGEMENT SYSTEMS,20IT404 DESIGN AND ANALYSIS OF ALGORITHMS,20ITL401/SO02 PYTHON PROGRAMMING,20ITL402 WEB TECHNOLOGIES LAB,20ITL403 RDBMS LAB
y21ait472,NIMMANA SURYAKIRAN,NIMMANA VARAHALU,601,19,9.16,14,87,80,83,90,86,88,87,3.0,3.0,3.0,3.0,1.5,1.5,3.5,22,42,30,7,20,20,12,20IT401/MA 03 PROBABILITY AND STATISTICS,20IT402 WEB TECHNOLOGIES,20IT403 DATABASE MANAGEMENT SYSTEMS,20IT404 DESIGN AND ANALYSIS OF ALGORITHMS,20ITL401/SO02 PYTHON PROGRAMMING,20ITL402 WEB TECHNOLOGIES LAB,20ITL403 RDBMS LAB
y21ait473,PADAMUTTAM NAVYA,PADAMUTTAM CHINNA KRUPARAO,610,10,9.41,8,93,87,90,96,68,90,86,3.0,3.0,3.0,3.0,1.5,1.5,3.5,8,13,11,1,55,12,15,20IT401/MA 03 PROBABILITY AND STATISTICS,20IT402 WEB TECHNOLOGIES,20IT403 DATABASE MANAGEMENT SYSTEMS,20IT404 DESIGN AND ANALYSIS OF ALGORITHMS,20ITL401/SO02 PYTHON PROGRAMMING,20ITL402 WEB TECHNOLOGIES LAB,20ITL403 RDBMS LAB
y21ait474,PAGIDIPALLI YASWANTH BABU,PAGIDIPALLI NAGESWARA RAO,227,107,1.32,108,30,23,25,24,15,61,49,3.0,3.0,3.0,3.0,1.5,1.5,3.5,96,107,105,106,107,107,106,20IT401/MA 03 PROBABILITY AND STATISTICS,20IT402 WEB TECHNOLOGIES,20IT403 DATABASE MANAGEMENT SYSTEMS,20IT404 DESIGN AND ANALYSIS OF ALGORITHMS,20ITL401/SO02 PYTHON PROGRAMMING,20ITL402 WEB TECHNOLOGIES LAB,20ITL403 RDBMS LAB
y21ait475,PALASA SRINU,PALASA SYAMGHANO,374,94,5.27,95,59,44,44,59,47,68,53,3.0,3.0,3.0,3.0,1.5,1.5,3.5,76,102,97,81,96,95,90,20IT401/MA 03 PROBABILITY AND STATISTICS,20IT402 WEB TECHNOLOGIES,20IT403 DATABASE MANAGEMENT SYSTEMS,20IT404 DESIGN AND ANALYSIS OF ALGORITHMS,20ITL401/SO02 PYTHON PROGRAMMING,20ITL402 WEB TECHNOLOGIES LAB,20ITL403 RDBMS LAB
y21ait477,PARASA YOUGANDHAR,PARASA SUBBRAMANNESWRA RAO,379,91,5.51,92,61,57,40,45,46,78,52,3.0,3.0,3.0,3.0,1.5,1.5,3.5,74,94,103,96,98,61,95,20IT401/MA 03 PROBABILITY AND STATISTICS,20IT402 WEB TECHNOLOGIES,20IT403 DATABASE MANAGEMENT SYSTEMS,20IT404 DESIGN AND ANALYSIS OF ALGORITHMS,20ITL401/SO02 PYTHON PROGRAMMING,20ITL402 WEB TECHNOLOGIES LAB,20ITL403 RDBMS LAB
y21ait478,PASUPULETI SAI SRUJANA,P NAGA SATYANARAYANA,586,26,8.84,25,77,77,91,88,76,90,87,3.0,3.0,3.0,3.0,1.5,1.5,3.5,46,51,9,14,48,11,13,20IT401/MA 03 PROBABILITY AND STATISTICS,20IT402 WEB TECHNOLOGIES,20IT403 DATABASE MANAGEMENT SYSTEMS,20IT404 DESIGN AND ANALYSIS OF ALGORITHMS,20ITL401/SO02 PYTHON PROGRAMMING,20ITL402 WEB TECHNOLOGIES LAB,20ITL403 RDBMS LAB
y21ait479,PEDDIMSETTI LOKESH SRINIVAS BHASKAR,PEDDIMSETTI SURYA PRAKASH,554,38,8.62,33,80,66,64,80,83,91,90,3.0,3.0,3.0,3.0,1.5,1.5,3.5,35,80,71,39,28,6,7,20IT401/MA 03 PROBABILITY AND STATISTICS,20IT402 WEB TECHNOLOGIES,20IT403 DATABASE MANAGEMENT SYSTEMS,20IT404 DESIGN AND ANALYSIS OF ALGORITHMS,20ITL401/SO02 PYTHON PROGRAMMING,20ITL402 WEB TECHNOLOGIES LAB,20ITL403 RDBMS LAB
y21ait481,PERAVALI PHANI KUMAR,PERAVALI RAMA KRISHNA,545,42,8.14,46,75,67,69,78,78,85,93,3.0,3.0,3.0,3.0,1.5,1.5,3.5,54,77,58,44,40,29,2,20IT401/MA 03 PROBABILITY AND STATISTICS,20IT402 WEB TECHNOLOGIES,20IT403 DATABASE MANAGEMENT SYSTEMS,20IT404 DESIGN AND ANALYSIS OF ALGORITHMS,20ITL401/SO02 PYTHON PROGRAMMING,20ITL402 WEB TECHNOLOGIES LAB,20ITL403 RDBMS LAB
y21ait482,PERUPOGU KEERTHI,BHUSHANAM,388,87,5.51,89,47,55,46,68,41,79,52,3.0,3.0,3.0,3.0,1.5,1.5,3.5,88,95,95,66,101,52,96,20IT401/MA 03 PROBABILITY AND STATISTICS,20IT402 WEB TECHNOLOGIES,20IT403 DATABASE MANAGEMENT SYSTEMS,20IT404 DESIGN AND ANALYSIS OF ALGORITHMS,20ITL401/SO02 PYTHON PROGRAMMING,20ITL402 WEB TECHNOLOGIES LAB,20ITL403 RDBMS LAB
y21ait483,PINJALA BALA VENKATA PRAKASH,PINJALA LAKSHMI NARAYANA,580,29,8.84,24,79,84,81,88,77,90,81,3.0,3.0,3.0,3.0,1.5,1.5,3.5,38,25,34,15,42,10,31,20IT401/MA 03 PROBABILITY AND STATISTICS,20IT402 WEB TECHNOLOGIES,20IT403 DATABASE MANAGEMENT SYSTEMS,20IT404 DESIGN AND ANALYSIS OF ALGORITHMS,20ITL401/SO02 PYTHON PROGRAMMING,20ITL402 WEB TECHNOLOGIES LAB,20ITL403 RDBMS LAB
y21ait484,PINJALA SIVA VENKAT,PINJALA NAGA RAJU,500,56,7.89,53,74,75,70,83,55,82,61,3.0,3.0,3.0,3.0,1.5,1.5,3.5,58,55,56,31,78,40,71,20IT401/MA 03 PROBABILITY AND STATISTICS,20IT402 WEB TECHNOLOGIES,20IT403 DATABASE MANAGEMENT SYSTEMS,20IT404 DESIGN AND ANALYSIS OF ALGORITHMS,20ITL401/SO02 PYTHON PROGRAMMING,20ITL402 WEB TECHNOLOGIES LAB,20ITL403 RDBMS LAB
y21ait485,POTHINI JYOTHIKA SAI,POTINI SRINIVASA RAO,462,71,6.97,73,65,59,66,75,64,80,53,3.0,3.0,3.0,3.0,1.5,1.5,3.5,70,91,65,49,60,50,89,20IT401/MA 03 PROBABILITY AND STATISTICS,20IT402 WEB TECHNOLOGIES,20IT403 DATABASE MANAGEMENT SYSTEMS,20IT404 DESIGN AND ANALYSIS OF ALGORITHMS,20ITL401/SO02 PYTHON PROGRAMMING,20ITL402 WEB TECHNOLOGIES LAB,20ITL403 RDBMS LAB
y21ait487,PUCHAKAYALA VARSHITH REDDY,PUCHAKAYALA GUNA SUNDARA REDDY,387,90,5.38,93,44,53,47,49,51,75,68,3.0,3.0,3.0,3.0,1.5,1.5,3.5,91,97,94,92,88,73,54,20IT401/MA 03 PROBABILITY AND STATISTICS,20IT402 WEB TECHNOLOGIES,20IT403 DATABASE MANAGEMENT SYSTEMS,20IT404 DESIGN AND ANALYSIS OF ALGORITHMS,20ITL401/SO02 PYTHON PROGRAMMING,20ITL402 WEB TECHNOLOGIES LAB,20ITL403 RDBMS LAB
y21ait488,PUDOKA VENKATA KRISHNA,PUDOKA SRINIVASA RAO,350,98,4.57,101,22,44,43,58,42,78,63,3.0,3.0,3.0,3.0,1.5,1.5,3.5,97,103,98,82,100,62,65,20IT401/MA 03 PROBABILITY AND STATISTICS,20IT402 WEB TECHNOLOGIES,20IT403 DATABASE MANAGEMENT SYSTEMS,20IT404 DESIGN AND ANALYSIS OF ALGORITHMS,20ITL401/SO02 PYTHON PROGRAMMING,20ITL402 WEB TECHNOLOGIES LAB,20ITL403 RDBMS LAB
y21ait489,PULUGU RANA VENKATESWARA REDDY,PULUGU SRINIVASA REDDY,588,24,8.92,21,79,82,89,93,78,86,81,3.0,3.0,3.0,3.0,1.5,1.5,3.5,39,36,16,3,41,26,32,20IT401/MA 03 PROBABILITY AND STATISTICS,20IT402 WEB TECHNOLOGIES,20IT403 DATABASE MANAGEMENT SYSTEMS,20IT404 DESIGN AND ANALYSIS OF ALGORITHMS,20ITL401/SO02 PYTHON PROGRAMMING,20ITL402 WEB TECHNOLOGIES LAB,20ITL403 RDBMS LAB
y21ait491,RAJU HARIKA TEJASWINI,RAJU SURENDRA VARMA,620,6,9.54,5,90,90,93,95,87,93,72,3.0,3.0,3.0,3.0,1.5,1.5,3.5,15,8,4,2,17,3,47,20IT401/MA 03 PROBABILITY AND STATISTICS,20IT402 WEB TECHNOLOGIES,20IT403 DATABASE MANAGEMENT SYSTEMS,20IT404 DESIGN AND ANALYSIS OF ALGORITHMS,20ITL401/SO02 PYTHON PROGRAMMING,20ITL402 WEB TECHNOLOGIES LAB,20ITL403 RDBMS LAB
y21ait492,SADULA MALLIKARJUNAREDDY,SADULA VENKATESWARA REDDY,602,16,9.0,19,88,87,81,89,83,89,85,3.0,3.0,3.0,3.0,1.5,1.5,3.5,18,14,33,11,29,15,20,20IT401/MA 03 PROBABILITY AND STATISTICS,20IT402 WEB TECHNOLOGIES,20IT403 DATABASE MANAGEMENT SYSTEMS,20IT404 DESIGN AND ANALYSIS OF ALGORITHMS,20ITL401/SO02 PYTHON PROGRAMMING,20ITL402 WEB TECHNOLOGIES LAB,20ITL403 RDBMS LAB
y21ait493,SANAKA SWEETY,SANAKA VENKATESWARA RAO,528,49,8.24,44,78,71,84,85,55,85,70,3.0,3.0,3.0,3.0,1.5,1.5,3.5,44,67,25,27,79,33,50,20IT401/MA 03 PROBABILITY AND STATISTICS,20IT402 WEB TECHNOLOGIES,20IT403 DATABASE MANAGEMENT SYSTEMS,20IT404 DESIGN AND ANALYSIS OF ALGORITHMS,20ITL401/SO02 PYTHON PROGRAMMING,20ITL402 WEB TECHNOLOGIES LAB,20ITL403 RDBMS LAB
y21ait494,SANGAMREDDI ROSHANSAICHANDRA,SANGAMREDDI VENKATARAMANA,590,21,8.68,31,87,88,88,90,85,95,57,3.0,3.0,3.0,3.0,1.5,1.5,3.5,23,10,18,5,24,1,79,20IT401/MA 03 PROBABILITY AND STATISTICS,20IT402 WEB TECHNOLOGIES,20IT403 DATABASE MANAGEMENT SYSTEMS,20IT404 DESIGN AND ANALYSIS OF ALGORITHMS,20ITL401/SO02 PYTHON PROGRAMMING,20ITL402 WEB TECHNOLOGIES LAB,20ITL403 RDBMS LAB
y21ait495,SESETTI PHANINDRA,SESETTI VENKATESWARLU,456,74,6.68,76,64,74,69,62,55,83,49,3.0,3.0,3.0,3.0,1.5,1.5,3.5,72,59,59,76,77,38,104,20IT401/MA 03 PROBABILITY AND STATISTICS,20IT402 WEB TECHNOLOGIES,20IT403 DATABASE MANAGEMENT SYSTEMS,20IT404 DESIGN AND ANALYSIS OF ALGORITHMS,20ITL401/SO02 PYTHON PROGRAMMING,20ITL402 WEB TECHNOLOGIES LAB,20ITL403 RDBMS LAB
y21ait496,SHAIK ASIF,SHAIK MAHAMMAD SUBHANI,405,82,5.97,84,45,50,48,50,60,75,77,3.0,3.0,3.0,3.0,1.5,1.5,3.5,90,99,92,89,67,72,38,20IT401/MA 03 PROBABILITY AND STATISTICS,20IT402 WEB TECHNOLOGIES,20IT403 DATABASE MANAGEMENT SYSTEMS,20IT404 DESIGN AND ANALYSIS OF ALGORITHMS,20ITL401/SO02 PYTHON PROGRAMMING,20ITL402 WEB TECHNOLOGIES LAB,20ITL403 RDBMS LAB
y21ait497,SHAIK ESHA MEHATHAB,SHAIK MAHABOOB SUBHANI,477,65,7.24,66,52,78,66,71,58,85,67,3.0,3.0,3.0,3.0,1.5,1.5,3.5,84,46,66,62,71,30,57,20IT401/MA 03 PROBABILITY AND STATISTICS,20IT402 WEB TECHNOLOGIES,20IT403 DATABASE MANAGEMENT SYSTEMS,20IT404 DESIGN AND ANALYSIS OF ALGORITHMS,20ITL401/SO02 PYTHON PROGRAMMING,20ITL402 WEB TECHNOLOGIES LAB,20ITL403 RDBMS LAB
y21ait498,SHAIK KHAJAVALI,SHAIK MOULALI,553,39,8.22,45,75,82,78,86,74,89,69,3.0,3.0,3.0,3.0,1.5,1.5,3.5,52,33,41,21,49,13,53,20IT401/MA 03 PROBABILITY AND STATISTICS,20IT402 WEB TECHNOLOGIES,20IT403 DATABASE MANAGEMENT SYSTEMS,20IT404 DESIGN AND ANALYSIS OF ALGORITHMS,20ITL401/SO02 PYTHON PROGRAMMING,20ITL402 WEB TECHNOLOGIES LAB,20ITL403 RDBMS LAB
y21ait499,SHAIK MAHABOOB SUBHANI AZAAD,SHAIK HABIBUR RAHAMAN,188,108,2.05,107,40,0,0,28,0,71,49,3.0,3.0,3.0,3.0,1.5,1.5,3.5,95,109,109,104,109,87,102,20IT401/MA 03 PROBABILITY AND STATISTICS,20IT402 WEB TECHNOLOGIES,20IT403 DATABASE MANAGEMENT SYSTEMS,20IT404 DESIGN AND ANALYSIS OF ALGORITHMS,20ITL401/SO02 PYTHON PROGRAMMING,20ITL402 WEB TECHNOLOGIES LAB,20ITL403 RDBMS LAB
y21ait500,SHAIK MIE MUNNISHA,SHAIK KARIMULLA,602,14,9.24,10,80,92,87,87,82,91,83,3.0,3.0,3.0,3.0,1.5,1.5,3.5,37,6,21,18,31,5,26,20IT401/MA 03 PROBABILITY AND STATISTICS,20IT402 WEB TECHNOLOGIES,20IT403 DATABASE MANAGEMENT SYSTEMS,20IT404 DESIGN AND ANALYSIS OF ALGORITHMS,20ITL401/SO02 PYTHON PROGRAMMING,20ITL402 WEB TECHNOLOGIES LAB,20ITL403 RDBMS LAB
y21ait501,SHAIK MOMIN,SHAIK KHASIM BABU,529,48,7.97,51,75,77,72,71,89,81,64,3.0,3.0,3.0,3.0,1.5,1.5,3.5,55,48,54,63,11,44,62,20IT401/MA 03 PROBABILITY AND STATISTICS,20IT402 WEB TECHNOLOGIES,20IT403 DATABASE MANAGEMENT SYSTEMS,20IT404 DESIGN AND ANALYSIS OF ALGORITHMS,20ITL401/SO02 PYTHON PROGRAMMING,20ITL402 WEB TECHNOLOGIES LAB,20ITL403 RDBMS LAB
y21ait502,SHAIK NAGA BAJI,SHAIK MASTAN VALI,480,64,7.57,62,66,73,74,72,62,73,60,3.0,3.0,3.0,3.0,1.5,1.5,3.5,67,62,50,59,63,82,75,20IT401/MA 03 PROBABILITY AND STATISTICS,20IT402 WEB TECHNOLOGIES,20IT403 DATABASE MANAGEMENT SYSTEMS,20IT404 DESIGN AND ANALYSIS OF ALGORITHMS,20ITL401/SO02 PYTHON PROGRAMMING,20ITL402 WEB TECHNOLOGIES LAB,20ITL403 RDBMS LAB
y21ait503,SHAIK RESHMA,SHAIK MEERA VALI,641,3,9.84,2,93,96,92,84,92,94,90,3.0,3.0,3.0,3.0,1.5,1.5,3.5,11,2,6,29,6,2,6,20IT401/MA 03 PROBABILITY AND STATISTICS,20IT402 WEB TECHNOLOGIES,20IT403 DATABASE MANAGEMENT SYSTEMS,20IT404 DESIGN AND ANALYSIS OF ALGORITHMS,20ITL401/SO02 PYTHON PROGRAMMING,20ITL402 WEB TECHNOLOGIES LAB,20ITL403 RDBMS LAB
y21ait505,SHAIK VASEEM,SHAIK AYAZ,342,99,4.7,100,41,64,17,42,51,73,54,3.0,3.0,3.0,3.0,1.5,1.5,3.5,94,85,106,100,87,79,85,20IT401/MA 03 PROBABILITY AND STATISTICS,20IT402 WEB TECHNOLOGIES,20IT403 DATABASE MANAGEMENT SYSTEMS,20IT404 DESIGN AND ANALYSIS OF ALGORITHMS,20ITL401/SO02 PYTHON PROGRAMMING,20ITL402 WEB TECHNOLOGIES LAB,20ITL403 RDBMS LAB
y21ait506,SHANMUKHA BHAVITHA BASUVULA,KOTESWARARAO BASUVULA,492,62,7.86,54,61,80,81,81,50,85,54,3.0,3.0,3.0,3.0,1.5,1.5,3.5,73,43,32,37,92,28,86,20IT401/MA 03 PROBABILITY AND STATISTICS,20IT402 WEB TECHNOLOGIES,20IT403 DATABASE MANAGEMENT SYSTEMS,20IT404 DESIGN AND ANALYSIS OF ALGORITHMS,20ITL401/SO02 PYTHON PROGRAMMING,20ITL402 WEB TECHNOLOGIES LAB,20ITL403 RDBMS LAB
y21ait507,SRI HARSHITHA BUDATI,MURALI KRISHNA BUDATI,462,70,6.81,75,47,76,65,75,70,76,53,3.0,3.0,3.0,3.0,1.5,1.5,3.5,86,53,69,52,53,68,91,20IT401/MA 03 PROBABILITY AND STATISTICS,20IT402 WEB TECHNOLOGIES,20IT403 DATABASE MANAGEMENT SYSTEMS,20IT404 DESIGN AND ANALYSIS OF ALGORITHMS,20ITL401/SO02 PYTHON PROGRAMMING,20ITL402 WEB TECHNOLOGIES LAB,20ITL403 RDBMS LAB
y21ait508,SYED HUSSAIN,SYED SHABBEER,518,52,7.95,52,72,72,59,60,90,80,85,3.0,3.0,3.0,3.0,1.5,1.5,3.5,61,66,78,80,9,46,17,20IT401/MA 03 PROBABILITY AND STATISTICS,20IT402 WEB TECHNOLOGIES,20IT403 DATABASE MANAGEMENT SYSTEMS,20IT404 DESIGN AND ANALYSIS OF ALGORITHMS,20ITL401/SO02 PYTHON PROGRAMMING,20ITL402 WEB TECHNOLOGIES LAB,20ITL403 RDBMS LAB
y21ait509,TANIGUNDLA YEDUKONDALU,TANIGUNDLA THIRUPATHI REDDY,509,54,7.7,57,76,82,71,76,69,78,57,3.0,3.0,3.0,3.0,1.5,1.5,3.5,50,35,55,47,54,63,80,20IT401/MA 03 PROBABILITY AND STATISTICS,20IT402 WEB TECHNOLOGIES,20IT403 DATABASE MANAGEMENT SYSTEMS,20IT404 DESIGN AND ANALYSIS OF ALGORITHMS,20ITL401/SO02 PYTHON PROGRAMMING,20ITL402 WEB TECHNOLOGIES LAB,20ITL403 RDBMS LAB
y21ait510,TATINENI BHAVYA SATHYA PRIYA,TATINENI ASHOK CHAKRAVARTHI,554,37,8.08,47,87,77,69,79,84,79,79,3.0,3.0,3.0,3.0,1.5,1.5,3.5,24,49,57,42,26,60,34,20IT401/MA 03 PROBABILITY AND STATISTICS,20IT402 WEB TECHNOLOGIES,20IT403 DATABASE MANAGEMENT SYSTEMS,20IT404 DESIGN AND ANALYSIS OF ALGORITHMS,20ITL401/SO02 PYTHON PROGRAMMING,20ITL402 WEB TECHNOLOGIES LAB,20ITL403 RDBMS LAB
y21ait511,THOTA YUVARAJU,THOTA SRIHARI VARMA,17,110,0.0,110,0,0,0,0,0,0,17,3.0,3.0,3.0,3.0,1.5,1.5,3.5,110,110,110,110,110,110,110,20IT401/MA 03 PROBABILITY AND STATISTICS,20IT402 WEB TECHNOLOGIES,20IT403 DATABASE MANAGEMENT SYSTEMS,20IT404 DESIGN AND ANALYSIS OF ALGORITHMS,20ITL401/SO02 PYTHON PROGRAMMING,20ITL402 WEB TECHNOLOGIES LAB,20ITL403 RDBMS LAB
y21ait512,TIMIDIDHAPATI VISHNU PRIYA,TIMIDIDHAPATI KRISHNA RAO,607,13,9.14,15,85,97,93,89,76,91,76,3.0,3.0,3.0,3.0,1.5,1.5,3.5,30,1,3,8,47,4,41,20IT401/MA 03 PROBABILITY AND STATISTICS,20IT402 WEB TECHNOLOGIES,20IT403 DATABASE MANAGEMENT SYSTEMS,20IT404 DESIGN AND ANALYSIS OF ALGORITHMS,20ITL401/SO02 PYTHON PROGRAMMING,20ITL402 WEB TECHNOLOGIES LAB,20ITL403 RDBMS LAB
y21ait513,UPPUTHOLLA INDHU,UPPUTHOLLA NAGESWARA RAO,546,41,8.27,42,78,86,62,73,77,85,85,3.0,3.0,3.0,3.0,1.5,1.5,3.5,42,18,74,58,45,32,19,20IT401/MA 03 PROBABILITY AND STATISTICS,20IT402 WEB TECHNOLOGIES,20IT403 DATABASE MANAGEMENT SYSTEMS,20IT404 DESIGN AND ANALYSIS OF ALGORITHMS,20ITL401/SO02 PYTHON PROGRAMMING,20ITL402 WEB TECHNOLOGIES LAB,20ITL403 RDBMS LAB
y21ait514,VALLELA SUPRIYA,VELLELA KOTESWARA RAO,469,67,7.16,67,67,79,64,67,56,75,61,3.0,3.0,3.0,3.0,1.5,1.5,3.5,66,44,72,68,74,71,69,20IT401/MA 03 PROBABILITY AND STATISTICS,20IT402 WEB TECHNOLOGIES,20IT403 DATABASE MANAGEMENT SYSTEMS,20IT404 DESIGN AND ANALYSIS OF ALGORITHMS,20ITL401/SO02 PYTHON PROGRAMMING,20ITL402 WEB TECHNOLOGIES LAB,20ITL403 RDBMS LAB
y21ait515,VANJARAPU BHARATHKUMAR,VANJARAPU SRINIVASARAO,551,40,8.3,41,83,81,73,79,87,87,61,3.0,3.0,3.0,3.0,1.5,1.5,3.5,31,37,53,43,16,23,70,20IT401/MA 03 PROBABILITY AND STATISTICS,20IT402 WEB TECHNOLOGIES,20IT403 DATABASE MANAGEMENT SYSTEMS,20IT404 DESIGN AND ANALYSIS OF ALGORITHMS,20ITL401/SO02 PYTHON PROGRAMMING,20ITL402 WEB TECHNOLOGIES LAB,20ITL403 RDBMS LAB
y21ait516,VELPURI HARI VEERENDRA,VELPURI RAMESH BABU,609,11,9.08,17,93,86,76,83,95,88,88,3.0,3.0,3.0,3.0,1.5,1.5,3.5,9,19,45,30,3,21,11,20IT401/MA 03 PROBABILITY AND STATISTICS,20IT402 WEB TECHNOLOGIES,20IT403 DATABASE MANAGEMENT SYSTEMS,20IT404 DESIGN AND ANALYSIS OF ALGORITHMS,20ITL401/SO02 PYTHON PROGRAMMING,20ITL402 WEB TECHNOLOGIES LAB,20ITL403 RDBMS LAB
y21ait517,VENKATA KRISHNA LINGALA,KOTESWARA RAO LINGALA,468,68,7.03,71,58,66,55,63,79,74,73,3.0,3.0,3.0,3.0,1.5,1.5,3.5,78,81,86,73,38,76,44,20IT401/MA 03 PROBABILITY AND STATISTICS,20IT402 WEB TECHNOLOGIES,20IT403 DATABASE MANAGEMENT SYSTEMS,20IT404 DESIGN AND ANALYSIS OF ALGORITHMS,20ITL401/SO02 PYTHON PROGRAMMING,20ITL402 WEB TECHNOLOGIES LAB,20ITL403 RDBMS LAB
y21ait519,VUTUKURI JAHNAVI DURGA,VUTUKURI SAI BABU,474,66,7.3,65,75,69,63,75,71,71,50,3.0,3.0,3.0,3.0,1.5,1.5,3.5,53,71,73,53,52,90,101,20IT401/MA 03 PROBABILITY AND STATISTICS,20IT402 WEB TECHNOLOGIES,20IT403 DATABASE MANAGEMENT SYSTEMS,20IT404 DESIGN AND ANALYSIS OF ALGORITHMS,20ITL401/SO02 PYTHON PROGRAMMING,20ITL402 WEB TECHNOLOGIES LAB,20ITL403 RDBMS LAB
y21ait520,YAMPATI DEVIPRIYA,YAMPATI VENKATARAO,447,77,6.65,77,76,75,47,64,51,79,55,3.0,3.0,3.0,3.0,1.5,1.5,3.5,51,57,93,72,85,59,81,20IT401/MA 03 PROBABILITY AND STATISTICS,20IT402 WEB TECHNOLOGIES,20IT403 DATABASE MANAGEMENT SYSTEMS,20IT404 DESIGN AND ANALYSIS OF ALGORITHMS,20ITL401/SO02 PYTHON PROGRAMMING,20ITL402 WEB TECHNOLOGIES LAB,20ITL403 RDBMS LAB
y21ait522,YARRAMSETTI SIVA CHANDRA,YARRAMSETTI RAMA CHANDRA RAO,535,44,8.0,50,87,73,65,68,84,87,71,3.0,3.0,3.0,3.0,1.5,1.5,3.5,20,63,67,67,27,22,48,20IT401/MA 03 PROBABILITY AND STATISTICS,20IT402 WEB TECHNOLOGIES,20IT403 DATABASE MANAGEMENT SYSTEMS,20IT404 DESIGN AND ANALYSIS OF ALGORITHMS,20ITL401/SO02 PYTHON PROGRAMMING,20ITL402 WEB TECHNOLOGIES LAB,20ITL403 RDBMS LAB
y21ait523,YENDAPALLI SAI PRASAD,YENDAPALLI MALLESWARA RAO,564,34,8.43,37,92,72,67,69,92,84,88,3.0,3.0,3.0,3.0,1.5,1.5,3.5,12,64,61,65,4,34,10,20IT401/MA 03 PROBABILITY AND STATISTICS,20IT402 WEB TECHNOLOGIES,20IT403 DATABASE MANAGEMENT SYSTEMS,20IT404 DESIGN AND ANALYSIS OF ALGORITHMS,20ITL401/SO02 PYTHON PROGRAMMING,20ITL402 WEB TECHNOLOGIES LAB,20ITL403 RDBMS LAB
