Reg No,Name,Father Name,total,total_rank,sgpa,sgpa_rank,M2,SP,CE,PSP,DLD,DMS,SP_LAB,CE_LAB,PSP_LAB,C1,C2,C3,C4,C5,C6,C7,C8,C9,m2_rank,sp_rank,ce_rank,psp_rank,dld_rank,dms_rank,sp_lab_rank,ce_lab_rank,psp_lab_rank,sub1,sub2,sub3,sub4,sub5,sub6,sub7,sub8,sub9
y20ait401,ACHUTA VENKATA SIVA TEJASWINI,ACHUTA VENKATA SUBBA RAO,618,37,6.93,41,66,46,54,53,69,75,82,80,93,3.0,3.0,3.0,3.0,3.0,3.0,1.5,1.5,1.5,43,74,53,48,43,23,60,41,16,20IT201/MA02 NUMERICAL METHODS AND ADVANCED CALCULUS,20IT202/PH03 SEMICONDUCTOR PHYSICS,20IT203 COMMUNICATIVE ENGLISH,20IT204 PROGRAMMING FOR PROBLEM SOLVING,20IT205 DIGITAL LOGIC DESIGN,20IT206 DISCRETE MATHEMATICS,20ITL201/PHL01 SEMICONDUCTOR PHYSICS LAB,20ITL202/ELL01 COMMUNICATIVE ENGLISH LAB,20ITL203 PROBLEM SOLVING WITH PROGRAMMING LAB
y20ait402,AKUMALLA SIDDU,KHASIM,656,25,7.33,32,79,50,49,63,76,78,81,84,96,3.0,3.0,3.0,3.0,3.0,3.0,1.5,1.5,1.5,21,62,74,26,34,19,65,22,3,20IT201/MA02 NUMERICAL METHODS AND ADVANCED CALCULUS,20IT202/PH03 SEMICONDUCTOR PHYSICS,20IT203 COMMUNICATIVE ENGLISH,20IT204 PROGRAMMING FOR PROBLEM SOLVING,20IT205 DIGITAL LOGIC DESIGN,20IT206 DISCRETE MATHEMATICS,20ITL201/PHL01 SEMICONDUCTOR PHYSICS LAB,20ITL202/ELL01 COMMUNICATIVE ENGLISH LAB,20ITL203 PROBLEM SOLVING WITH PROGRAMMING LAB
y20ait403,ALTHAF SYED,ISMAIL SYED,411,97,3.47,97,15,43,53,42,28,15,80,83,52,3.0,3.0,3.0,3.0,3.0,3.0,1.5,1.5,1.5,102,81,55,87,99,112,76,24,79,20IT201/MA02 NUMERICAL METHODS AND ADVANCED CALCULUS,20IT202/PH03 SEMICONDUCTOR PHYSICS,20IT203 COMMUNICATIVE ENGLISH,20IT204 PROGRAMMING FOR PROBLEM SOLVING,20IT205 DIGITAL LOGIC DESIGN,20IT206 DISCRETE MATHEMATICS,20ITL201/PHL01 SEMICONDUCTOR PHYSICS LAB,20ITL202/ELL01 COMMUNICATIVE ENGLISH LAB,20ITL203 PROBLEM SOLVING WITH PROGRAMMING LAB
y20ait404,ATCHUTA RANGA PAVAN KUMAR,ATCHUTA BALA SUBRAHMANYAM,730,9,8.4,11,85,79,53,77,86,84,85,85,96,3.0,3.0,3.0,3.0,3.0,3.0,1.5,1.5,1.5,15,10,60,5,13,8,30,19,2,20IT201/MA02 NUMERICAL METHODS AND ADVANCED CALCULUS,20IT202/PH03 SEMICONDUCTOR PHYSICS,20IT203 COMMUNICATIVE ENGLISH,20IT204 PROGRAMMING FOR PROBLEM SOLVING,20IT205 DIGITAL LOGIC DESIGN,20IT206 DISCRETE MATHEMATICS,20ITL201/PHL01 SEMICONDUCTOR PHYSICS LAB,20ITL202/ELL01 COMMUNICATIVE ENGLISH LAB,20ITL203 PROBLEM SOLVING WITH PROGRAMMING LAB
y20ait405,AVULA MANEESHA,AVULA SAMBASIVA RAO,717,12,8.33,13,85,68,63,69,94,86,85,90,77,3.0,3.0,3.0,3.0,3.0,3.0,1.5,1.5,1.5,14,26,18,15,3,5,28,5,32,20IT201/MA02 NUMERICAL METHODS AND ADVANCED CALCULUS,20IT202/PH03 SEMICONDUCTOR PHYSICS,20IT203 COMMUNICATIVE ENGLISH,20IT204 PROGRAMMING FOR PROBLEM SOLVING,20IT205 DIGITAL LOGIC DESIGN,20IT206 DISCRETE MATHEMATICS,20ITL201/PHL01 SEMICONDUCTOR PHYSICS LAB,20ITL202/ELL01 COMMUNICATIVE ENGLISH LAB,20ITL203 PROBLEM SOLVING WITH PROGRAMMING LAB
y20ait406,BACHALAKURI HARSHAVARDHAN,BACHALAKURI RAVI KUMAR,498,70,5.53,67,44,52,53,52,46,43,71,77,60,3.0,3.0,3.0,3.0,3.0,3.0,1.5,1.5,1.5,73,53,61,52,82,80,100,65,66,20IT201/MA02 NUMERICAL METHODS AND ADVANCED CALCULUS,20IT202/PH03 SEMICONDUCTOR PHYSICS,20IT203 COMMUNICATIVE ENGLISH,20IT204 PROGRAMMING FOR PROBLEM SOLVING,20IT205 DIGITAL LOGIC DESIGN,20IT206 DISCRETE MATHEMATICS,20ITL201/PHL01 SEMICONDUCTOR PHYSICS LAB,20ITL202/ELL01 COMMUNICATIVE ENGLISH LAB,20ITL203 PROBLEM SOLVING WITH PROGRAMMING LAB
y20ait407,BAIG IMRAN,ALEEM BAIG,651,27,7.67,25,70,69,67,74,79,61,81,83,67,3.0,3.0,3.0,3.0,3.0,3.0,1.5,1.5,1.5,34,25,7,7,26,42,67,26,42,20IT201/MA02 NUMERICAL METHODS AND ADVANCED CALCULUS,20IT202/PH03 SEMICONDUCTOR PHYSICS,20IT203 COMMUNICATIVE ENGLISH,20IT204 PROGRAMMING FOR PROBLEM SOLVING,20IT205 DIGITAL LOGIC DESIGN,20IT206 DISCRETE MATHEMATICS,20ITL201/PHL01 SEMICONDUCTOR PHYSICS LAB,20ITL202/ELL01 COMMUNICATIVE ENGLISH LAB,20ITL203 PROBLEM SOLVING WITH PROGRAMMING LAB
y20ait408,BANDARU VAISHNAVI,BANDARU ANJANEYA PRASAD,621,35,7.0,39,67,48,66,65,80,57,83,89,66,3.0,3.0,3.0,3.0,3.0,3.0,1.5,1.5,1.5,39,68,9,25,23,49,48,8,45,20IT201/MA02 NUMERICAL METHODS AND ADVANCED CALCULUS,20IT202/PH03 SEMICONDUCTOR PHYSICS,20IT203 COMMUNICATIVE ENGLISH,20IT204 PROGRAMMING FOR PROBLEM SOLVING,20IT205 DIGITAL LOGIC DESIGN,20IT206 DISCRETE MATHEMATICS,20ITL201/PHL01 SEMICONDUCTOR PHYSICS LAB,20ITL202/ELL01 COMMUNICATIVE ENGLISH LAB,20ITL203 PROBLEM SOLVING WITH PROGRAMMING LAB
y20ait409,BHUVANAGIRI CHIRANJEEVI SAI,BHUVANAGIRI CHINA VENKATESWARLU,641,30,7.4,30,68,57,58,70,75,64,83,76,90,3.0,3.0,3.0,3.0,3.0,3.0,1.5,1.5,1.5,38,40,41,14,36,38,43,69,21,20IT201/MA02 NUMERICAL METHODS AND ADVANCED CALCULUS,20IT202/PH03 SEMICONDUCTOR PHYSICS,20IT203 COMMUNICATIVE ENGLISH,20IT204 PROGRAMMING FOR PROBLEM SOLVING,20IT205 DIGITAL LOGIC DESIGN,20IT206 DISCRETE MATHEMATICS,20ITL201/PHL01 SEMICONDUCTOR PHYSICS LAB,20ITL202/ELL01 COMMUNICATIVE ENGLISH LAB,20ITL203 PROBLEM SOLVING WITH PROGRAMMING LAB
y20ait410,BOBBILI HARIKA,BOBBILI ESWARA RAO,564,53,6.4,52,63,50,46,51,66,58,87,77,66,3.0,3.0,3.0,3.0,3.0,3.0,1.5,1.5,1.5,46,61,86,54,50,47,17,60,44,20IT201/MA02 NUMERICAL METHODS AND ADVANCED CALCULUS,20IT202/PH03 SEMICONDUCTOR PHYSICS,20IT203 COMMUNICATIVE ENGLISH,20IT204 PROGRAMMING FOR PROBLEM SOLVING,20IT205 DIGITAL LOGIC DESIGN,20IT206 DISCRETE MATHEMATICS,20ITL201/PHL01 SEMICONDUCTOR PHYSICS LAB,20ITL202/ELL01 COMMUNICATIVE ENGLISH LAB,20ITL203 PROBLEM SOLVING WITH PROGRAMMING LAB
y20ait411,BONDI VIJAY,BONDI RAMANA,584,46,6.93,42,52,57,61,52,62,62,81,82,75,3.0,3.0,3.0,3.0,3.0,3.0,1.5,1.5,1.5,57,42,27,50,55,41,71,33,37,20IT201/MA02 NUMERICAL METHODS AND ADVANCED CALCULUS,20IT202/PH03 SEMICONDUCTOR PHYSICS,20IT203 COMMUNICATIVE ENGLISH,20IT204 PROGRAMMING FOR PROBLEM SOLVING,20IT205 DIGITAL LOGIC DESIGN,20IT206 DISCRETE MATHEMATICS,20ITL201/PHL01 SEMICONDUCTOR PHYSICS LAB,20ITL202/ELL01 COMMUNICATIVE ENGLISH LAB,20ITL203 PROBLEM SOLVING WITH PROGRAMMING LAB
y20ait412,BORRA DURGA SREE,BORRA SREE RAMULU,621,34,7.13,36,49,64,62,62,78,72,87,85,62,3.0,3.0,3.0,3.0,3.0,3.0,1.5,1.5,1.5,61,30,20,29,28,28,18,18,56,20IT201/MA02 NUMERICAL METHODS AND ADVANCED CALCULUS,20IT202/PH03 SEMICONDUCTOR PHYSICS,20IT203 COMMUNICATIVE ENGLISH,20IT204 PROGRAMMING FOR PROBLEM SOLVING,20IT205 DIGITAL LOGIC DESIGN,20IT206 DISCRETE MATHEMATICS,20ITL201/PHL01 SEMICONDUCTOR PHYSICS LAB,20ITL202/ELL01 COMMUNICATIVE ENGLISH LAB,20ITL203 PROBLEM SOLVING WITH PROGRAMMING LAB
y20ait413,BYLAPUDI GOWTHAMI PRIYA,BYLAPUDI HARNADH,605,39,7.13,37,62,65,60,61,64,53,85,88,67,3.0,3.0,3.0,3.0,3.0,3.0,1.5,1.5,1.5,51,28,31,33,51,56,33,10,43,20IT201/MA02 NUMERICAL METHODS AND ADVANCED CALCULUS,20IT202/PH03 SEMICONDUCTOR PHYSICS,20IT203 COMMUNICATIVE ENGLISH,20IT204 PROGRAMMING FOR PROBLEM SOLVING,20IT205 DIGITAL LOGIC DESIGN,20IT206 DISCRETE MATHEMATICS,20ITL201/PHL01 SEMICONDUCTOR PHYSICS LAB,20ITL202/ELL01 COMMUNICATIVE ENGLISH LAB,20ITL203 PROBLEM SOLVING WITH PROGRAMMING LAB
y20ait414,CHALLA MAMATHA,CHALLA ANJIREDDY,446,91,4.47,90,0,46,44,55,46,40,79,76,60,3.0,3.0,3.0,3.0,3.0,3.0,1.5,1.5,1.5,113,73,96,42,81,97,82,68,64,20IT201/MA02 NUMERICAL METHODS AND ADVANCED CALCULUS,20IT202/PH03 SEMICONDUCTOR PHYSICS,20IT203 COMMUNICATIVE ENGLISH,20IT204 PROGRAMMING FOR PROBLEM SOLVING,20IT205 DIGITAL LOGIC DESIGN,20IT206 DISCRETE MATHEMATICS,20ITL201/PHL01 SEMICONDUCTOR PHYSICS LAB,20ITL202/ELL01 COMMUNICATIVE ENGLISH LAB,20ITL203 PROBLEM SOLVING WITH PROGRAMMING LAB
y20ait415,CHEEDELLA V N S S L PALLAVI,CHEEDELLA JANARDHANA RAO,673,21,7.93,20,75,60,61,65,81,79,89,81,82,3.0,3.0,3.0,3.0,3.0,3.0,1.5,1.5,1.5,28,34,28,24,17,17,9,38,28,20IT201/MA02 NUMERICAL METHODS AND ADVANCED CALCULUS,20IT202/PH03 SEMICONDUCTOR PHYSICS,20IT203 COMMUNICATIVE ENGLISH,20IT204 PROGRAMMING FOR PROBLEM SOLVING,20IT205 DIGITAL LOGIC DESIGN,20IT206 DISCRETE MATHEMATICS,20ITL201/PHL01 SEMICONDUCTOR PHYSICS LAB,20ITL202/ELL01 COMMUNICATIVE ENGLISH LAB,20ITL203 PROBLEM SOLVING WITH PROGRAMMING LAB
y20ait416,CHIGURUPATI MOHAN,CHIGURUPATI RAM PRASAD,368,102,2.27,108,0,22,45,16,17,25,94,69,80,3.0,3.0,3.0,3.0,3.0,3.0,1.5,1.5,1.5,109,105,89,111,107,103,1,100,29,20IT201/MA02 NUMERICAL METHODS AND ADVANCED CALCULUS,20IT202/PH03 SEMICONDUCTOR PHYSICS,20IT203 COMMUNICATIVE ENGLISH,20IT204 PROGRAMMING FOR PROBLEM SOLVING,20IT205 DIGITAL LOGIC DESIGN,20IT206 DISCRETE MATHEMATICS,20ITL201/PHL01 SEMICONDUCTOR PHYSICS LAB,20ITL202/ELL01 COMMUNICATIVE ENGLISH LAB,20ITL203 PROBLEM SOLVING WITH PROGRAMMING LAB
y20ait417,CHIKKALA ANANDA VENI,CHIKKALA SATYANARAYANA,498,71,5.07,76,0,51,52,59,61,31,81,87,76,3.0,3.0,3.0,3.0,3.0,3.0,1.5,1.5,1.5,110,56,67,35,57,100,64,12,36,20IT201/MA02 NUMERICAL METHODS AND ADVANCED CALCULUS,20IT202/PH03 SEMICONDUCTOR PHYSICS,20IT203 COMMUNICATIVE ENGLISH,20IT204 PROGRAMMING FOR PROBLEM SOLVING,20IT205 DIGITAL LOGIC DESIGN,20IT206 DISCRETE MATHEMATICS,20ITL201/PHL01 SEMICONDUCTOR PHYSICS LAB,20ITL202/ELL01 COMMUNICATIVE ENGLISH LAB,20ITL203 PROBLEM SOLVING WITH PROGRAMMING LAB
y20ait418,CHIKKALA LAKSHMIPRIYA,CHIKKALA CHANDRA MOHAN,591,45,6.6,48,57,49,59,63,78,53,88,82,62,3.0,3.0,3.0,3.0,3.0,3.0,1.5,1.5,1.5,53,66,36,28,30,59,14,31,54,20IT201/MA02 NUMERICAL METHODS AND ADVANCED CALCULUS,20IT202/PH03 SEMICONDUCTOR PHYSICS,20IT203 COMMUNICATIVE ENGLISH,20IT204 PROGRAMMING FOR PROBLEM SOLVING,20IT205 DIGITAL LOGIC DESIGN,20IT206 DISCRETE MATHEMATICS,20ITL201/PHL01 SEMICONDUCTOR PHYSICS LAB,20ITL202/ELL01 COMMUNICATIVE ENGLISH LAB,20ITL203 PROBLEM SOLVING WITH PROGRAMMING LAB
y20ait419,CHINTHA MAHESH BABU,CHINTHA VEERA RAJU,516,65,5.4,68,47,56,50,49,44,40,86,80,64,3.0,3.0,3.0,3.0,3.0,3.0,1.5,1.5,1.5,67,46,72,58,86,96,22,45,48,20IT201/MA02 NUMERICAL METHODS AND ADVANCED CALCULUS,20IT202/PH03 SEMICONDUCTOR PHYSICS,20IT203 COMMUNICATIVE ENGLISH,20IT204 PROGRAMMING FOR PROBLEM SOLVING,20IT205 DIGITAL LOGIC DESIGN,20IT206 DISCRETE MATHEMATICS,20ITL201/PHL01 SEMICONDUCTOR PHYSICS LAB,20ITL202/ELL01 COMMUNICATIVE ENGLISH LAB,20ITL203 PROBLEM SOLVING WITH PROGRAMMING LAB
y20ait420,D VENKATA SRINADH,D RAMANJANEYULU,702,15,8.0,19,76,78,56,78,93,69,84,89,79,3.0,3.0,3.0,3.0,3.0,3.0,1.5,1.5,1.5,26,12,45,3,4,35,39,7,31,20IT201/MA02 NUMERICAL METHODS AND ADVANCED CALCULUS,20IT202/PH03 SEMICONDUCTOR PHYSICS,20IT203 COMMUNICATIVE ENGLISH,20IT204 PROGRAMMING FOR PROBLEM SOLVING,20IT205 DIGITAL LOGIC DESIGN,20IT206 DISCRETE MATHEMATICS,20ITL201/PHL01 SEMICONDUCTOR PHYSICS LAB,20ITL202/ELL01 COMMUNICATIVE ENGLISH LAB,20ITL203 PROBLEM SOLVING WITH PROGRAMMING LAB
y20ait421,DASARI SYAMSUNDAR,DASARI ABRAHAM,483,78,5.0,79,48,43,41,54,41,47,73,74,62,3.0,3.0,3.0,3.0,3.0,3.0,1.5,1.5,1.5,63,85,110,45,93,68,96,87,57,20IT201/MA02 NUMERICAL METHODS AND ADVANCED CALCULUS,20IT202/PH03 SEMICONDUCTOR PHYSICS,20IT203 COMMUNICATIVE ENGLISH,20IT204 PROGRAMMING FOR PROBLEM SOLVING,20IT205 DIGITAL LOGIC DESIGN,20IT206 DISCRETE MATHEMATICS,20ITL201/PHL01 SEMICONDUCTOR PHYSICS LAB,20ITL202/ELL01 COMMUNICATIVE ENGLISH LAB,20ITL203 PROBLEM SOLVING WITH PROGRAMMING LAB
y20ait422,DASARI VENKATA SAI ADITHYA,RAMA KRISHNA PRASAD DASARI,448,90,4.87,82,42,41,51,41,43,43,70,67,50,3.0,3.0,3.0,3.0,3.0,3.0,1.5,1.5,1.5,82,90,69,91,88,84,102,104,84,20IT201/MA02 NUMERICAL METHODS AND ADVANCED CALCULUS,20IT202/PH03 SEMICONDUCTOR PHYSICS,20IT203 COMMUNICATIVE ENGLISH,20IT204 PROGRAMMING FOR PROBLEM SOLVING,20IT205 DIGITAL LOGIC DESIGN,20IT206 DISCRETE MATHEMATICS,20ITL201/PHL01 SEMICONDUCTOR PHYSICS LAB,20ITL202/ELL01 COMMUNICATIVE ENGLISH LAB,20ITL203 PROBLEM SOLVING WITH PROGRAMMING LAB
y20ait423,DASARI VIGNA NAGA SHANMUKH RAJ,DASARI KANAKA RATNAM,456,88,4.6,88,45,47,49,40,44,43,68,70,50,3.0,3.0,3.0,3.0,3.0,3.0,1.5,1.5,1.5,72,71,76,97,85,82,106,97,88,20IT201/MA02 NUMERICAL METHODS AND ADVANCED CALCULUS,20IT202/PH03 SEMICONDUCTOR PHYSICS,20IT203 COMMUNICATIVE ENGLISH,20IT204 PROGRAMMING FOR PROBLEM SOLVING,20IT205 DIGITAL LOGIC DESIGN,20IT206 DISCRETE MATHEMATICS,20ITL201/PHL01 SEMICONDUCTOR PHYSICS LAB,20ITL202/ELL01 COMMUNICATIVE ENGLISH LAB,20ITL203 PROBLEM SOLVING WITH PROGRAMMING LAB
y20ait424,DASINENI ANJANEYA VAMSI KRISHNA,DASINENI SRINIVASA RAO,575,50,6.47,50,56,54,46,53,69,50,82,75,90,3.0,3.0,3.0,3.0,3.0,3.0,1.5,1.5,1.5,54,49,82,49,44,64,53,83,19,20IT201/MA02 NUMERICAL METHODS AND ADVANCED CALCULUS,20IT202/PH03 SEMICONDUCTOR PHYSICS,20IT203 COMMUNICATIVE ENGLISH,20IT204 PROGRAMMING FOR PROBLEM SOLVING,20IT205 DIGITAL LOGIC DESIGN,20IT206 DISCRETE MATHEMATICS,20ITL201/PHL01 SEMICONDUCTOR PHYSICS LAB,20ITL202/ELL01 COMMUNICATIVE ENGLISH LAB,20ITL203 PROBLEM SOLVING WITH PROGRAMMING LAB
y20ait425,DEGALA SASIKALA,DEGALA KOTESWARA RAO,533,62,5.8,61,67,44,46,43,57,53,81,81,61,3.0,3.0,3.0,3.0,3.0,3.0,1.5,1.5,1.5,42,77,85,81,62,58,70,35,60,20IT201/MA02 NUMERICAL METHODS AND ADVANCED CALCULUS,20IT202/PH03 SEMICONDUCTOR PHYSICS,20IT203 COMMUNICATIVE ENGLISH,20IT204 PROGRAMMING FOR PROBLEM SOLVING,20IT205 DIGITAL LOGIC DESIGN,20IT206 DISCRETE MATHEMATICS,20ITL201/PHL01 SEMICONDUCTOR PHYSICS LAB,20ITL202/ELL01 COMMUNICATIVE ENGLISH LAB,20ITL203 PROBLEM SOLVING WITH PROGRAMMING LAB
y20ait426,DEVINA SATHVIK,D NAGENDRA KUMAR,562,54,6.47,51,49,63,65,52,72,51,78,84,48,3.0,3.0,3.0,3.0,3.0,3.0,1.5,1.5,1.5,59,33,10,51,39,62,86,23,94,20IT201/MA02 NUMERICAL METHODS AND ADVANCED CALCULUS,20IT202/PH03 SEMICONDUCTOR PHYSICS,20IT203 COMMUNICATIVE ENGLISH,20IT204 PROGRAMMING FOR PROBLEM SOLVING,20IT205 DIGITAL LOGIC DESIGN,20IT206 DISCRETE MATHEMATICS,20ITL201/PHL01 SEMICONDUCTOR PHYSICS LAB,20ITL202/ELL01 COMMUNICATIVE ENGLISH LAB,20ITL203 PROBLEM SOLVING WITH PROGRAMMING LAB
y20ait427,DHARMAVARAPU LOKESH KUMAR,D.SRINIVASA RAO,346,107,2.87,100,22,40,45,40,24,41,22,69,43,3.0,3.0,3.0,3.0,3.0,3.0,1.5,1.5,1.5,95,96,93,98,102,89,115,98,103,20IT201/MA02 NUMERICAL METHODS AND ADVANCED CALCULUS,20IT202/PH03 SEMICONDUCTOR PHYSICS,20IT203 COMMUNICATIVE ENGLISH,20IT204 PROGRAMMING FOR PROBLEM SOLVING,20IT205 DIGITAL LOGIC DESIGN,20IT206 DISCRETE MATHEMATICS,20ITL201/PHL01 SEMICONDUCTOR PHYSICS LAB,20ITL202/ELL01 COMMUNICATIVE ENGLISH LAB,20ITL203 PROBLEM SOLVING WITH PROGRAMMING LAB
y20ait428,DOPPALAPUDI N.L SRUJANA,D.SRINIVASA RAO,480,79,5.13,74,47,43,53,42,43,54,81,77,40,3.0,3.0,3.0,3.0,3.0,3.0,1.5,1.5,1.5,64,82,57,88,89,54,66,58,111,20IT201/MA02 NUMERICAL METHODS AND ADVANCED CALCULUS,20IT202/PH03 SEMICONDUCTOR PHYSICS,20IT203 COMMUNICATIVE ENGLISH,20IT204 PROGRAMMING FOR PROBLEM SOLVING,20IT205 DIGITAL LOGIC DESIGN,20IT206 DISCRETE MATHEMATICS,20ITL201/PHL01 SEMICONDUCTOR PHYSICS LAB,20ITL202/ELL01 COMMUNICATIVE ENGLISH LAB,20ITL203 PROBLEM SOLVING WITH PROGRAMMING LAB
y20ait429,DUDDU CHARLES,DUDDU BENJIMEN,436,93,3.8,95,42,17,48,30,54,40,80,76,49,3.0,3.0,3.0,3.0,3.0,3.0,1.5,1.5,1.5,83,109,78,101,67,95,75,74,93,20IT201/MA02 NUMERICAL METHODS AND ADVANCED CALCULUS,20IT202/PH03 SEMICONDUCTOR PHYSICS,20IT203 COMMUNICATIVE ENGLISH,20IT204 PROGRAMMING FOR PROBLEM SOLVING,20IT205 DIGITAL LOGIC DESIGN,20IT206 DISCRETE MATHEMATICS,20ITL201/PHL01 SEMICONDUCTOR PHYSICS LAB,20ITL202/ELL01 COMMUNICATIVE ENGLISH LAB,20ITL203 PROBLEM SOLVING WITH PROGRAMMING LAB
y20ait430,DUMPALA JATHIN,DUMPALA SANJAY KUMAR,486,76,5.67,64,42,40,62,41,50,50,71,80,50,3.0,3.0,3.0,3.0,3.0,3.0,1.5,1.5,1.5,84,100,25,89,76,65,101,47,86,20IT201/MA02 NUMERICAL METHODS AND ADVANCED CALCULUS,20IT202/PH03 SEMICONDUCTOR PHYSICS,20IT203 COMMUNICATIVE ENGLISH,20IT204 PROGRAMMING FOR PROBLEM SOLVING,20IT205 DIGITAL LOGIC DESIGN,20IT206 DISCRETE MATHEMATICS,20ITL201/PHL01 SEMICONDUCTOR PHYSICS LAB,20ITL202/ELL01 COMMUNICATIVE ENGLISH LAB,20ITL203 PROBLEM SOLVING WITH PROGRAMMING LAB
y20ait431,GORANTLA SRI HARSHA VARDHAN,G GURUNADHAM,492,73,5.0,78,45,49,45,42,52,45,81,74,59,3.0,3.0,3.0,3.0,3.0,3.0,1.5,1.5,1.5,69,67,90,85,74,74,62,84,70,20IT201/MA02 NUMERICAL METHODS AND ADVANCED CALCULUS,20IT202/PH03 SEMICONDUCTOR PHYSICS,20IT203 COMMUNICATIVE ENGLISH,20IT204 PROGRAMMING FOR PROBLEM SOLVING,20IT205 DIGITAL LOGIC DESIGN,20IT206 DISCRETE MATHEMATICS,20ITL201/PHL01 SEMICONDUCTOR PHYSICS LAB,20ITL202/ELL01 COMMUNICATIVE ENGLISH LAB,20ITL203 PROBLEM SOLVING WITH PROGRAMMING LAB
y20ait432,GADDE THARANMAI,GADDE SATYANARAYANA,756,3,9.07,2,93,80,63,72,94,95,84,91,84,3.0,3.0,3.0,3.0,3.0,3.0,1.5,1.5,1.5,2,7,17,10,2,2,36,3,25,20IT201/MA02 NUMERICAL METHODS AND ADVANCED CALCULUS,20IT202/PH03 SEMICONDUCTOR PHYSICS,20IT203 COMMUNICATIVE ENGLISH,20IT204 PROGRAMMING FOR PROBLEM SOLVING,20IT205 DIGITAL LOGIC DESIGN,20IT206 DISCRETE MATHEMATICS,20ITL201/PHL01 SEMICONDUCTOR PHYSICS LAB,20ITL202/ELL01 COMMUNICATIVE ENGLISH LAB,20ITL203 PROBLEM SOLVING WITH PROGRAMMING LAB
y20ait433,GAVINI DINESH KUMAR,GAVINI THIRUPATHAIAH,443,92,3.53,96,45,40,44,30,36,45,82,77,44,3.0,3.0,3.0,3.0,3.0,3.0,1.5,1.5,1.5,70,98,94,102,97,72,52,66,99,20IT201/MA02 NUMERICAL METHODS AND ADVANCED CALCULUS,20IT202/PH03 SEMICONDUCTOR PHYSICS,20IT203 COMMUNICATIVE ENGLISH,20IT204 PROGRAMMING FOR PROBLEM SOLVING,20IT205 DIGITAL LOGIC DESIGN,20IT206 DISCRETE MATHEMATICS,20ITL201/PHL01 SEMICONDUCTOR PHYSICS LAB,20ITL202/ELL01 COMMUNICATIVE ENGLISH LAB,20ITL203 PROBLEM SOLVING WITH PROGRAMMING LAB
y20ait434,GOLLAPUDI VASISTA MAHARSHI,VENKATASATYA PRABHAKAR RAO,503,68,5.4,70,42,40,52,43,50,43,86,77,70,3.0,3.0,3.0,3.0,3.0,3.0,1.5,1.5,1.5,80,97,63,84,77,81,23,61,41,20IT201/MA02 NUMERICAL METHODS AND ADVANCED CALCULUS,20IT202/PH03 SEMICONDUCTOR PHYSICS,20IT203 COMMUNICATIVE ENGLISH,20IT204 PROGRAMMING FOR PROBLEM SOLVING,20IT205 DIGITAL LOGIC DESIGN,20IT206 DISCRETE MATHEMATICS,20ITL201/PHL01 SEMICONDUCTOR PHYSICS LAB,20ITL202/ELL01 COMMUNICATIVE ENGLISH LAB,20ITL203 PROBLEM SOLVING WITH PROGRAMMING LAB
y20ait435,GUDDETI SAI PAVAN,GUDDETI SATYA NARAYANA,582,48,6.53,49,64,54,56,46,63,59,84,72,84,3.0,3.0,3.0,3.0,3.0,3.0,1.5,1.5,1.5,45,51,50,70,53,45,34,88,26,20IT201/MA02 NUMERICAL METHODS AND ADVANCED CALCULUS,20IT202/PH03 SEMICONDUCTOR PHYSICS,20IT203 COMMUNICATIVE ENGLISH,20IT204 PROGRAMMING FOR PROBLEM SOLVING,20IT205 DIGITAL LOGIC DESIGN,20IT206 DISCRETE MATHEMATICS,20ITL201/PHL01 SEMICONDUCTOR PHYSICS LAB,20ITL202/ELL01 COMMUNICATIVE ENGLISH LAB,20ITL203 PROBLEM SOLVING WITH PROGRAMMING LAB
y20ait437,GURRAM JAHNAVI,GURRAM PHANINDRA KUMAR,314,111,1.73,111,0,17,44,27,20,30,62,69,45,3.0,3.0,3.0,3.0,3.0,3.0,1.5,1.5,1.5,114,108,95,104,104,101,112,99,96,20IT201/MA02 NUMERICAL METHODS AND ADVANCED CALCULUS,20IT202/PH03 SEMICONDUCTOR PHYSICS,20IT203 COMMUNICATIVE ENGLISH,20IT204 PROGRAMMING FOR PROBLEM SOLVING,20IT205 DIGITAL LOGIC DESIGN,20IT206 DISCRETE MATHEMATICS,20ITL201/PHL01 SEMICONDUCTOR PHYSICS LAB,20ITL202/ELL01 COMMUNICATIVE ENGLISH LAB,20ITL203 PROBLEM SOLVING WITH PROGRAMMING LAB
y20ait438,GURRAM SANGHAVI,GURRAM SAMBA SIVA RAO,619,36,7.2,33,70,59,52,58,80,59,87,81,73,3.0,3.0,3.0,3.0,3.0,3.0,1.5,1.5,1.5,35,37,62,38,20,46,16,34,38,20IT201/MA02 NUMERICAL METHODS AND ADVANCED CALCULUS,20IT202/PH03 SEMICONDUCTOR PHYSICS,20IT203 COMMUNICATIVE ENGLISH,20IT204 PROGRAMMING FOR PROBLEM SOLVING,20IT205 DIGITAL LOGIC DESIGN,20IT206 DISCRETE MATHEMATICS,20ITL201/PHL01 SEMICONDUCTOR PHYSICS LAB,20ITL202/ELL01 COMMUNICATIVE ENGLISH LAB,20ITL203 PROBLEM SOLVING WITH PROGRAMMING LAB
y20ait439,IMMADISETTY NAVEEN,IMMADISETTY SRINIVASA RAO,290,114,1.4,115,15,15,17,15,15,16,84,70,43,3.0,3.0,3.0,3.0,3.0,3.0,1.5,1.5,1.5,106,115,116,113,113,110,35,96,102,20IT201/MA02 NUMERICAL METHODS AND ADVANCED CALCULUS,20IT202/PH03 SEMICONDUCTOR PHYSICS,20IT203 COMMUNICATIVE ENGLISH,20IT204 PROGRAMMING FOR PROBLEM SOLVING,20IT205 DIGITAL LOGIC DESIGN,20IT206 DISCRETE MATHEMATICS,20ITL201/PHL01 SEMICONDUCTOR PHYSICS LAB,20ITL202/ELL01 COMMUNICATIVE ENGLISH LAB,20ITL203 PROBLEM SOLVING WITH PROGRAMMING LAB
y20ait440,IMMADISETTY VASANTHA LAKSHMI,IMMADISETTY VENKATA SUBBA RAO,567,52,6.67,47,63,63,41,55,77,63,90,72,43,3.0,3.0,3.0,3.0,3.0,3.0,1.5,1.5,1.5,47,32,105,44,33,40,7,90,104,20IT201/MA02 NUMERICAL METHODS AND ADVANCED CALCULUS,20IT202/PH03 SEMICONDUCTOR PHYSICS,20IT203 COMMUNICATIVE ENGLISH,20IT204 PROGRAMMING FOR PROBLEM SOLVING,20IT205 DIGITAL LOGIC DESIGN,20IT206 DISCRETE MATHEMATICS,20ITL201/PHL01 SEMICONDUCTOR PHYSICS LAB,20ITL202/ELL01 COMMUNICATIVE ENGLISH LAB,20ITL203 PROBLEM SOLVING WITH PROGRAMMING LAB
y20ait441,JONNAKUTI BALAJI,JONNAKUTI BUJJI BABU,320,110,1.47,114,35,20,46,17,25,16,69,64,28,3.0,3.0,3.0,3.0,3.0,3.0,1.5,1.5,1.5,92,106,80,109,101,108,105,110,113,20IT201/MA02 NUMERICAL METHODS AND ADVANCED CALCULUS,20IT202/PH03 SEMICONDUCTOR PHYSICS,20IT203 COMMUNICATIVE ENGLISH,20IT204 PROGRAMMING FOR PROBLEM SOLVING,20IT205 DIGITAL LOGIC DESIGN,20IT206 DISCRETE MATHEMATICS,20ITL201/PHL01 SEMICONDUCTOR PHYSICS LAB,20ITL202/ELL01 COMMUNICATIVE ENGLISH LAB,20ITL203 PROBLEM SOLVING WITH PROGRAMMING LAB
y20ait442,JONNALAGADDA SANDHYA,JONNALAGADDA RAVI KUMAR,460,87,4.47,91,43,40,57,41,40,23,77,76,63,3.0,3.0,3.0,3.0,3.0,3.0,1.5,1.5,1.5,79,101,43,90,95,105,87,75,52,20IT201/MA02 NUMERICAL METHODS AND ADVANCED CALCULUS,20IT202/PH03 SEMICONDUCTOR PHYSICS,20IT203 COMMUNICATIVE ENGLISH,20IT204 PROGRAMMING FOR PROBLEM SOLVING,20IT205 DIGITAL LOGIC DESIGN,20IT206 DISCRETE MATHEMATICS,20ITL201/PHL01 SEMICONDUCTOR PHYSICS LAB,20ITL202/ELL01 COMMUNICATIVE ENGLISH LAB,20ITL203 PROBLEM SOLVING WITH PROGRAMMING LAB
y20ait443,JONNALAGADDA VASUNDHARA,SRINIVASA RAO,600,42,7.13,34,66,53,54,59,63,80,81,84,60,3.0,3.0,3.0,3.0,3.0,3.0,1.5,1.5,1.5,44,52,54,37,52,16,68,20,67,20IT201/MA02 NUMERICAL METHODS AND ADVANCED CALCULUS,20IT202/PH03 SEMICONDUCTOR PHYSICS,20IT203 COMMUNICATIVE ENGLISH,20IT204 PROGRAMMING FOR PROBLEM SOLVING,20IT205 DIGITAL LOGIC DESIGN,20IT206 DISCRETE MATHEMATICS,20ITL201/PHL01 SEMICONDUCTOR PHYSICS LAB,20ITL202/ELL01 COMMUNICATIVE ENGLISH LAB,20ITL203 PROBLEM SOLVING WITH PROGRAMMING LAB
y20ait444,KAKARLA MEGHANA,KAKARLA SRI HARI SATYANARAYANA,742,4,8.87,4,91,84,67,80,90,76,84,93,77,3.0,3.0,3.0,3.0,3.0,3.0,1.5,1.5,1.5,6,3,6,1,6,22,41,1,34,20IT201/MA02 NUMERICAL METHODS AND ADVANCED CALCULUS,20IT202/PH03 SEMICONDUCTOR PHYSICS,20IT203 COMMUNICATIVE ENGLISH,20IT204 PROGRAMMING FOR PROBLEM SOLVING,20IT205 DIGITAL LOGIC DESIGN,20IT206 DISCRETE MATHEMATICS,20ITL201/PHL01 SEMICONDUCTOR PHYSICS LAB,20ITL202/ELL01 COMMUNICATIVE ENGLISH LAB,20ITL203 PROBLEM SOLVING WITH PROGRAMMING LAB
y20ait445,KAKI VENKATABHANUPRAKASH,KAKI SRINIVASARAO,561,55,6.73,46,72,50,60,44,71,55,84,75,50,3.0,3.0,3.0,3.0,3.0,3.0,1.5,1.5,1.5,31,59,30,79,40,50,37,82,87,20IT201/MA02 NUMERICAL METHODS AND ADVANCED CALCULUS,20IT202/PH03 SEMICONDUCTOR PHYSICS,20IT203 COMMUNICATIVE ENGLISH,20IT204 PROGRAMMING FOR PROBLEM SOLVING,20IT205 DIGITAL LOGIC DESIGN,20IT206 DISCRETE MATHEMATICS,20ITL201/PHL01 SEMICONDUCTOR PHYSICS LAB,20ITL202/ELL01 COMMUNICATIVE ENGLISH LAB,20ITL203 PROBLEM SOLVING WITH PROGRAMMING LAB
y20ait446,KAMPASATI MOHANA SAI CHANDU,KAMPASATI RAM KRISHNA,485,77,5.07,77,49,43,50,45,59,44,76,76,43,3.0,3.0,3.0,3.0,3.0,3.0,1.5,1.5,1.5,60,86,73,76,59,78,90,73,101,20IT201/MA02 NUMERICAL METHODS AND ADVANCED CALCULUS,20IT202/PH03 SEMICONDUCTOR PHYSICS,20IT203 COMMUNICATIVE ENGLISH,20IT204 PROGRAMMING FOR PROBLEM SOLVING,20IT205 DIGITAL LOGIC DESIGN,20IT206 DISCRETE MATHEMATICS,20ITL201/PHL01 SEMICONDUCTOR PHYSICS LAB,20ITL202/ELL01 COMMUNICATIVE ENGLISH LAB,20ITL203 PROBLEM SOLVING WITH PROGRAMMING LAB
y20ait447,KANAKAPUDI KARTHIK,KANAKAPUDI RAVI,530,64,5.8,60,60,50,59,49,54,46,79,86,47,3.0,3.0,3.0,3.0,3.0,3.0,1.5,1.5,1.5,52,63,37,60,66,69,84,15,95,20IT201/MA02 NUMERICAL METHODS AND ADVANCED CALCULUS,20IT202/PH03 SEMICONDUCTOR PHYSICS,20IT203 COMMUNICATIVE ENGLISH,20IT204 PROGRAMMING FOR PROBLEM SOLVING,20IT205 DIGITAL LOGIC DESIGN,20IT206 DISCRETE MATHEMATICS,20ITL201/PHL01 SEMICONDUCTOR PHYSICS LAB,20ITL202/ELL01 COMMUNICATIVE ENGLISH LAB,20ITL203 PROBLEM SOLVING WITH PROGRAMMING LAB
y20ait448,KANCHETI TRIVENI,KANCHETI KOTESWARARAO,664,22,7.8,22,81,71,58,68,78,72,88,87,61,3.0,3.0,3.0,3.0,3.0,3.0,1.5,1.5,1.5,18,22,42,19,29,29,13,11,61,20IT201/MA02 NUMERICAL METHODS AND ADVANCED CALCULUS,20IT202/PH03 SEMICONDUCTOR PHYSICS,20IT203 COMMUNICATIVE ENGLISH,20IT204 PROGRAMMING FOR PROBLEM SOLVING,20IT205 DIGITAL LOGIC DESIGN,20IT206 DISCRETE MATHEMATICS,20ITL201/PHL01 SEMICONDUCTOR PHYSICS LAB,20ITL202/ELL01 COMMUNICATIVE ENGLISH LAB,20ITL203 PROBLEM SOLVING WITH PROGRAMMING LAB
y20ait449,KANTAMNENI MEGHANA,KANTAMNENI KOTESWA RAO,738,5,8.8,5,91,83,60,70,86,87,81,86,94,3.0,3.0,3.0,3.0,3.0,3.0,1.5,1.5,1.5,7,5,32,13,11,4,61,13,12,20IT201/MA02 NUMERICAL METHODS AND ADVANCED CALCULUS,20IT202/PH03 SEMICONDUCTOR PHYSICS,20IT203 COMMUNICATIVE ENGLISH,20IT204 PROGRAMMING FOR PROBLEM SOLVING,20IT205 DIGITAL LOGIC DESIGN,20IT206 DISCRETE MATHEMATICS,20ITL201/PHL01 SEMICONDUCTOR PHYSICS LAB,20ITL202/ELL01 COMMUNICATIVE ENGLISH LAB,20ITL203 PROBLEM SOLVING WITH PROGRAMMING LAB
y20ait450,KARINI PRADEEP,K MALLIKARJUNA RAO,644,28,7.53,27,79,58,69,56,84,73,82,90,53,3.0,3.0,3.0,3.0,3.0,3.0,1.5,1.5,1.5,22,38,3,40,15,26,59,6,78,20IT201/MA02 NUMERICAL METHODS AND ADVANCED CALCULUS,20IT202/PH03 SEMICONDUCTOR PHYSICS,20IT203 COMMUNICATIVE ENGLISH,20IT204 PROGRAMMING FOR PROBLEM SOLVING,20IT205 DIGITAL LOGIC DESIGN,20IT206 DISCRETE MATHEMATICS,20ITL201/PHL01 SEMICONDUCTOR PHYSICS LAB,20ITL202/ELL01 COMMUNICATIVE ENGLISH LAB,20ITL203 PROBLEM SOLVING WITH PROGRAMMING LAB
y20ait451,KARRA SHANMUKH,KARRA RAM BABU,543,58,5.6,65,43,43,42,51,67,49,81,78,89,3.0,3.0,3.0,3.0,3.0,3.0,1.5,1.5,1.5,77,84,104,55,49,66,63,57,23,20IT201/MA02 NUMERICAL METHODS AND ADVANCED CALCULUS,20IT202/PH03 SEMICONDUCTOR PHYSICS,20IT203 COMMUNICATIVE ENGLISH,20IT204 PROGRAMMING FOR PROBLEM SOLVING,20IT205 DIGITAL LOGIC DESIGN,20IT206 DISCRETE MATHEMATICS,20ITL201/PHL01 SEMICONDUCTOR PHYSICS LAB,20ITL202/ELL01 COMMUNICATIVE ENGLISH LAB,20ITL203 PROBLEM SOLVING WITH PROGRAMMING LAB
y20ait452,KAVALA SATHVIKA,KAVALA YESURATNAM,531,63,5.73,63,51,41,45,48,57,52,82,75,80,3.0,3.0,3.0,3.0,3.0,3.0,1.5,1.5,1.5,58,92,91,62,63,60,51,80,30,20IT201/MA02 NUMERICAL METHODS AND ADVANCED CALCULUS,20IT202/PH03 SEMICONDUCTOR PHYSICS,20IT203 COMMUNICATIVE ENGLISH,20IT204 PROGRAMMING FOR PROBLEM SOLVING,20IT205 DIGITAL LOGIC DESIGN,20IT206 DISCRETE MATHEMATICS,20ITL201/PHL01 SEMICONDUCTOR PHYSICS LAB,20ITL202/ELL01 COMMUNICATIVE ENGLISH LAB,20ITL203 PROBLEM SOLVING WITH PROGRAMMING LAB
y20ait453,KOMMINENI BHARGAVA RAMA CHOWDARY,KOMMINENI RAGHU BABU,694,18,8.2,17,93,60,64,69,78,83,84,81,82,3.0,3.0,3.0,3.0,3.0,3.0,1.5,1.5,1.5,3,35,14,17,27,11,38,37,27,20IT201/MA02 NUMERICAL METHODS AND ADVANCED CALCULUS,20IT202/PH03 SEMICONDUCTOR PHYSICS,20IT203 COMMUNICATIVE ENGLISH,20IT204 PROGRAMMING FOR PROBLEM SOLVING,20IT205 DIGITAL LOGIC DESIGN,20IT206 DISCRETE MATHEMATICS,20ITL201/PHL01 SEMICONDUCTOR PHYSICS LAB,20ITL202/ELL01 COMMUNICATIVE ENGLISH LAB,20ITL203 PROBLEM SOLVING WITH PROGRAMMING LAB
y20ait454,KOMMINENI LIKHITH SAI,KOMMINENI ANIL CHOWDARY,354,105,2.33,106,15,40,41,34,15,22,79,68,40,3.0,3.0,3.0,3.0,3.0,3.0,1.5,1.5,1.5,103,94,106,100,108,107,81,102,108,20IT201/MA02 NUMERICAL METHODS AND ADVANCED CALCULUS,20IT202/PH03 SEMICONDUCTOR PHYSICS,20IT203 COMMUNICATIVE ENGLISH,20IT204 PROGRAMMING FOR PROBLEM SOLVING,20IT205 DIGITAL LOGIC DESIGN,20IT206 DISCRETE MATHEMATICS,20ITL201/PHL01 SEMICONDUCTOR PHYSICS LAB,20ITL202/ELL01 COMMUNICATIVE ENGLISH LAB,20ITL203 PROBLEM SOLVING WITH PROGRAMMING LAB
y20ait455,KOMMURU ASHOK,KOMMURU VENKATESWARARAO,534,61,6.0,58,53,56,44,47,67,54,81,80,52,3.0,3.0,3.0,3.0,3.0,3.0,1.5,1.5,1.5,56,45,97,67,47,52,72,43,80,20IT201/MA02 NUMERICAL METHODS AND ADVANCED CALCULUS,20IT202/PH03 SEMICONDUCTOR PHYSICS,20IT203 COMMUNICATIVE ENGLISH,20IT204 PROGRAMMING FOR PROBLEM SOLVING,20IT205 DIGITAL LOGIC DESIGN,20IT206 DISCRETE MATHEMATICS,20ITL201/PHL01 SEMICONDUCTOR PHYSICS LAB,20ITL202/ELL01 COMMUNICATIVE ENGLISH LAB,20ITL203 PROBLEM SOLVING WITH PROGRAMMING LAB
y20ait456,KONAKALA SAI TEJA,KONAKALA SRINIVASA RAO,391,99,3.07,99,17,44,42,46,22,15,76,77,52,3.0,3.0,3.0,3.0,3.0,3.0,1.5,1.5,1.5,99,76,101,74,103,111,91,59,81,20IT201/MA02 NUMERICAL METHODS AND ADVANCED CALCULUS,20IT202/PH03 SEMICONDUCTOR PHYSICS,20IT203 COMMUNICATIVE ENGLISH,20IT204 PROGRAMMING FOR PROBLEM SOLVING,20IT205 DIGITAL LOGIC DESIGN,20IT206 DISCRETE MATHEMATICS,20ITL201/PHL01 SEMICONDUCTOR PHYSICS LAB,20ITL202/ELL01 COMMUNICATIVE ENGLISH LAB,20ITL203 PROBLEM SOLVING WITH PROGRAMMING LAB
y20ait457,KOPPARAPU AKSHITHA,PRASAD,696,17,8.2,18,88,77,57,69,90,81,88,84,62,3.0,3.0,3.0,3.0,3.0,3.0,1.5,1.5,1.5,11,13,44,16,9,14,12,21,55,20IT201/MA02 NUMERICAL METHODS AND ADVANCED CALCULUS,20IT202/PH03 SEMICONDUCTOR PHYSICS,20IT203 COMMUNICATIVE ENGLISH,20IT204 PROGRAMMING FOR PROBLEM SOLVING,20IT205 DIGITAL LOGIC DESIGN,20IT206 DISCRETE MATHEMATICS,20ITL201/PHL01 SEMICONDUCTOR PHYSICS LAB,20ITL202/ELL01 COMMUNICATIVE ENGLISH LAB,20ITL203 PROBLEM SOLVING WITH PROGRAMMING LAB
y20ait458,KORIVI SUDEEP CHAND,KORIVI VEERAIAH,462,84,4.8,84,43,40,40,40,44,43,82,80,50,3.0,3.0,3.0,3.0,3.0,3.0,1.5,1.5,1.5,75,95,112,94,87,83,57,48,85,20IT201/MA02 NUMERICAL METHODS AND ADVANCED CALCULUS,20IT202/PH03 SEMICONDUCTOR PHYSICS,20IT203 COMMUNICATIVE ENGLISH,20IT204 PROGRAMMING FOR PROBLEM SOLVING,20IT205 DIGITAL LOGIC DESIGN,20IT206 DISCRETE MATHEMATICS,20ITL201/PHL01 SEMICONDUCTOR PHYSICS LAB,20ITL202/ELL01 COMMUNICATIVE ENGLISH LAB,20ITL203 PROBLEM SOLVING WITH PROGRAMMING LAB
y20ait459,KOYA VENKATA SIVA SAI DURGA PRASAD,KOYA RAGHU NADHA RAO,734,7,8.73,6,92,82,62,67,86,80,81,91,93,3.0,3.0,3.0,3.0,3.0,3.0,1.5,1.5,1.5,4,6,24,21,12,15,69,2,14,20IT201/MA02 NUMERICAL METHODS AND ADVANCED CALCULUS,20IT202/PH03 SEMICONDUCTOR PHYSICS,20IT203 COMMUNICATIVE ENGLISH,20IT204 PROGRAMMING FOR PROBLEM SOLVING,20IT205 DIGITAL LOGIC DESIGN,20IT206 DISCRETE MATHEMATICS,20ITL201/PHL01 SEMICONDUCTOR PHYSICS LAB,20ITL202/ELL01 COMMUNICATIVE ENGLISH LAB,20ITL203 PROBLEM SOLVING WITH PROGRAMMING LAB
y20ait460,KUNDETI MOUNIKA,KUNDETI MALLIKARJUNA,655,26,7.8,23,77,76,58,74,76,70,83,90,51,3.0,3.0,3.0,3.0,3.0,3.0,1.5,1.5,1.5,24,14,39,8,35,32,45,4,82,20IT201/MA02 NUMERICAL METHODS AND ADVANCED CALCULUS,20IT202/PH03 SEMICONDUCTOR PHYSICS,20IT203 COMMUNICATIVE ENGLISH,20IT204 PROGRAMMING FOR PROBLEM SOLVING,20IT205 DIGITAL LOGIC DESIGN,20IT206 DISCRETE MATHEMATICS,20ITL201/PHL01 SEMICONDUCTOR PHYSICS LAB,20ITL202/ELL01 COMMUNICATIVE ENGLISH LAB,20ITL203 PROBLEM SOLVING WITH PROGRAMMING LAB
y20ait461,KUPPALA RAM SAI SRINIVAS,KUPPALA VENKATA SAMBA SIVA RAO,356,104,2.6,102,17,43,51,17,17,22,68,77,44,3.0,3.0,3.0,3.0,3.0,3.0,1.5,1.5,1.5,98,87,70,110,106,106,107,62,100,20IT201/MA02 NUMERICAL METHODS AND ADVANCED CALCULUS,20IT202/PH03 SEMICONDUCTOR PHYSICS,20IT203 COMMUNICATIVE ENGLISH,20IT204 PROGRAMMING FOR PROBLEM SOLVING,20IT205 DIGITAL LOGIC DESIGN,20IT206 DISCRETE MATHEMATICS,20ITL201/PHL01 SEMICONDUCTOR PHYSICS LAB,20ITL202/ELL01 COMMUNICATIVE ENGLISH LAB,20ITL203 PROBLEM SOLVING WITH PROGRAMMING LAB
y20ait462,LEEMOJI REDDY APPALA,SRINIVASULA REDDY APPALA,730,10,8.67,7,90,70,64,71,85,82,89,82,97,3.0,3.0,3.0,3.0,3.0,3.0,1.5,1.5,1.5,9,23,13,12,14,13,11,32,1,20IT201/MA02 NUMERICAL METHODS AND ADVANCED CALCULUS,20IT202/PH03 SEMICONDUCTOR PHYSICS,20IT203 COMMUNICATIVE ENGLISH,20IT204 PROGRAMMING FOR PROBLEM SOLVING,20IT205 DIGITAL LOGIC DESIGN,20IT206 DISCRETE MATHEMATICS,20ITL201/PHL01 SEMICONDUCTOR PHYSICS LAB,20ITL202/ELL01 COMMUNICATIVE ENGLISH LAB,20ITL203 PROBLEM SOLVING WITH PROGRAMMING LAB
y20ait463,LELLA TANUJA,LELLA VITAL BABU,682,19,7.73,24,88,66,59,55,73,75,86,86,94,3.0,3.0,3.0,3.0,3.0,3.0,1.5,1.5,1.5,10,27,34,43,37,24,26,16,13,20IT201/MA02 NUMERICAL METHODS AND ADVANCED CALCULUS,20IT202/PH03 SEMICONDUCTOR PHYSICS,20IT203 COMMUNICATIVE ENGLISH,20IT204 PROGRAMMING FOR PROBLEM SOLVING,20IT205 DIGITAL LOGIC DESIGN,20IT206 DISCRETE MATHEMATICS,20ITL201/PHL01 SEMICONDUCTOR PHYSICS LAB,20ITL202/ELL01 COMMUNICATIVE ENGLISH LAB,20ITL203 PROBLEM SOLVING WITH PROGRAMMING LAB
y20ait465,MANDAPALLI SAMBA SIVA RAO,MANDAPALLI BUJJI BABU,582,49,6.4,53,68,57,55,51,47,53,85,77,89,3.0,3.0,3.0,3.0,3.0,3.0,1.5,1.5,1.5,37,39,51,56,79,57,32,63,22,20IT201/MA02 NUMERICAL METHODS AND ADVANCED CALCULUS,20IT202/PH03 SEMICONDUCTOR PHYSICS,20IT203 COMMUNICATIVE ENGLISH,20IT204 PROGRAMMING FOR PROBLEM SOLVING,20IT205 DIGITAL LOGIC DESIGN,20IT206 DISCRETE MATHEMATICS,20ITL201/PHL01 SEMICONDUCTOR PHYSICS LAB,20ITL202/ELL01 COMMUNICATIVE ENGLISH LAB,20ITL203 PROBLEM SOLVING WITH PROGRAMMING LAB
y20ait466,MANDE SNEHA,MANDE VEERAIAH,635,31,7.13,35,80,71,41,49,71,66,89,74,94,3.0,3.0,3.0,3.0,3.0,3.0,1.5,1.5,1.5,20,21,108,59,41,37,10,85,11,20IT201/MA02 NUMERICAL METHODS AND ADVANCED CALCULUS,20IT202/PH03 SEMICONDUCTOR PHYSICS,20IT203 COMMUNICATIVE ENGLISH,20IT204 PROGRAMMING FOR PROBLEM SOLVING,20IT205 DIGITAL LOGIC DESIGN,20IT206 DISCRETE MATHEMATICS,20ITL201/PHL01 SEMICONDUCTOR PHYSICS LAB,20ITL202/ELL01 COMMUNICATIVE ENGLISH LAB,20ITL203 PROBLEM SOLVING WITH PROGRAMMING LAB
y20ait467,MARELLA PUJITHA,MARELLA SRINIVASA RAO,738,6,8.4,10,87,79,62,68,88,88,88,83,95,3.0,3.0,3.0,3.0,3.0,3.0,1.5,1.5,1.5,12,8,23,18,10,3,15,28,6,20IT201/MA02 NUMERICAL METHODS AND ADVANCED CALCULUS,20IT202/PH03 SEMICONDUCTOR PHYSICS,20IT203 COMMUNICATIVE ENGLISH,20IT204 PROGRAMMING FOR PROBLEM SOLVING,20IT205 DIGITAL LOGIC DESIGN,20IT206 DISCRETE MATHEMATICS,20ITL201/PHL01 SEMICONDUCTOR PHYSICS LAB,20ITL202/ELL01 COMMUNICATIVE ENGLISH LAB,20ITL203 PROBLEM SOLVING WITH PROGRAMMING LAB
y20ait468,MERIGALA MANOJ KUMAR,MERIGALA CHINNA RAO,417,95,4.0,94,15,41,43,43,42,44,73,76,40,3.0,3.0,3.0,3.0,3.0,3.0,1.5,1.5,1.5,104,89,99,80,91,75,95,72,109,20IT201/MA02 NUMERICAL METHODS AND ADVANCED CALCULUS,20IT202/PH03 SEMICONDUCTOR PHYSICS,20IT203 COMMUNICATIVE ENGLISH,20IT204 PROGRAMMING FOR PROBLEM SOLVING,20IT205 DIGITAL LOGIC DESIGN,20IT206 DISCRETE MATHEMATICS,20ITL201/PHL01 SEMICONDUCTOR PHYSICS LAB,20ITL202/ELL01 COMMUNICATIVE ENGLISH LAB,20ITL203 PROBLEM SOLVING WITH PROGRAMMING LAB
y20ait469,MIKKILI SUNNY,MIKKILI KOTESRWARARAO,323,108,2.6,103,0,50,40,18,15,16,65,74,45,3.0,3.0,3.0,3.0,3.0,3.0,1.5,1.5,1.5,111,58,115,107,111,109,109,86,98,20IT201/MA02 NUMERICAL METHODS AND ADVANCED CALCULUS,20IT202/PH03 SEMICONDUCTOR PHYSICS,20IT203 COMMUNICATIVE ENGLISH,20IT204 PROGRAMMING FOR PROBLEM SOLVING,20IT205 DIGITAL LOGIC DESIGN,20IT206 DISCRETE MATHEMATICS,20ITL201/PHL01 SEMICONDUCTOR PHYSICS LAB,20ITL202/ELL01 COMMUNICATIVE ENGLISH LAB,20ITL203 PROBLEM SOLVING WITH PROGRAMMING LAB
y20ait470,MULE VENKATA SIREESHA,MULE SRINIVASULU REDDY,675,20,8.2,16,90,73,62,65,81,70,86,83,65,3.0,3.0,3.0,3.0,3.0,3.0,1.5,1.5,1.5,8,17,21,23,19,31,21,27,47,20IT201/MA02 NUMERICAL METHODS AND ADVANCED CALCULUS,20IT202/PH03 SEMICONDUCTOR PHYSICS,20IT203 COMMUNICATIVE ENGLISH,20IT204 PROGRAMMING FOR PROBLEM SOLVING,20IT205 DIGITAL LOGIC DESIGN,20IT206 DISCRETE MATHEMATICS,20ITL201/PHL01 SEMICONDUCTOR PHYSICS LAB,20ITL202/ELL01 COMMUNICATIVE ENGLISH LAB,20ITL203 PROBLEM SOLVING WITH PROGRAMMING LAB
y20ait471,MUPPALLA SHAHIL KHAN,MUPPALA MAHABOOB KHAN,495,72,5.73,62,42,51,61,46,53,53,69,80,40,3.0,3.0,3.0,3.0,3.0,3.0,1.5,1.5,1.5,86,55,26,72,72,55,104,46,107,20IT201/MA02 NUMERICAL METHODS AND ADVANCED CALCULUS,20IT202/PH03 SEMICONDUCTOR PHYSICS,20IT203 COMMUNICATIVE ENGLISH,20IT204 PROGRAMMING FOR PROBLEM SOLVING,20IT205 DIGITAL LOGIC DESIGN,20IT206 DISCRETE MATHEMATICS,20ITL201/PHL01 SEMICONDUCTOR PHYSICS LAB,20ITL202/ELL01 COMMUNICATIVE ENGLISH LAB,20ITL203 PROBLEM SOLVING WITH PROGRAMMING LAB
y20ait472,MURUKURTHI LAXMI NARENDRA,MURUKURTHI ESWARA RAO,486,75,4.73,85,44,47,49,43,49,41,86,77,50,3.0,3.0,3.0,3.0,3.0,3.0,1.5,1.5,1.5,74,70,75,82,78,91,25,64,90,20IT201/MA02 NUMERICAL METHODS AND ADVANCED CALCULUS,20IT202/PH03 SEMICONDUCTOR PHYSICS,20IT203 COMMUNICATIVE ENGLISH,20IT204 PROGRAMMING FOR PROBLEM SOLVING,20IT205 DIGITAL LOGIC DESIGN,20IT206 DISCRETE MATHEMATICS,20ITL201/PHL01 SEMICONDUCTOR PHYSICS LAB,20ITL202/ELL01 COMMUNICATIVE ENGLISH LAB,20ITL203 PROBLEM SOLVING WITH PROGRAMMING LAB
y20ait473,MUVVALA S.V KATYAYANI,MUVVALA UDAY KUMAR,351,106,2.33,107,28,15,52,15,15,15,73,72,66,3.0,3.0,3.0,3.0,3.0,3.0,1.5,1.5,1.5,93,113,64,112,112,113,94,89,46,20IT201/MA02 NUMERICAL METHODS AND ADVANCED CALCULUS,20IT202/PH03 SEMICONDUCTOR PHYSICS,20IT203 COMMUNICATIVE ENGLISH,20IT204 PROGRAMMING FOR PROBLEM SOLVING,20IT205 DIGITAL LOGIC DESIGN,20IT206 DISCRETE MATHEMATICS,20ITL201/PHL01 SEMICONDUCTOR PHYSICS LAB,20ITL202/ELL01 COMMUNICATIVE ENGLISH LAB,20ITL203 PROBLEM SOLVING WITH PROGRAMMING LAB
y20ait474,NANNAPANENI PRANATHI,NANNAPANENI SRINIVASA RAO,538,60,5.53,66,47,49,51,44,54,41,86,76,90,3.0,3.0,3.0,3.0,3.0,3.0,1.5,1.5,1.5,65,65,68,77,70,93,24,76,20,20IT201/MA02 NUMERICAL METHODS AND ADVANCED CALCULUS,20IT202/PH03 SEMICONDUCTOR PHYSICS,20IT203 COMMUNICATIVE ENGLISH,20IT204 PROGRAMMING FOR PROBLEM SOLVING,20IT205 DIGITAL LOGIC DESIGN,20IT206 DISCRETE MATHEMATICS,20ITL201/PHL01 SEMICONDUCTOR PHYSICS LAB,20ITL202/ELL01 COMMUNICATIVE ENGLISH LAB,20ITL203 PROBLEM SOLVING WITH PROGRAMMING LAB
y20ait475,NARNE AKASH,NARNE HARIBABU,470,82,5.07,75,40,43,46,47,50,51,79,71,43,3.0,3.0,3.0,3.0,3.0,3.0,1.5,1.5,1.5,90,79,83,66,75,61,83,94,105,20IT201/MA02 NUMERICAL METHODS AND ADVANCED CALCULUS,20IT202/PH03 SEMICONDUCTOR PHYSICS,20IT203 COMMUNICATIVE ENGLISH,20IT204 PROGRAMMING FOR PROBLEM SOLVING,20IT205 DIGITAL LOGIC DESIGN,20IT206 DISCRETE MATHEMATICS,20ITL201/PHL01 SEMICONDUCTOR PHYSICS LAB,20ITL202/ELL01 COMMUNICATIVE ENGLISH LAB,20ITL203 PROBLEM SOLVING WITH PROGRAMMING LAB
y20ait476,NUTHI PURNA PAVAN,NUTHI VENKATA SIVA RAO,254,115,1.73,112,0,16,41,0,15,15,65,62,40,3.0,3.0,3.0,3.0,3.0,3.0,1.5,1.5,1.5,116,110,109,115,115,115,110,113,110,20IT201/MA02 NUMERICAL METHODS AND ADVANCED CALCULUS,20IT202/PH03 SEMICONDUCTOR PHYSICS,20IT203 COMMUNICATIVE ENGLISH,20IT204 PROGRAMMING FOR PROBLEM SOLVING,20IT205 DIGITAL LOGIC DESIGN,20IT206 DISCRETE MATHEMATICS,20ITL201/PHL01 SEMICONDUCTOR PHYSICS LAB,20ITL202/ELL01 COMMUNICATIVE ENGLISH LAB,20ITL203 PROBLEM SOLVING WITH PROGRAMMING LAB
y20ait477,PADALA VENKATA SAI BALAJI,PADALA VENKATA SRINIVASA RAO,707,13,8.2,15,74,78,65,78,81,77,80,79,95,3.0,3.0,3.0,3.0,3.0,3.0,1.5,1.5,1.5,29,11,11,4,18,20,77,50,9,20IT201/MA02 NUMERICAL METHODS AND ADVANCED CALCULUS,20IT202/PH03 SEMICONDUCTOR PHYSICS,20IT203 COMMUNICATIVE ENGLISH,20IT204 PROGRAMMING FOR PROBLEM SOLVING,20IT205 DIGITAL LOGIC DESIGN,20IT206 DISCRETE MATHEMATICS,20ITL201/PHL01 SEMICONDUCTOR PHYSICS LAB,20ITL202/ELL01 COMMUNICATIVE ENGLISH LAB,20ITL203 PROBLEM SOLVING WITH PROGRAMMING LAB
y20ait478,PALERU THRIVENI,PALERU SRINIVASARAO,377,100,2.07,110,15,28,41,29,15,31,63,68,87,3.0,3.0,3.0,3.0,3.0,3.0,1.5,1.5,1.5,107,103,107,103,109,99,111,103,24,20IT201/MA02 NUMERICAL METHODS AND ADVANCED CALCULUS,20IT202/PH03 SEMICONDUCTOR PHYSICS,20IT203 COMMUNICATIVE ENGLISH,20IT204 PROGRAMMING FOR PROBLEM SOLVING,20IT205 DIGITAL LOGIC DESIGN,20IT206 DISCRETE MATHEMATICS,20ITL201/PHL01 SEMICONDUCTOR PHYSICS LAB,20ITL202/ELL01 COMMUNICATIVE ENGLISH LAB,20ITL203 PROBLEM SOLVING WITH PROGRAMMING LAB
y20ait479,PALERU YASWANTH,PALERU HARI KRISHNA,217,116,1.0,116,16,15,40,0,15,15,21,61,34,3.0,3.0,3.0,3.0,3.0,3.0,1.5,1.5,1.5,100,112,111,114,114,114,116,115,112,20IT201/MA02 NUMERICAL METHODS AND ADVANCED CALCULUS,20IT202/PH03 SEMICONDUCTOR PHYSICS,20IT203 COMMUNICATIVE ENGLISH,20IT204 PROGRAMMING FOR PROBLEM SOLVING,20IT205 DIGITAL LOGIC DESIGN,20IT206 DISCRETE MATHEMATICS,20ITL201/PHL01 SEMICONDUCTOR PHYSICS LAB,20ITL202/ELL01 COMMUNICATIVE ENGLISH LAB,20ITL203 PROBLEM SOLVING WITH PROGRAMMING LAB
y20ait480,PANDI PRAVEEN,PANDI RAVI,697,16,8.27,14,82,72,69,63,81,84,72,79,95,3.0,3.0,3.0,3.0,3.0,3.0,1.5,1.5,1.5,17,19,4,27,16,9,99,54,7,20IT201/MA02 NUMERICAL METHODS AND ADVANCED CALCULUS,20IT202/PH03 SEMICONDUCTOR PHYSICS,20IT203 COMMUNICATIVE ENGLISH,20IT204 PROGRAMMING FOR PROBLEM SOLVING,20IT205 DIGITAL LOGIC DESIGN,20IT206 DISCRETE MATHEMATICS,20ITL201/PHL01 SEMICONDUCTOR PHYSICS LAB,20ITL202/ELL01 COMMUNICATIVE ENGLISH LAB,20ITL203 PROBLEM SOLVING WITH PROGRAMMING LAB
y20ait481,PARUCHURI SUPRAJA,PARUCHURI SRINU,703,14,8.4,12,91,73,58,71,80,85,87,82,76,3.0,3.0,3.0,3.0,3.0,3.0,1.5,1.5,1.5,5,18,38,11,21,7,20,29,35,20IT201/MA02 NUMERICAL METHODS AND ADVANCED CALCULUS,20IT202/PH03 SEMICONDUCTOR PHYSICS,20IT203 COMMUNICATIVE ENGLISH,20IT204 PROGRAMMING FOR PROBLEM SOLVING,20IT205 DIGITAL LOGIC DESIGN,20IT206 DISCRETE MATHEMATICS,20ITL201/PHL01 SEMICONDUCTOR PHYSICS LAB,20ITL202/ELL01 COMMUNICATIVE ENGLISH LAB,20ITL203 PROBLEM SOLVING WITH PROGRAMMING LAB
y20ait482,PASAM SURYA VAMSI,PASAM SRINIVASA RAO,658,24,7.47,29,76,56,60,48,90,69,83,83,93,3.0,3.0,3.0,3.0,3.0,3.0,1.5,1.5,1.5,27,44,29,63,7,34,44,25,15,20IT201/MA02 NUMERICAL METHODS AND ADVANCED CALCULUS,20IT202/PH03 SEMICONDUCTOR PHYSICS,20IT203 COMMUNICATIVE ENGLISH,20IT204 PROGRAMMING FOR PROBLEM SOLVING,20IT205 DIGITAL LOGIC DESIGN,20IT206 DISCRETE MATHEMATICS,20ITL201/PHL01 SEMICONDUCTOR PHYSICS LAB,20ITL202/ELL01 COMMUNICATIVE ENGLISH LAB,20ITL203 PROBLEM SOLVING WITH PROGRAMMING LAB
y20ait483,PATAPANTHULA NAVEEN,PATAPANTHULA PEDDA SAMBA SIVA RAO,412,96,4.53,89,42,50,53,17,58,43,70,79,0,3.0,3.0,3.0,3.0,3.0,3.0,1.5,1.5,1.5,81,60,58,108,61,79,103,51,116,20IT201/MA02 NUMERICAL METHODS AND ADVANCED CALCULUS,20IT202/PH03 SEMICONDUCTOR PHYSICS,20IT203 COMMUNICATIVE ENGLISH,20IT204 PROGRAMMING FOR PROBLEM SOLVING,20IT205 DIGITAL LOGIC DESIGN,20IT206 DISCRETE MATHEMATICS,20ITL201/PHL01 SEMICONDUCTOR PHYSICS LAB,20ITL202/ELL01 COMMUNICATIVE ENGLISH LAB,20ITL203 PROBLEM SOLVING WITH PROGRAMMING LAB
y20ait484,PEETHA BALAJI,PEETHA ANJANEYULU,633,32,7.53,28,71,70,68,54,77,69,80,80,64,3.0,3.0,3.0,3.0,3.0,3.0,1.5,1.5,1.5,32,24,5,46,32,33,74,44,49,20IT201/MA02 NUMERICAL METHODS AND ADVANCED CALCULUS,20IT202/PH03 SEMICONDUCTOR PHYSICS,20IT203 COMMUNICATIVE ENGLISH,20IT204 PROGRAMMING FOR PROBLEM SOLVING,20IT205 DIGITAL LOGIC DESIGN,20IT206 DISCRETE MATHEMATICS,20ITL201/PHL01 SEMICONDUCTOR PHYSICS LAB,20ITL202/ELL01 COMMUNICATIVE ENGLISH LAB,20ITL203 PROBLEM SOLVING WITH PROGRAMMING LAB
y20ait485,PERIKALA SRAVANTHI,PERIKALA gandhi,462,85,4.67,86,40,43,45,40,46,41,75,68,64,3.0,3.0,3.0,3.0,3.0,3.0,1.5,1.5,1.5,89,80,88,96,80,90,92,101,50,20IT201/MA02 NUMERICAL METHODS AND ADVANCED CALCULUS,20IT202/PH03 SEMICONDUCTOR PHYSICS,20IT203 COMMUNICATIVE ENGLISH,20IT204 PROGRAMMING FOR PROBLEM SOLVING,20IT205 DIGITAL LOGIC DESIGN,20IT206 DISCRETE MATHEMATICS,20ITL201/PHL01 SEMICONDUCTOR PHYSICS LAB,20ITL202/ELL01 COMMUNICATIVE ENGLISH LAB,20ITL203 PROBLEM SOLVING WITH PROGRAMMING LAB
y20ait486,PERUMALLA AKHIL,PERUMALLA KIRAN KUMAR,460,86,4.8,83,41,50,53,44,53,41,61,67,50,3.0,3.0,3.0,3.0,3.0,3.0,1.5,1.5,1.5,87,57,56,78,73,92,113,105,83,20IT201/MA02 NUMERICAL METHODS AND ADVANCED CALCULUS,20IT202/PH03 SEMICONDUCTOR PHYSICS,20IT203 COMMUNICATIVE ENGLISH,20IT204 PROGRAMMING FOR PROBLEM SOLVING,20IT205 DIGITAL LOGIC DESIGN,20IT206 DISCRETE MATHEMATICS,20ITL201/PHL01 SEMICONDUCTOR PHYSICS LAB,20ITL202/ELL01 COMMUNICATIVE ENGLISH LAB,20ITL203 PROBLEM SOLVING WITH PROGRAMMING LAB
y20ait487,PINJALA SASIDHAR,PINJALA LAKSHMI NARAYANA,553,56,6.27,56,67,55,64,46,57,59,66,81,58,3.0,3.0,3.0,3.0,3.0,3.0,1.5,1.5,1.5,40,47,15,71,65,44,108,40,72,20IT201/MA02 NUMERICAL METHODS AND ADVANCED CALCULUS,20IT202/PH03 SEMICONDUCTOR PHYSICS,20IT203 COMMUNICATIVE ENGLISH,20IT204 PROGRAMMING FOR PROBLEM SOLVING,20IT205 DIGITAL LOGIC DESIGN,20IT206 DISCRETE MATHEMATICS,20ITL201/PHL01 SEMICONDUCTOR PHYSICS LAB,20ITL202/ELL01 COMMUNICATIVE ENGLISH LAB,20ITL203 PROBLEM SOLVING WITH PROGRAMMING LAB
y20ait488,POLABATHINA SOUMYA,LAZARU,312,112,1.6,113,0,15,43,39,26,29,82,63,15,3.0,3.0,3.0,3.0,3.0,3.0,1.5,1.5,1.5,115,114,100,99,100,102,54,112,115,20IT201/MA02 NUMERICAL METHODS AND ADVANCED CALCULUS,20IT202/PH03 SEMICONDUCTOR PHYSICS,20IT203 COMMUNICATIVE ENGLISH,20IT204 PROGRAMMING FOR PROBLEM SOLVING,20IT205 DIGITAL LOGIC DESIGN,20IT206 DISCRETE MATHEMATICS,20ITL201/PHL01 SEMICONDUCTOR PHYSICS LAB,20ITL202/ELL01 COMMUNICATIVE ENGLISH LAB,20ITL203 PROBLEM SOLVING WITH PROGRAMMING LAB
y20ait489,POLEBOINA BHAVANI KUMAR,POLEBOINA RAMAIAH,593,44,7.0,40,78,55,52,56,62,79,85,65,61,3.0,3.0,3.0,3.0,3.0,3.0,1.5,1.5,1.5,23,48,66,41,54,18,29,109,59,20IT201/MA02 NUMERICAL METHODS AND ADVANCED CALCULUS,20IT202/PH03 SEMICONDUCTOR PHYSICS,20IT203 COMMUNICATIVE ENGLISH,20IT204 PROGRAMMING FOR PROBLEM SOLVING,20IT205 DIGITAL LOGIC DESIGN,20IT206 DISCRETE MATHEMATICS,20ITL201/PHL01 SEMICONDUCTOR PHYSICS LAB,20ITL202/ELL01 COMMUNICATIVE ENGLISH LAB,20ITL203 PROBLEM SOLVING WITH PROGRAMMING LAB
y20ait490,POTTURI SRIRAM,POTTURI NAGISETTY,567,51,6.4,55,85,57,45,47,68,61,79,64,61,3.0,3.0,3.0,3.0,3.0,3.0,1.5,1.5,1.5,13,43,87,65,46,43,85,111,58,20IT201/MA02 NUMERICAL METHODS AND ADVANCED CALCULUS,20IT202/PH03 SEMICONDUCTOR PHYSICS,20IT203 COMMUNICATIVE ENGLISH,20IT204 PROGRAMMING FOR PROBLEM SOLVING,20IT205 DIGITAL LOGIC DESIGN,20IT206 DISCRETE MATHEMATICS,20ITL201/PHL01 SEMICONDUCTOR PHYSICS LAB,20ITL202/ELL01 COMMUNICATIVE ENGLISH LAB,20ITL203 PROBLEM SOLVING WITH PROGRAMMING LAB
y20ait491,PUPPALA LEELA SUBHASH,PUPPALA PRASANNA KUMAR,310,113,2.13,109,15,15,40,20,41,15,77,72,15,3.0,3.0,3.0,3.0,3.0,3.0,1.5,1.5,1.5,105,111,113,106,92,116,89,92,114,20IT201/MA02 NUMERICAL METHODS AND ADVANCED CALCULUS,20IT202/PH03 SEMICONDUCTOR PHYSICS,20IT203 COMMUNICATIVE ENGLISH,20IT204 PROGRAMMING FOR PROBLEM SOLVING,20IT205 DIGITAL LOGIC DESIGN,20IT206 DISCRETE MATHEMATICS,20ITL201/PHL01 SEMICONDUCTOR PHYSICS LAB,20ITL202/ELL01 COMMUNICATIVE ENGLISH LAB,20ITL203 PROBLEM SOLVING WITH PROGRAMMING LAB
y20ait492,PURIMITLA BHASKAR,PURIMITLA VEERANARAYANA,632,33,7.4,31,71,63,63,53,68,74,85,78,77,3.0,3.0,3.0,3.0,3.0,3.0,1.5,1.5,1.5,33,31,19,47,45,25,31,56,33,20IT201/MA02 NUMERICAL METHODS AND ADVANCED CALCULUS,20IT202/PH03 SEMICONDUCTOR PHYSICS,20IT203 COMMUNICATIVE ENGLISH,20IT204 PROGRAMMING FOR PROBLEM SOLVING,20IT205 DIGITAL LOGIC DESIGN,20IT206 DISCRETE MATHEMATICS,20ITL201/PHL01 SEMICONDUCTOR PHYSICS LAB,20ITL202/ELL01 COMMUNICATIVE ENGLISH LAB,20ITL203 PROBLEM SOLVING WITH PROGRAMMING LAB
y20ait493,RAMANADHAM VENKATESH,RAMANADHAM VEERAANJANEYULU,417,94,4.2,93,0,0,58,46,67,45,83,76,42,3.0,3.0,3.0,3.0,3.0,3.0,1.5,1.5,1.5,112,116,40,73,48,73,42,70,106,20IT201/MA02 NUMERICAL METHODS AND ADVANCED CALCULUS,20IT202/PH03 SEMICONDUCTOR PHYSICS,20IT203 COMMUNICATIVE ENGLISH,20IT204 PROGRAMMING FOR PROBLEM SOLVING,20IT205 DIGITAL LOGIC DESIGN,20IT206 DISCRETE MATHEMATICS,20ITL201/PHL01 SEMICONDUCTOR PHYSICS LAB,20ITL202/ELL01 COMMUNICATIVE ENGLISH LAB,20ITL203 PROBLEM SOLVING WITH PROGRAMMING LAB
y20ait494,RAVURI MAHESH BABU,RAVURI HARI BABU,491,74,5.33,71,62,41,49,40,54,46,80,59,60,3.0,3.0,3.0,3.0,3.0,3.0,1.5,1.5,1.5,49,93,77,95,68,70,79,116,65,20IT201/MA02 NUMERICAL METHODS AND ADVANCED CALCULUS,20IT202/PH03 SEMICONDUCTOR PHYSICS,20IT203 COMMUNICATIVE ENGLISH,20IT204 PROGRAMMING FOR PROBLEM SOLVING,20IT205 DIGITAL LOGIC DESIGN,20IT206 DISCRETE MATHEMATICS,20ITL201/PHL01 SEMICONDUCTOR PHYSICS LAB,20ITL202/ELL01 COMMUNICATIVE ENGLISH LAB,20ITL203 PROBLEM SOLVING WITH PROGRAMMING LAB
y20ait495,RAYANI JYOTHI,RAYANI YEDUKONDALU,502,69,5.4,69,47,54,50,48,58,45,83,72,45,3.0,3.0,3.0,3.0,3.0,3.0,1.5,1.5,1.5,66,50,71,61,60,71,47,91,97,20IT201/MA02 NUMERICAL METHODS AND ADVANCED CALCULUS,20IT202/PH03 SEMICONDUCTOR PHYSICS,20IT203 COMMUNICATIVE ENGLISH,20IT204 PROGRAMMING FOR PROBLEM SOLVING,20IT205 DIGITAL LOGIC DESIGN,20IT206 DISCRETE MATHEMATICS,20ITL201/PHL01 SEMICONDUCTOR PHYSICS LAB,20ITL202/ELL01 COMMUNICATIVE ENGLISH LAB,20ITL203 PROBLEM SOLVING WITH PROGRAMMING LAB
y20ait496,SALAGALA TERESA,SALAGALA SHALAM RAJU,467,83,4.87,81,40,41,56,42,40,42,82,75,49,3.0,3.0,3.0,3.0,3.0,3.0,1.5,1.5,1.5,88,91,49,86,96,87,58,79,91,20IT201/MA02 NUMERICAL METHODS AND ADVANCED CALCULUS,20IT202/PH03 SEMICONDUCTOR PHYSICS,20IT203 COMMUNICATIVE ENGLISH,20IT204 PROGRAMMING FOR PROBLEM SOLVING,20IT205 DIGITAL LOGIC DESIGN,20IT206 DISCRETE MATHEMATICS,20ITL201/PHL01 SEMICONDUCTOR PHYSICS LAB,20ITL202/ELL01 COMMUNICATIVE ENGLISH LAB,20ITL203 PROBLEM SOLVING WITH PROGRAMMING LAB
y20ait497,SANNAMURI SRI NAGA POOJITHA,SANNAMURI SIVA PRASAD,762,2,9.13,1,81,92,62,80,92,85,90,85,95,3.0,3.0,3.0,3.0,3.0,3.0,1.5,1.5,1.5,19,2,22,2,5,6,6,17,10,20IT201/MA02 NUMERICAL METHODS AND ADVANCED CALCULUS,20IT202/PH03 SEMICONDUCTOR PHYSICS,20IT203 COMMUNICATIVE ENGLISH,20IT204 PROGRAMMING FOR PROBLEM SOLVING,20IT205 DIGITAL LOGIC DESIGN,20IT206 DISCRETE MATHEMATICS,20ITL201/PHL01 SEMICONDUCTOR PHYSICS LAB,20ITL202/ELL01 COMMUNICATIVE ENGLISH LAB,20ITL203 PROBLEM SOLVING WITH PROGRAMMING LAB
y20ait498,SANNAPUREDDY BALA KRISHNA REDDY,SANNAPUREDDY thimma reddy,659,23,7.93,21,72,79,56,65,90,71,84,81,61,3.0,3.0,3.0,3.0,3.0,3.0,1.5,1.5,1.5,30,9,47,22,8,30,40,39,63,20IT201/MA02 NUMERICAL METHODS AND ADVANCED CALCULUS,20IT202/PH03 SEMICONDUCTOR PHYSICS,20IT203 COMMUNICATIVE ENGLISH,20IT204 PROGRAMMING FOR PROBLEM SOLVING,20IT205 DIGITAL LOGIC DESIGN,20IT206 DISCRETE MATHEMATICS,20ITL201/PHL01 SEMICONDUCTOR PHYSICS LAB,20ITL202/ELL01 COMMUNICATIVE ENGLISH LAB,20ITL203 PROBLEM SOLVING WITH PROGRAMMING LAB
y20ait499,SEELAM YASWANTH REDDY,VENKAT REDDY,734,8,8.67,8,94,83,56,61,80,96,87,82,95,3.0,3.0,3.0,3.0,3.0,3.0,1.5,1.5,1.5,1,4,48,31,22,1,19,30,5,20IT201/MA02 NUMERICAL METHODS AND ADVANCED CALCULUS,20IT202/PH03 SEMICONDUCTOR PHYSICS,20IT203 COMMUNICATIVE ENGLISH,20IT204 PROGRAMMING FOR PROBLEM SOLVING,20IT205 DIGITAL LOGIC DESIGN,20IT206 DISCRETE MATHEMATICS,20ITL201/PHL01 SEMICONDUCTOR PHYSICS LAB,20ITL202/ELL01 COMMUNICATIVE ENGLISH LAB,20ITL203 PROBLEM SOLVING WITH PROGRAMMING LAB
y20ait500,SHAIK ALTAF,SHAIK MAHABOOB SUBANI,596,43,7.0,38,67,75,53,61,54,54,83,77,72,3.0,3.0,3.0,3.0,3.0,3.0,1.5,1.5,1.5,41,15,59,32,71,51,49,67,40,20IT201/MA02 NUMERICAL METHODS AND ADVANCED CALCULUS,20IT202/PH03 SEMICONDUCTOR PHYSICS,20IT203 COMMUNICATIVE ENGLISH,20IT204 PROGRAMMING FOR PROBLEM SOLVING,20IT205 DIGITAL LOGIC DESIGN,20IT206 DISCRETE MATHEMATICS,20ITL201/PHL01 SEMICONDUCTOR PHYSICS LAB,20ITL202/ELL01 COMMUNICATIVE ENGLISH LAB,20ITL203 PROBLEM SOLVING WITH PROGRAMMING LAB
y20ait501,SHAIK AMAN SIDDIQUE,SHAIK MOULALI,453,89,4.4,92,17,44,54,47,43,43,73,76,56,3.0,3.0,3.0,3.0,3.0,3.0,1.5,1.5,1.5,96,78,52,68,90,85,97,71,75,20IT201/MA02 NUMERICAL METHODS AND ADVANCED CALCULUS,20IT202/PH03 SEMICONDUCTOR PHYSICS,20IT203 COMMUNICATIVE ENGLISH,20IT204 PROGRAMMING FOR PROBLEM SOLVING,20IT205 DIGITAL LOGIC DESIGN,20IT206 DISCRETE MATHEMATICS,20ITL201/PHL01 SEMICONDUCTOR PHYSICS LAB,20ITL202/ELL01 COMMUNICATIVE ENGLISH LAB,20ITL203 PROBLEM SOLVING WITH PROGRAMMING LAB
y20ait503,SHAIK CHANDINI,SHAIK MOULA SAHEB,509,66,5.27,73,43,46,46,40,40,50,80,72,92,3.0,3.0,3.0,3.0,3.0,3.0,1.5,1.5,1.5,76,72,84,92,94,63,78,93,17,20IT201/MA02 NUMERICAL METHODS AND ADVANCED CALCULUS,20IT202/PH03 SEMICONDUCTOR PHYSICS,20IT203 COMMUNICATIVE ENGLISH,20IT204 PROGRAMMING FOR PROBLEM SOLVING,20IT205 DIGITAL LOGIC DESIGN,20IT206 DISCRETE MATHEMATICS,20ITL201/PHL01 SEMICONDUCTOR PHYSICS LAB,20ITL202/ELL01 COMMUNICATIVE ENGLISH LAB,20ITL203 PROBLEM SOLVING WITH PROGRAMMING LAB
y20ait504,SHAIK MOHAMMAD SAIFULLA,SHAIK ABDUL HAMEED,472,81,4.67,87,43,43,44,46,46,44,79,66,61,3.0,3.0,3.0,3.0,3.0,3.0,1.5,1.5,1.5,78,83,98,69,83,77,80,108,62,20IT201/MA02 NUMERICAL METHODS AND ADVANCED CALCULUS,20IT202/PH03 SEMICONDUCTOR PHYSICS,20IT203 COMMUNICATIVE ENGLISH,20IT204 PROGRAMMING FOR PROBLEM SOLVING,20IT205 DIGITAL LOGIC DESIGN,20IT206 DISCRETE MATHEMATICS,20ITL201/PHL01 SEMICONDUCTOR PHYSICS LAB,20ITL202/ELL01 COMMUNICATIVE ENGLISH LAB,20ITL203 PROBLEM SOLVING WITH PROGRAMMING LAB
y20ait505,SIDDABATHUNI BHARGAV,SIDDABATHUNI VENKATA RAJA SEKHAR,370,101,2.53,104,23,17,42,22,17,41,83,67,58,3.0,3.0,3.0,3.0,3.0,3.0,1.5,1.5,1.5,94,107,103,105,105,88,50,106,71,20IT201/MA02 NUMERICAL METHODS AND ADVANCED CALCULUS,20IT202/PH03 SEMICONDUCTOR PHYSICS,20IT203 COMMUNICATIVE ENGLISH,20IT204 PROGRAMMING FOR PROBLEM SOLVING,20IT205 DIGITAL LOGIC DESIGN,20IT206 DISCRETE MATHEMATICS,20ITL201/PHL01 SEMICONDUCTOR PHYSICS LAB,20ITL202/ELL01 COMMUNICATIVE ENGLISH LAB,20ITL203 PROBLEM SOLVING WITH PROGRAMMING LAB
y20ait506,SIDDAPAREDDY ANUPAMA,SIDDAPAREDDY VENKATA SUBBARAMI REDDY,604,41,6.93,43,68,59,59,60,77,58,85,80,58,3.0,3.0,3.0,3.0,3.0,3.0,1.5,1.5,1.5,36,36,35,34,31,48,27,42,73,20IT201/MA02 NUMERICAL METHODS AND ADVANCED CALCULUS,20IT202/PH03 SEMICONDUCTOR PHYSICS,20IT203 COMMUNICATIVE ENGLISH,20IT204 PROGRAMMING FOR PROBLEM SOLVING,20IT205 DIGITAL LOGIC DESIGN,20IT206 DISCRETE MATHEMATICS,20ITL201/PHL01 SEMICONDUCTOR PHYSICS LAB,20ITL202/ELL01 COMMUNICATIVE ENGLISH LAB,20ITL203 PROBLEM SOLVING WITH PROGRAMMING LAB
y20ait507,SRIHARI MADDINENI,RAVI MADDINENI,768,1,9.0,3,76,94,71,75,95,83,90,88,96,3.0,3.0,3.0,3.0,3.0,3.0,1.5,1.5,1.5,25,1,1,6,1,10,5,9,4,20IT201/MA02 NUMERICAL METHODS AND ADVANCED CALCULUS,20IT202/PH03 SEMICONDUCTOR PHYSICS,20IT203 COMMUNICATIVE ENGLISH,20IT204 PROGRAMMING FOR PROBLEM SOLVING,20IT205 DIGITAL LOGIC DESIGN,20IT206 DISCRETE MATHEMATICS,20ITL201/PHL01 SEMICONDUCTOR PHYSICS LAB,20ITL202/ELL01 COMMUNICATIVE ENGLISH LAB,20ITL203 PROBLEM SOLVING WITH PROGRAMMING LAB
y20ait508,SUNKARA KIRAN SAI,SUNKARA KRUPANANDHAM,643,29,7.53,26,63,65,59,68,80,76,90,86,56,3.0,3.0,3.0,3.0,3.0,3.0,1.5,1.5,1.5,48,29,33,20,25,21,8,14,76,20IT201/MA02 NUMERICAL METHODS AND ADVANCED CALCULUS,20IT202/PH03 SEMICONDUCTOR PHYSICS,20IT203 COMMUNICATIVE ENGLISH,20IT204 PROGRAMMING FOR PROBLEM SOLVING,20IT205 DIGITAL LOGIC DESIGN,20IT206 DISCRETE MATHEMATICS,20ITL201/PHL01 SEMICONDUCTOR PHYSICS LAB,20ITL202/ELL01 COMMUNICATIVE ENGLISH LAB,20ITL203 PROBLEM SOLVING WITH PROGRAMMING LAB
y20ait509,SUNKARA SAI DIVYA SRI,SUNKARA PURNA CHANDRA RAO,367,103,2.87,101,15,42,40,40,15,25,75,66,49,3.0,3.0,3.0,3.0,3.0,3.0,1.5,1.5,1.5,101,88,114,93,110,104,93,107,92,20IT201/MA02 NUMERICAL METHODS AND ADVANCED CALCULUS,20IT202/PH03 SEMICONDUCTOR PHYSICS,20IT203 COMMUNICATIVE ENGLISH,20IT204 PROGRAMMING FOR PROBLEM SOLVING,20IT205 DIGITAL LOGIC DESIGN,20IT206 DISCRETE MATHEMATICS,20ITL201/PHL01 SEMICONDUCTOR PHYSICS LAB,20ITL202/ELL01 COMMUNICATIVE ENGLISH LAB,20ITL203 PROBLEM SOLVING WITH PROGRAMMING LAB
y20ait510,TEKKEM JAHNAVI,SRINIVASARAO,508,67,5.33,72,42,57,52,48,45,44,82,75,63,3.0,3.0,3.0,3.0,3.0,3.0,1.5,1.5,1.5,85,41,65,64,84,76,56,77,53,20IT201/MA02 NUMERICAL METHODS AND ADVANCED CALCULUS,20IT202/PH03 SEMICONDUCTOR PHYSICS,20IT203 COMMUNICATIVE ENGLISH,20IT204 PROGRAMMING FOR PROBLEM SOLVING,20IT205 DIGITAL LOGIC DESIGN,20IT206 DISCRETE MATHEMATICS,20ITL201/PHL01 SEMICONDUCTOR PHYSICS LAB,20ITL202/ELL01 COMMUNICATIVE ENGLISH LAB,20ITL203 PROBLEM SOLVING WITH PROGRAMMING LAB
y20ait511,T GOPI CHAND,THUMATI CHINA KOTAIAH,540,59,5.93,59,46,72,48,62,59,48,80,70,55,3.0,3.0,3.0,3.0,3.0,3.0,1.5,1.5,1.5,68,20,79,30,58,67,73,95,77,20IT201/MA02 NUMERICAL METHODS AND ADVANCED CALCULUS,20IT202/PH03 SEMICONDUCTOR PHYSICS,20IT203 COMMUNICATIVE ENGLISH,20IT204 PROGRAMMING FOR PROBLEM SOLVING,20IT205 DIGITAL LOGIC DESIGN,20IT206 DISCRETE MATHEMATICS,20ITL201/PHL01 SEMICONDUCTOR PHYSICS LAB,20ITL202/ELL01 COMMUNICATIVE ENGLISH LAB,20ITL203 PROBLEM SOLVING WITH PROGRAMMING LAB
y20ait512,VADITHE BRAMYYA NAYAK,ANANTHA RAMULU NAYAK,476,80,4.93,80,40,40,45,45,57,40,77,75,57,3.0,3.0,3.0,3.0,3.0,3.0,1.5,1.5,1.5,91,99,92,75,64,98,88,78,74,20IT201/MA02 NUMERICAL METHODS AND ADVANCED CALCULUS,20IT202/PH03 SEMICONDUCTOR PHYSICS,20IT203 COMMUNICATIVE ENGLISH,20IT204 PROGRAMMING FOR PROBLEM SOLVING,20IT205 DIGITAL LOGIC DESIGN,20IT206 DISCRETE MATHEMATICS,20ITL201/PHL01 SEMICONDUCTOR PHYSICS LAB,20ITL202/ELL01 COMMUNICATIVE ENGLISH LAB,20ITL203 PROBLEM SOLVING WITH PROGRAMMING LAB
y20ait513,VALLABHUNI SAI SAMPADHA,VALLABHUNI SABHAPATHI,544,57,6.07,57,48,44,66,50,62,54,82,79,59,3.0,3.0,3.0,3.0,3.0,3.0,1.5,1.5,1.5,62,75,8,57,56,53,55,49,69,20IT201/MA02 NUMERICAL METHODS AND ADVANCED CALCULUS,20IT202/PH03 SEMICONDUCTOR PHYSICS,20IT203 COMMUNICATIVE ENGLISH,20IT204 PROGRAMMING FOR PROBLEM SOLVING,20IT205 DIGITAL LOGIC DESIGN,20IT206 DISCRETE MATHEMATICS,20ITL201/PHL01 SEMICONDUCTOR PHYSICS LAB,20ITL202/ELL01 COMMUNICATIVE ENGLISH LAB,20ITL203 PROBLEM SOLVING WITH PROGRAMMING LAB
y20ait515,VARIKUTI VENKAT SRINIVAS,VARIKUTI SIVA NAGA PRASAD,583,47,6.93,44,55,52,56,56,71,72,83,75,63,3.0,3.0,3.0,3.0,3.0,3.0,1.5,1.5,1.5,55,54,46,39,42,27,46,81,51,20IT201/MA02 NUMERICAL METHODS AND ADVANCED CALCULUS,20IT202/PH03 SEMICONDUCTOR PHYSICS,20IT203 COMMUNICATIVE ENGLISH,20IT204 PROGRAMMING FOR PROBLEM SOLVING,20IT205 DIGITAL LOGIC DESIGN,20IT206 DISCRETE MATHEMATICS,20ITL201/PHL01 SEMICONDUCTOR PHYSICS LAB,20ITL202/ELL01 COMMUNICATIVE ENGLISH LAB,20ITL203 PROBLEM SOLVING WITH PROGRAMMING LAB
y20ait516,VEMURI JASWANTH,V. MADHU SUDHANA RAO,721,11,8.6,9,83,74,64,72,80,83,92,81,92,3.0,3.0,3.0,3.0,3.0,3.0,1.5,1.5,1.5,16,16,12,9,24,12,3,36,18,20IT201/MA02 NUMERICAL METHODS AND ADVANCED CALCULUS,20IT202/PH03 SEMICONDUCTOR PHYSICS,20IT203 COMMUNICATIVE ENGLISH,20IT204 PROGRAMMING FOR PROBLEM SOLVING,20IT205 DIGITAL LOGIC DESIGN,20IT206 DISCRETE MATHEMATICS,20ITL201/PHL01 SEMICONDUCTOR PHYSICS LAB,20ITL202/ELL01 COMMUNICATIVE ENGLISH LAB,20ITL203 PROBLEM SOLVING WITH PROGRAMMING LAB
y20ait517,VIPPADAPU DIVYA SAHITHI,VIPPADAPU VENKATA RAMAIAH,394,98,3.07,98,0,31,46,43,33,42,60,79,60,3.0,3.0,3.0,3.0,3.0,3.0,1.5,1.5,1.5,108,102,81,83,98,86,114,53,68,20IT201/MA02 NUMERICAL METHODS AND ADVANCED CALCULUS,20IT202/PH03 SEMICONDUCTOR PHYSICS,20IT203 COMMUNICATIVE ENGLISH,20IT204 PROGRAMMING FOR PROBLEM SOLVING,20IT205 DIGITAL LOGIC DESIGN,20IT206 DISCRETE MATHEMATICS,20ITL201/PHL01 SEMICONDUCTOR PHYSICS LAB,20ITL202/ELL01 COMMUNICATIVE ENGLISH LAB,20ITL203 PROBLEM SOLVING WITH PROGRAMMING LAB
y20ait518,VIPPADAPU PRAVEEN,VIPPADAPU VENKATA RAMAIAH,320,109,2.47,105,17,22,42,0,15,40,73,61,50,3.0,3.0,3.0,3.0,3.0,3.0,1.5,1.5,1.5,97,104,102,116,116,94,98,114,89,20IT201/MA02 NUMERICAL METHODS AND ADVANCED CALCULUS,20IT202/PH03 SEMICONDUCTOR PHYSICS,20IT203 COMMUNICATIVE ENGLISH,20IT204 PROGRAMMING FOR PROBLEM SOLVING,20IT205 DIGITAL LOGIC DESIGN,20IT206 DISCRETE MATHEMATICS,20ITL201/PHL01 SEMICONDUCTOR PHYSICS LAB,20ITL202/ELL01 COMMUNICATIVE ENGLISH LAB,20ITL203 PROBLEM SOLVING WITH PROGRAMMING LAB
y20ait519,YAKKALA SAI AKHIL,YAKKALA HARI HARA NATH BABU,605,40,6.4,54,45,47,69,59,54,66,91,79,95,3.0,3.0,3.0,3.0,3.0,3.0,1.5,1.5,1.5,71,69,2,36,69,36,4,55,8,20IT201/MA02 NUMERICAL METHODS AND ADVANCED CALCULUS,20IT202/PH03 SEMICONDUCTOR PHYSICS,20IT203 COMMUNICATIVE ENGLISH,20IT204 PROGRAMMING FOR PROBLEM SOLVING,20IT205 DIGITAL LOGIC DESIGN,20IT206 DISCRETE MATHEMATICS,20ITL201/PHL01 SEMICONDUCTOR PHYSICS LAB,20ITL202/ELL01 COMMUNICATIVE ENGLISH LAB,20ITL203 PROBLEM SOLVING WITH PROGRAMMING LAB
y20ait520,YENUGANTI JESHNAVI,YENUGANTI SRINIVASARAO,607,38,6.93,45,62,49,63,51,73,64,93,79,73,3.0,3.0,3.0,3.0,3.0,3.0,1.5,1.5,1.5,50,64,16,53,38,39,2,52,39,20IT201/MA02 NUMERICAL METHODS AND ADVANCED CALCULUS,20IT202/PH03 SEMICONDUCTOR PHYSICS,20IT203 COMMUNICATIVE ENGLISH,20IT204 PROGRAMMING FOR PROBLEM SOLVING,20IT205 DIGITAL LOGIC DESIGN,20IT206 DISCRETE MATHEMATICS,20ITL201/PHL01 SEMICONDUCTOR PHYSICS LAB,20ITL202/ELL01 COMMUNICATIVE ENGLISH LAB,20ITL203 PROBLEM SOLVING WITH PROGRAMMING LAB
