Reg No,Name,Father Name,total,total_rank,sgpa,sgpa_rank,MPMC,DS,OOPS,OS,CO,TE,LINUX_LAB,DS_LAB,OOPS_LAB,C1,C2,C3,C4,C5,C6,C7,C8,C9,mpmc_rank,ds_rank,oops_rank,os_rank,co_rank,te_rank,linux_lab_rank,ds_lab_rank,oops_lab_rank,sub1,sub2,sub3,sub4,sub5,sub6,sub7,sub8,sub9
l21ait401,BOMMASANI GOPI CHAND,BOMMASANI SESHAIAH,539,82,6.24,87,64,55,48,43,67,53,86,54,69,3.0,3.0,3.0,3.0,3.0,3.0,3.5,1.5,1.5,76,80,96,113,59,115,51,74,88,20IT301 MICRO PROCESSOR & MICRO CONTROLLER,20IT302 DATA STRUCTURES,20IT303 OBJECT ORIENTED PROGRAMMING,20IT304 OPERATING SYSTEMS,20CB305 COMPUTER ORGANIZATION,20IT306 TECHNICAL ENGLISH,20ITL301/SO01 LINUX ESSENTIALS LAB,20ITL302 DATA STRUCTURES LAB,20ITL303 OBJECT ORIENTED PROGRAMMING LAB
l21ait402,BONTHU LAKSHMI ANITHA,BONTHU SAMPATH KUMAR,637,52,7.67,51,76,60,67,69,76,67,92,56,74,3.0,3.0,3.0,3.0,3.0,3.0,3.5,1.5,1.5,39,74,52,51,30,54,27,61,73,20IT301 MICRO PROCESSOR & MICRO CONTROLLER,20IT302 DATA STRUCTURES,20IT303 OBJECT ORIENTED PROGRAMMING,20IT304 OPERATING SYSTEMS,20CB305 COMPUTER ORGANIZATION,20IT306 TECHNICAL ENGLISH,20ITL301/SO01 LINUX ESSENTIALS LAB,20ITL302 DATA STRUCTURES LAB,20ITL303 OBJECT ORIENTED PROGRAMMING LAB
l21ait403,BUDIGAPOGU VIJAY KUMAR,BUDIGAPOGU VENKATESH,634,54,7.27,64,72,79,48,63,74,64,79,77,78,3.0,3.0,3.0,3.0,3.0,3.0,3.5,1.5,1.5,58,34,95,70,38,68,72,34,60,20IT301 MICRO PROCESSOR & MICRO CONTROLLER,20IT302 DATA STRUCTURES,20IT303 OBJECT ORIENTED PROGRAMMING,20IT304 OPERATING SYSTEMS,20CB305 COMPUTER ORGANIZATION,20IT306 TECHNICAL ENGLISH,20ITL301/SO01 LINUX ESSENTIALS LAB,20ITL302 DATA STRUCTURES LAB,20ITL303 OBJECT ORIENTED PROGRAMMING LAB
l21ait404,CHUKKA SAI PRAMOD,CHUKKA NARASINGA RAO,518,92,5.94,93,49,50,40,45,56,64,85,62,67,3.0,3.0,3.0,3.0,3.0,3.0,3.5,1.5,1.5,100,93,118,104,82,70,53,54,95,20IT301 MICRO PROCESSOR & MICRO CONTROLLER,20IT302 DATA STRUCTURES,20IT303 OBJECT ORIENTED PROGRAMMING,20IT304 OPERATING SYSTEMS,20CB305 COMPUTER ORGANIZATION,20IT306 TECHNICAL ENGLISH,20ITL301/SO01 LINUX ESSENTIALS LAB,20ITL302 DATA STRUCTURES LAB,20ITL303 OBJECT ORIENTED PROGRAMMING LAB
l21ait406,GOKADA SYAM KUMAR,GOKADA SANYASI RAO,665,44,8.02,42,84,72,67,78,81,68,85,54,76,3.0,3.0,3.0,3.0,3.0,3.0,3.5,1.5,1.5,17,55,53,22,13,49,56,69,69,20IT301 MICRO PROCESSOR & MICRO CONTROLLER,20IT302 DATA STRUCTURES,20IT303 OBJECT ORIENTED PROGRAMMING,20IT304 OPERATING SYSTEMS,20CB305 COMPUTER ORGANIZATION,20IT306 TECHNICAL ENGLISH,20ITL301/SO01 LINUX ESSENTIALS LAB,20ITL302 DATA STRUCTURES LAB,20ITL303 OBJECT ORIENTED PROGRAMMING LAB
l21ait407,KULUKURI VENKATA SHANMUKHA,KULUKURI PYDIRAJU,681,36,7.98,44,67,68,72,64,77,63,96,82,92,3.0,3.0,3.0,3.0,3.0,3.0,3.5,1.5,1.5,71,62,40,62,25,71,14,29,25,20IT301 MICRO PROCESSOR & MICRO CONTROLLER,20IT302 DATA STRUCTURES,20IT303 OBJECT ORIENTED PROGRAMMING,20IT304 OPERATING SYSTEMS,20CB305 COMPUTER ORGANIZATION,20IT306 TECHNICAL ENGLISH,20ITL301/SO01 LINUX ESSENTIALS LAB,20ITL302 DATA STRUCTURES LAB,20ITL303 OBJECT ORIENTED PROGRAMMING LAB
l21ait408,MARRIBOYINA TARUN BABU,MARRIBOYINA NAGESWARA RAO,632,56,7.53,58,79,53,67,68,80,67,89,55,74,3.0,3.0,3.0,3.0,3.0,3.0,3.5,1.5,1.5,34,87,51,55,19,52,39,65,72,20IT301 MICRO PROCESSOR & MICRO CONTROLLER,20IT302 DATA STRUCTURES,20IT303 OBJECT ORIENTED PROGRAMMING,20IT304 OPERATING SYSTEMS,20CB305 COMPUTER ORGANIZATION,20IT306 TECHNICAL ENGLISH,20ITL301/SO01 LINUX ESSENTIALS LAB,20ITL302 DATA STRUCTURES LAB,20ITL303 OBJECT ORIENTED PROGRAMMING LAB
l21ait409,MOHAMMAD MUNAWAR ZAKIRUDDIN,MOHAMMAD RAFI,610,63,7.12,67,76,55,63,58,75,68,69,76,70,3.0,3.0,3.0,3.0,3.0,3.0,3.5,1.5,1.5,40,82,58,76,31,50,107,36,84,20IT301 MICRO PROCESSOR & MICRO CONTROLLER,20IT302 DATA STRUCTURES,20IT303 OBJECT ORIENTED PROGRAMMING,20IT304 OPERATING SYSTEMS,20CB305 COMPUTER ORGANIZATION,20IT306 TECHNICAL ENGLISH,20ITL301/SO01 LINUX ESSENTIALS LAB,20ITL302 DATA STRUCTURES LAB,20ITL303 OBJECT ORIENTED PROGRAMMING LAB
l21ait410,MORLA SRIKANTH,MORLA VENKATA RAMANARAO,466,108,5.12,109,42,40,40,49,44,53,79,54,65,3.0,3.0,3.0,3.0,3.0,3.0,3.5,1.5,1.5,110,122,114,96,114,114,69,70,101,20IT301 MICRO PROCESSOR & MICRO CONTROLLER,20IT302 DATA STRUCTURES,20IT303 OBJECT ORIENTED PROGRAMMING,20IT304 OPERATING SYSTEMS,20CB305 COMPUTER ORGANIZATION,20IT306 TECHNICAL ENGLISH,20ITL301/SO01 LINUX ESSENTIALS LAB,20ITL302 DATA STRUCTURES LAB,20ITL303 OBJECT ORIENTED PROGRAMMING LAB
l21ait411,MUTLURI HIMAVANTH,MUTLURI TULASI RAM,582,72,7.29,63,80,55,50,52,72,61,85,57,70,3.0,3.0,3.0,3.0,3.0,3.0,3.5,1.5,1.5,30,83,90,89,42,85,54,59,82,20IT301 MICRO PROCESSOR & MICRO CONTROLLER,20IT302 DATA STRUCTURES,20IT303 OBJECT ORIENTED PROGRAMMING,20IT304 OPERATING SYSTEMS,20CB305 COMPUTER ORGANIZATION,20IT306 TECHNICAL ENGLISH,20ITL301/SO01 LINUX ESSENTIALS LAB,20ITL302 DATA STRUCTURES LAB,20ITL303 OBJECT ORIENTED PROGRAMMING LAB
l21ait412,NAGANDLA CHAITANYA,NAGANDLA SRINIVASARAO,477,104,5.49,103,51,40,41,52,46,59,74,67,47,3.0,3.0,3.0,3.0,3.0,3.0,3.5,1.5,1.5,97,119,112,88,106,92,94,47,126,20IT301 MICRO PROCESSOR & MICRO CONTROLLER,20IT302 DATA STRUCTURES,20IT303 OBJECT ORIENTED PROGRAMMING,20IT304 OPERATING SYSTEMS,20CB305 COMPUTER ORGANIZATION,20IT306 TECHNICAL ENGLISH,20ITL301/SO01 LINUX ESSENTIALS LAB,20ITL302 DATA STRUCTURES LAB,20ITL303 OBJECT ORIENTED PROGRAMMING LAB
l21ait413,KARI LOKESH,KARI VENKATA PRASAD,504,97,5.86,94,52,49,46,52,59,51,79,54,62,3.0,3.0,3.0,3.0,3.0,3.0,3.5,1.5,1.5,96,97,103,86,75,120,70,71,106,20IT301 MICRO PROCESSOR & MICRO CONTROLLER,20IT302 DATA STRUCTURES,20IT303 OBJECT ORIENTED PROGRAMMING,20IT304 OPERATING SYSTEMS,20CB305 COMPUTER ORGANIZATION,20IT306 TECHNICAL ENGLISH,20ITL301/SO01 LINUX ESSENTIALS LAB,20ITL302 DATA STRUCTURES LAB,20ITL303 OBJECT ORIENTED PROGRAMMING LAB
l21ait414,PENDEM CHENNAKESAVA,PENDEM DRONASWARARAO,620,60,7.55,57,70,69,63,62,68,64,94,53,77,3.0,3.0,3.0,3.0,3.0,3.0,3.5,1.5,1.5,62,60,63,72,55,67,17,79,64,20IT301 MICRO PROCESSOR & MICRO CONTROLLER,20IT302 DATA STRUCTURES,20IT303 OBJECT ORIENTED PROGRAMMING,20IT304 OPERATING SYSTEMS,20CB305 COMPUTER ORGANIZATION,20IT306 TECHNICAL ENGLISH,20ITL301/SO01 LINUX ESSENTIALS LAB,20ITL302 DATA STRUCTURES LAB,20ITL303 OBJECT ORIENTED PROGRAMMING LAB
l21ait415,TADISETTI SURESH,TADISETTI ESWARA RAO,626,58,7.59,54,75,61,74,63,73,56,83,53,88,3.0,3.0,3.0,3.0,3.0,3.0,3.5,1.5,1.5,47,70,33,66,39,105,62,77,39,20IT301 MICRO PROCESSOR & MICRO CONTROLLER,20IT302 DATA STRUCTURES,20IT303 OBJECT ORIENTED PROGRAMMING,20IT304 OPERATING SYSTEMS,20CB305 COMPUTER ORGANIZATION,20IT306 TECHNICAL ENGLISH,20ITL301/SO01 LINUX ESSENTIALS LAB,20ITL302 DATA STRUCTURES LAB,20ITL303 OBJECT ORIENTED PROGRAMMING LAB
l21ait417,VIJAYA RAO PRUDHVI SURESH,VIJAYA RAO VENKATESWARLU,627,57,7.59,55,73,51,64,64,67,70,80,67,91,3.0,3.0,3.0,3.0,3.0,3.0,3.5,1.5,1.5,52,92,57,61,58,38,68,48,26,20IT301 MICRO PROCESSOR & MICRO CONTROLLER,20IT302 DATA STRUCTURES,20IT303 OBJECT ORIENTED PROGRAMMING,20IT304 OPERATING SYSTEMS,20CB305 COMPUTER ORGANIZATION,20IT306 TECHNICAL ENGLISH,20ITL301/SO01 LINUX ESSENTIALS LAB,20ITL302 DATA STRUCTURES LAB,20ITL303 OBJECT ORIENTED PROGRAMMING LAB
l21ait418,YARASANI MANIKANTA,Y V SATYANARAYANA VARA PRASAD,535,84,6.51,81,60,51,44,40,60,65,96,51,68,3.0,3.0,3.0,3.0,3.0,3.0,3.5,1.5,1.5,84,91,107,118,72,61,12,84,93,20IT301 MICRO PROCESSOR & MICRO CONTROLLER,20IT302 DATA STRUCTURES,20IT303 OBJECT ORIENTED PROGRAMMING,20IT304 OPERATING SYSTEMS,20CB305 COMPUTER ORGANIZATION,20IT306 TECHNICAL ENGLISH,20ITL301/SO01 LINUX ESSENTIALS LAB,20ITL302 DATA STRUCTURES LAB,20ITL303 OBJECT ORIENTED PROGRAMMING LAB
l21ait419,YARLAGADDA MADHU SAGAR,YARLAGADDA VENKATESWARA RAO,653,50,7.92,48,73,75,64,71,75,55,94,75,71,3.0,3.0,3.0,3.0,3.0,3.0,3.5,1.5,1.5,54,48,56,44,34,110,18,37,79,20IT301 MICRO PROCESSOR & MICRO CONTROLLER,20IT302 DATA STRUCTURES,20IT303 OBJECT ORIENTED PROGRAMMING,20IT304 OPERATING SYSTEMS,20CB305 COMPUTER ORGANIZATION,20IT306 TECHNICAL ENGLISH,20ITL301/SO01 LINUX ESSENTIALS LAB,20ITL302 DATA STRUCTURES LAB,20ITL303 OBJECT ORIENTED PROGRAMMING LAB
y20ait401,ACHUTA VENKATA SIVA TEJASWINI,ACHUTA VENKATA SUBBA RAO,609,64,7.16,66,62,66,69,57,69,65,89,58,74,3.0,3.0,3.0,3.0,3.0,3.0,3.5,1.5,1.5,78,64,46,77,50,62,41,56,71,20IT301 MICRO PROCESSOR & MICRO CONTROLLER,20IT302 DATA STRUCTURES,20IT303 OBJECT ORIENTED PROGRAMMING,20IT304 OPERATING SYSTEMS,20CB305 COMPUTER ORGANIZATION,20IT306 TECHNICAL ENGLISH,20ITL301/SO01 LINUX ESSENTIALS LAB,20ITL302 DATA STRUCTURES LAB,20ITL303 OBJECT ORIENTED PROGRAMMING LAB
y20ait402,AKUMALLA SIDDU,KHASIM,768,6,9.02,7,87,81,86,82,84,68,92,98,90,3.0,3.0,3.0,3.0,3.0,3.0,3.5,1.5,1.5,13,27,6,14,6,48,28,2,29,20IT301 MICRO PROCESSOR & MICRO CONTROLLER,20IT302 DATA STRUCTURES,20IT303 OBJECT ORIENTED PROGRAMMING,20IT304 OPERATING SYSTEMS,20CB305 COMPUTER ORGANIZATION,20IT306 TECHNICAL ENGLISH,20ITL301/SO01 LINUX ESSENTIALS LAB,20ITL302 DATA STRUCTURES LAB,20ITL303 OBJECT ORIENTED PROGRAMMING LAB
y20ait403,ALTHAF SYED,ISMAIL SYED,432,114,4.73,114,45,45,53,41,45,63,44,40,56,3.0,3.0,3.0,3.0,3.0,3.0,3.5,1.5,1.5,106,107,82,117,109,76,121,119,114,20IT301 MICRO PROCESSOR & MICRO CONTROLLER,20IT302 DATA STRUCTURES,20IT303 OBJECT ORIENTED PROGRAMMING,20IT304 OPERATING SYSTEMS,20CB305 COMPUTER ORGANIZATION,20IT306 TECHNICAL ENGLISH,20ITL301/SO01 LINUX ESSENTIALS LAB,20ITL302 DATA STRUCTURES LAB,20ITL303 OBJECT ORIENTED PROGRAMMING LAB
y20ait404,ATCHUTA RANGA PAVAN KUMAR,ATCHUTA BALA SUBRAHMANYAM,750,15,8.82,17,89,83,89,74,82,71,88,80,94,3.0,3.0,3.0,3.0,3.0,3.0,3.5,1.5,1.5,8,23,4,30,12,32,44,31,16,20IT301 MICRO PROCESSOR & MICRO CONTROLLER,20IT302 DATA STRUCTURES,20IT303 OBJECT ORIENTED PROGRAMMING,20IT304 OPERATING SYSTEMS,20CB305 COMPUTER ORGANIZATION,20IT306 TECHNICAL ENGLISH,20ITL301/SO01 LINUX ESSENTIALS LAB,20ITL302 DATA STRUCTURES LAB,20ITL303 OBJECT ORIENTED PROGRAMMING LAB
y20ait405,AVULA MANEESHA,AVULA SAMBASIVA RAO,796,1,9.27,1,88,86,93,91,75,74,92,99,98,3.0,3.0,3.0,3.0,3.0,3.0,3.5,1.5,1.5,10,13,1,1,36,10,25,1,1,20IT301 MICRO PROCESSOR & MICRO CONTROLLER,20IT302 DATA STRUCTURES,20IT303 OBJECT ORIENTED PROGRAMMING,20IT304 OPERATING SYSTEMS,20CB305 COMPUTER ORGANIZATION,20IT306 TECHNICAL ENGLISH,20ITL301/SO01 LINUX ESSENTIALS LAB,20ITL302 DATA STRUCTURES LAB,20ITL303 OBJECT ORIENTED PROGRAMMING LAB
y20ait406,BACHALAKURI HARSHAVARDHAN,BACHALAKURI RAVI KUMAR,474,105,5.22,108,53,40,49,46,45,63,65,46,67,3.0,3.0,3.0,3.0,3.0,3.0,3.5,1.5,1.5,93,120,94,103,107,73,115,91,94,20IT301 MICRO PROCESSOR & MICRO CONTROLLER,20IT302 DATA STRUCTURES,20IT303 OBJECT ORIENTED PROGRAMMING,20IT304 OPERATING SYSTEMS,20CB305 COMPUTER ORGANIZATION,20IT306 TECHNICAL ENGLISH,20ITL301/SO01 LINUX ESSENTIALS LAB,20ITL302 DATA STRUCTURES LAB,20ITL303 OBJECT ORIENTED PROGRAMMING LAB
y20ait407,BAIG IMRAN,ALEEM BAIG,706,32,8.35,31,76,65,80,63,76,74,90,94,88,3.0,3.0,3.0,3.0,3.0,3.0,3.5,1.5,1.5,45,66,19,69,29,14,36,11,41,20IT301 MICRO PROCESSOR & MICRO CONTROLLER,20IT302 DATA STRUCTURES,20IT303 OBJECT ORIENTED PROGRAMMING,20IT304 OPERATING SYSTEMS,20CB305 COMPUTER ORGANIZATION,20IT306 TECHNICAL ENGLISH,20ITL301/SO01 LINUX ESSENTIALS LAB,20ITL302 DATA STRUCTURES LAB,20ITL303 OBJECT ORIENTED PROGRAMMING LAB
y20ait408,BANDARU VAISHNAVI,BANDARU ANJANEYA PRASAD,751,14,8.76,20,79,80,86,71,86,76,82,98,93,3.0,3.0,3.0,3.0,3.0,3.0,3.5,1.5,1.5,36,32,7,46,3,5,63,3,20,20IT301 MICRO PROCESSOR & MICRO CONTROLLER,20IT302 DATA STRUCTURES,20IT303 OBJECT ORIENTED PROGRAMMING,20IT304 OPERATING SYSTEMS,20CB305 COMPUTER ORGANIZATION,20IT306 TECHNICAL ENGLISH,20ITL301/SO01 LINUX ESSENTIALS LAB,20ITL302 DATA STRUCTURES LAB,20ITL303 OBJECT ORIENTED PROGRAMMING LAB
y20ait409,BHUVANAGIRI CHIRANJEEVI SAI,BHUVANAGIRI CHINA VENKATESWARLU,682,35,7.98,46,68,76,72,63,77,66,92,89,79,3.0,3.0,3.0,3.0,3.0,3.0,3.5,1.5,1.5,67,42,41,63,27,55,26,22,59,20IT301 MICRO PROCESSOR & MICRO CONTROLLER,20IT302 DATA STRUCTURES,20IT303 OBJECT ORIENTED PROGRAMMING,20IT304 OPERATING SYSTEMS,20CB305 COMPUTER ORGANIZATION,20IT306 TECHNICAL ENGLISH,20ITL301/SO01 LINUX ESSENTIALS LAB,20ITL302 DATA STRUCTURES LAB,20ITL303 OBJECT ORIENTED PROGRAMMING LAB
y20ait410,BOBBILI HARIKA,BOBBILI ESWARA RAO,669,43,8.1,37,70,64,82,74,77,67,91,58,86,3.0,3.0,3.0,3.0,3.0,3.0,3.5,1.5,1.5,63,67,13,29,28,53,30,58,43,20IT301 MICRO PROCESSOR & MICRO CONTROLLER,20IT302 DATA STRUCTURES,20IT303 OBJECT ORIENTED PROGRAMMING,20IT304 OPERATING SYSTEMS,20CB305 COMPUTER ORGANIZATION,20IT306 TECHNICAL ENGLISH,20ITL301/SO01 LINUX ESSENTIALS LAB,20ITL302 DATA STRUCTURES LAB,20ITL303 OBJECT ORIENTED PROGRAMMING LAB
y20ait411,BONDI VIJAY,BONDI RAMANA,671,41,8.08,38,68,81,75,76,74,73,84,69,71,3.0,3.0,3.0,3.0,3.0,3.0,3.5,1.5,1.5,69,28,31,26,37,20,58,44,81,20IT301 MICRO PROCESSOR & MICRO CONTROLLER,20IT302 DATA STRUCTURES,20IT303 OBJECT ORIENTED PROGRAMMING,20IT304 OPERATING SYSTEMS,20CB305 COMPUTER ORGANIZATION,20IT306 TECHNICAL ENGLISH,20ITL301/SO01 LINUX ESSENTIALS LAB,20ITL302 DATA STRUCTURES LAB,20ITL303 OBJECT ORIENTED PROGRAMMING LAB
y20ait412,BORRA DURGA SREE,BORRA SREE RAMULU,761,11,9.06,6,92,89,92,75,86,80,87,75,85,3.0,3.0,3.0,3.0,3.0,3.0,3.5,1.5,1.5,5,6,2,28,4,1,45,38,48,20IT301 MICRO PROCESSOR & MICRO CONTROLLER,20IT302 DATA STRUCTURES,20IT303 OBJECT ORIENTED PROGRAMMING,20IT304 OPERATING SYSTEMS,20CB305 COMPUTER ORGANIZATION,20IT306 TECHNICAL ENGLISH,20ITL301/SO01 LINUX ESSENTIALS LAB,20ITL302 DATA STRUCTURES LAB,20ITL303 OBJECT ORIENTED PROGRAMMING LAB
y20ait413,BYLAPUDI GOWTHAMI PRIYA,BYLAPUDI HARNADH,664,46,8.29,33,80,72,65,71,81,73,93,55,74,3.0,3.0,3.0,3.0,3.0,3.0,3.5,1.5,1.5,32,57,55,45,17,15,20,67,70,20IT301 MICRO PROCESSOR & MICRO CONTROLLER,20IT302 DATA STRUCTURES,20IT303 OBJECT ORIENTED PROGRAMMING,20IT304 OPERATING SYSTEMS,20CB305 COMPUTER ORGANIZATION,20IT306 TECHNICAL ENGLISH,20ITL301/SO01 LINUX ESSENTIALS LAB,20ITL302 DATA STRUCTURES LAB,20ITL303 OBJECT ORIENTED PROGRAMMING LAB
y20ait414,CHALLA MAMATHA,CHALLA ANJIREDDY,488,101,5.86,96,48,50,48,51,62,52,71,45,61,3.0,3.0,3.0,3.0,3.0,3.0,3.5,1.5,1.5,102,94,97,91,68,117,100,94,108,20IT301 MICRO PROCESSOR & MICRO CONTROLLER,20IT302 DATA STRUCTURES,20IT303 OBJECT ORIENTED PROGRAMMING,20IT304 OPERATING SYSTEMS,20CB305 COMPUTER ORGANIZATION,20IT306 TECHNICAL ENGLISH,20ITL301/SO01 LINUX ESSENTIALS LAB,20ITL302 DATA STRUCTURES LAB,20ITL303 OBJECT ORIENTED PROGRAMMING LAB
y20ait415,CHEEDELLA V N S S L PALLAVI,CHEEDELLA JANARDHANA RAO,731,26,8.71,22,82,76,77,84,82,72,97,76,85,3.0,3.0,3.0,3.0,3.0,3.0,3.5,1.5,1.5,25,43,27,10,11,24,11,35,49,20IT301 MICRO PROCESSOR & MICRO CONTROLLER,20IT302 DATA STRUCTURES,20IT303 OBJECT ORIENTED PROGRAMMING,20IT304 OPERATING SYSTEMS,20CB305 COMPUTER ORGANIZATION,20IT306 TECHNICAL ENGLISH,20ITL301/SO01 LINUX ESSENTIALS LAB,20ITL302 DATA STRUCTURES LAB,20ITL303 OBJECT ORIENTED PROGRAMMING LAB
y20ait416,CHIGURUPATI MOHAN,CHIGURUPATI RAM PRASAD,250,125,1.67,126,15,17,17,15,43,0,46,50,47,3.0,3.0,3.0,3.0,3.0,3.0,3.5,1.5,1.5,124,124,123,123,115,134,120,85,125,20IT301 MICRO PROCESSOR & MICRO CONTROLLER,20IT302 DATA STRUCTURES,20IT303 OBJECT ORIENTED PROGRAMMING,20IT304 OPERATING SYSTEMS,20CB305 COMPUTER ORGANIZATION,20IT306 TECHNICAL ENGLISH,20ITL301/SO01 LINUX ESSENTIALS LAB,20ITL302 DATA STRUCTURES LAB,20ITL303 OBJECT ORIENTED PROGRAMMING LAB
y20ait417,CHIKKALA ANANDA VENI,CHIKKALA SATYANARAYANA,508,94,5.61,101,41,46,47,48,62,64,77,42,81,3.0,3.0,3.0,3.0,3.0,3.0,3.5,1.5,1.5,113,104,101,99,66,64,81,107,57,20IT301 MICRO PROCESSOR & MICRO CONTROLLER,20IT302 DATA STRUCTURES,20IT303 OBJECT ORIENTED PROGRAMMING,20IT304 OPERATING SYSTEMS,20CB305 COMPUTER ORGANIZATION,20IT306 TECHNICAL ENGLISH,20ITL301/SO01 LINUX ESSENTIALS LAB,20ITL302 DATA STRUCTURES LAB,20ITL303 OBJECT ORIENTED PROGRAMMING LAB
y20ait418,CHIKKALA LAKSHMIPRIYA,CHIKKALA CHANDRA MOHAN,733,24,8.9,14,80,80,77,76,83,80,92,70,95,3.0,3.0,3.0,3.0,3.0,3.0,3.5,1.5,1.5,29,31,26,25,7,2,24,43,11,20IT301 MICRO PROCESSOR & MICRO CONTROLLER,20IT302 DATA STRUCTURES,20IT303 OBJECT ORIENTED PROGRAMMING,20IT304 OPERATING SYSTEMS,20CB305 COMPUTER ORGANIZATION,20IT306 TECHNICAL ENGLISH,20ITL301/SO01 LINUX ESSENTIALS LAB,20ITL302 DATA STRUCTURES LAB,20ITL303 OBJECT ORIENTED PROGRAMMING LAB
y20ait419,CHINTHA MAHESH BABU,CHINTHA VEERA RAJU,412,116,4.61,116,42,44,42,52,40,58,41,40,53,3.0,3.0,3.0,3.0,3.0,3.0,3.5,1.5,1.5,111,110,109,90,122,98,125,115,117,20IT301 MICRO PROCESSOR & MICRO CONTROLLER,20IT302 DATA STRUCTURES,20IT303 OBJECT ORIENTED PROGRAMMING,20IT304 OPERATING SYSTEMS,20CB305 COMPUTER ORGANIZATION,20IT306 TECHNICAL ENGLISH,20ITL301/SO01 LINUX ESSENTIALS LAB,20ITL302 DATA STRUCTURES LAB,20ITL303 OBJECT ORIENTED PROGRAMMING LAB
y20ait420,D VENKATA SRINADH,D RAMANJANEYULU,708,31,8.49,26,86,90,74,73,83,70,79,58,95,3.0,3.0,3.0,3.0,3.0,3.0,3.5,1.5,1.5,14,4,34,38,8,35,73,57,14,20IT301 MICRO PROCESSOR & MICRO CONTROLLER,20IT302 DATA STRUCTURES,20IT303 OBJECT ORIENTED PROGRAMMING,20IT304 OPERATING SYSTEMS,20CB305 COMPUTER ORGANIZATION,20IT306 TECHNICAL ENGLISH,20ITL301/SO01 LINUX ESSENTIALS LAB,20ITL302 DATA STRUCTURES LAB,20ITL303 OBJECT ORIENTED PROGRAMMING LAB
y20ait421,DASARI SYAMSUNDAR,DASARI ABRAHAM,552,78,6.96,70,64,75,50,60,60,50,73,56,64,3.0,3.0,3.0,3.0,3.0,3.0,3.5,1.5,1.5,75,44,93,73,71,122,97,62,104,20IT301 MICRO PROCESSOR & MICRO CONTROLLER,20IT302 DATA STRUCTURES,20IT303 OBJECT ORIENTED PROGRAMMING,20IT304 OPERATING SYSTEMS,20CB305 COMPUTER ORGANIZATION,20IT306 TECHNICAL ENGLISH,20ITL301/SO01 LINUX ESSENTIALS LAB,20ITL302 DATA STRUCTURES LAB,20ITL303 OBJECT ORIENTED PROGRAMMING LAB
y20ait422,DASARI VENKATA SAI ADITHYA,RAMA KRISHNA PRASAD DASARI,454,111,4.94,111,47,46,47,42,42,58,74,43,55,3.0,3.0,3.0,3.0,3.0,3.0,3.5,1.5,1.5,105,106,102,114,117,99,95,100,115,20IT301 MICRO PROCESSOR & MICRO CONTROLLER,20IT302 DATA STRUCTURES,20IT303 OBJECT ORIENTED PROGRAMMING,20IT304 OPERATING SYSTEMS,20CB305 COMPUTER ORGANIZATION,20IT306 TECHNICAL ENGLISH,20ITL301/SO01 LINUX ESSENTIALS LAB,20ITL302 DATA STRUCTURES LAB,20ITL303 OBJECT ORIENTED PROGRAMMING LAB
y20ait423,DASARI VIGNA NAGA SHANMUKH RAJ,DASARI KANAKA RATNAM,458,110,5.31,106,44,55,40,44,42,62,73,40,58,3.0,3.0,3.0,3.0,3.0,3.0,3.5,1.5,1.5,107,85,116,112,116,81,98,114,113,20IT301 MICRO PROCESSOR & MICRO CONTROLLER,20IT302 DATA STRUCTURES,20IT303 OBJECT ORIENTED PROGRAMMING,20IT304 OPERATING SYSTEMS,20CB305 COMPUTER ORGANIZATION,20IT306 TECHNICAL ENGLISH,20ITL301/SO01 LINUX ESSENTIALS LAB,20ITL302 DATA STRUCTURES LAB,20ITL303 OBJECT ORIENTED PROGRAMMING LAB
y20ait424,DASINENI ANJANEYA VAMSI KRISHNA,DASINENI SRINIVASA RAO,591,68,7.02,69,69,77,56,59,68,61,77,52,72,3.0,3.0,3.0,3.0,3.0,3.0,3.5,1.5,1.5,65,41,75,75,56,86,79,82,77,20IT301 MICRO PROCESSOR & MICRO CONTROLLER,20IT302 DATA STRUCTURES,20IT303 OBJECT ORIENTED PROGRAMMING,20IT304 OPERATING SYSTEMS,20CB305 COMPUTER ORGANIZATION,20IT306 TECHNICAL ENGLISH,20ITL301/SO01 LINUX ESSENTIALS LAB,20ITL302 DATA STRUCTURES LAB,20ITL303 OBJECT ORIENTED PROGRAMMING LAB
y20ait425,DEGALA SASIKALA,DEGALA KOTESWARA RAO,610,62,7.45,61,77,75,67,50,71,60,75,52,83,3.0,3.0,3.0,3.0,3.0,3.0,3.5,1.5,1.5,38,46,54,95,47,89,88,81,51,20IT301 MICRO PROCESSOR & MICRO CONTROLLER,20IT302 DATA STRUCTURES,20IT303 OBJECT ORIENTED PROGRAMMING,20IT304 OPERATING SYSTEMS,20CB305 COMPUTER ORGANIZATION,20IT306 TECHNICAL ENGLISH,20ITL301/SO01 LINUX ESSENTIALS LAB,20ITL302 DATA STRUCTURES LAB,20ITL303 OBJECT ORIENTED PROGRAMMING LAB
y20ait426,DEVINA SATHVIK,D NAGENDRA KUMAR,594,66,6.78,75,76,55,68,45,55,68,74,66,87,3.0,3.0,3.0,3.0,3.0,3.0,3.5,1.5,1.5,41,84,50,105,86,47,93,52,42,20IT301 MICRO PROCESSOR & MICRO CONTROLLER,20IT302 DATA STRUCTURES,20IT303 OBJECT ORIENTED PROGRAMMING,20IT304 OPERATING SYSTEMS,20CB305 COMPUTER ORGANIZATION,20IT306 TECHNICAL ENGLISH,20ITL301/SO01 LINUX ESSENTIALS LAB,20ITL302 DATA STRUCTURES LAB,20ITL303 OBJECT ORIENTED PROGRAMMING LAB
y20ait427,DHARMAVARAPU LOKESH KUMAR,D.SRINIVASA RAO,91,132,0.49,134,0,0,0,0,0,42,15,19,15,3.0,3.0,3.0,3.0,3.0,3.0,3.5,1.5,1.5,132,132,130,127,130,129,132,127,133,20IT301 MICRO PROCESSOR & MICRO CONTROLLER,20IT302 DATA STRUCTURES,20IT303 OBJECT ORIENTED PROGRAMMING,20IT304 OPERATING SYSTEMS,20CB305 COMPUTER ORGANIZATION,20IT306 TECHNICAL ENGLISH,20ITL301/SO01 LINUX ESSENTIALS LAB,20ITL302 DATA STRUCTURES LAB,20ITL303 OBJECT ORIENTED PROGRAMMING LAB
y20ait428,DOPPALAPUDI N.L SRUJANA,D.SRINIVASA RAO,530,86,6.12,89,48,57,54,53,48,62,85,43,80,3.0,3.0,3.0,3.0,3.0,3.0,3.5,1.5,1.5,101,78,79,83,99,78,55,101,58,20IT301 MICRO PROCESSOR & MICRO CONTROLLER,20IT302 DATA STRUCTURES,20IT303 OBJECT ORIENTED PROGRAMMING,20IT304 OPERATING SYSTEMS,20CB305 COMPUTER ORGANIZATION,20IT306 TECHNICAL ENGLISH,20ITL301/SO01 LINUX ESSENTIALS LAB,20ITL302 DATA STRUCTURES LAB,20ITL303 OBJECT ORIENTED PROGRAMMING LAB
y20ait429,DUDDU CHARLES,DUDDU BENJIMEN,416,115,4.76,113,54,40,40,0,44,58,75,40,65,3.0,3.0,3.0,3.0,3.0,3.0,3.5,1.5,1.5,92,117,117,128,112,95,89,125,102,20IT301 MICRO PROCESSOR & MICRO CONTROLLER,20IT302 DATA STRUCTURES,20IT303 OBJECT ORIENTED PROGRAMMING,20IT304 OPERATING SYSTEMS,20CB305 COMPUTER ORGANIZATION,20IT306 TECHNICAL ENGLISH,20ITL301/SO01 LINUX ESSENTIALS LAB,20ITL302 DATA STRUCTURES LAB,20ITL303 OBJECT ORIENTED PROGRAMMING LAB
y20ait430,DUMPALA JATHIN,DUMPALA SANJAY KUMAR,517,93,5.8,97,40,79,46,45,47,74,76,40,70,3.0,3.0,3.0,3.0,3.0,3.0,3.5,1.5,1.5,115,35,104,107,102,11,83,123,83,20IT301 MICRO PROCESSOR & MICRO CONTROLLER,20IT302 DATA STRUCTURES,20IT303 OBJECT ORIENTED PROGRAMMING,20IT304 OPERATING SYSTEMS,20CB305 COMPUTER ORGANIZATION,20IT306 TECHNICAL ENGLISH,20ITL301/SO01 LINUX ESSENTIALS LAB,20ITL302 DATA STRUCTURES LAB,20ITL303 OBJECT ORIENTED PROGRAMMING LAB
y20ait431,GORANTLA SRI HARSHA VARDHAN,G GURUNADHAM,522,89,6.41,83,55,55,53,63,53,52,78,42,71,3.0,3.0,3.0,3.0,3.0,3.0,3.5,1.5,1.5,91,81,83,67,90,119,75,106,80,20IT301 MICRO PROCESSOR & MICRO CONTROLLER,20IT302 DATA STRUCTURES,20IT303 OBJECT ORIENTED PROGRAMMING,20IT304 OPERATING SYSTEMS,20CB305 COMPUTER ORGANIZATION,20IT306 TECHNICAL ENGLISH,20ITL301/SO01 LINUX ESSENTIALS LAB,20ITL302 DATA STRUCTURES LAB,20ITL303 OBJECT ORIENTED PROGRAMMING LAB
y20ait432,GADDE THARANMAI,GADDE SATYANARAYANA,780,3,9.2,3,83,93,74,87,90,73,95,88,97,3.0,3.0,3.0,3.0,3.0,3.0,3.5,1.5,1.5,19,2,32,6,1,16,16,25,5,20IT301 MICRO PROCESSOR & MICRO CONTROLLER,20IT302 DATA STRUCTURES,20IT303 OBJECT ORIENTED PROGRAMMING,20IT304 OPERATING SYSTEMS,20CB305 COMPUTER ORGANIZATION,20IT306 TECHNICAL ENGLISH,20ITL301/SO01 LINUX ESSENTIALS LAB,20ITL302 DATA STRUCTURES LAB,20ITL303 OBJECT ORIENTED PROGRAMMING LAB
y20ait433,GAVINI DINESH KUMAR,GAVINI THIRUPATHAIAH,464,109,5.12,110,30,65,41,52,40,55,70,42,69,3.0,3.0,3.0,3.0,3.0,3.0,3.5,1.5,1.5,119,65,111,87,123,108,104,108,90,20IT301 MICRO PROCESSOR & MICRO CONTROLLER,20IT302 DATA STRUCTURES,20IT303 OBJECT ORIENTED PROGRAMMING,20IT304 OPERATING SYSTEMS,20CB305 COMPUTER ORGANIZATION,20IT306 TECHNICAL ENGLISH,20ITL301/SO01 LINUX ESSENTIALS LAB,20ITL302 DATA STRUCTURES LAB,20ITL303 OBJECT ORIENTED PROGRAMMING LAB
y20ait434,GOLLAPUDI VASISTA MAHARSHI,VENKATASATYA PRABHAKAR RAO,536,83,6.73,76,60,60,57,54,69,52,84,40,60,3.0,3.0,3.0,3.0,3.0,3.0,3.5,1.5,1.5,83,73,74,82,54,118,60,118,110,20IT301 MICRO PROCESSOR & MICRO CONTROLLER,20IT302 DATA STRUCTURES,20IT303 OBJECT ORIENTED PROGRAMMING,20IT304 OPERATING SYSTEMS,20CB305 COMPUTER ORGANIZATION,20IT306 TECHNICAL ENGLISH,20ITL301/SO01 LINUX ESSENTIALS LAB,20ITL302 DATA STRUCTURES LAB,20ITL303 OBJECT ORIENTED PROGRAMMING LAB
y20ait435,GUDDETI SAI PAVAN,GUDDETI SATYA NARAYANA,558,76,6.65,78,64,56,61,50,59,58,71,47,92,3.0,3.0,3.0,3.0,3.0,3.0,3.5,1.5,1.5,77,79,64,93,74,100,101,89,21,20IT301 MICRO PROCESSOR & MICRO CONTROLLER,20IT302 DATA STRUCTURES,20IT303 OBJECT ORIENTED PROGRAMMING,20IT304 OPERATING SYSTEMS,20CB305 COMPUTER ORGANIZATION,20IT306 TECHNICAL ENGLISH,20ITL301/SO01 LINUX ESSENTIALS LAB,20ITL302 DATA STRUCTURES LAB,20ITL303 OBJECT ORIENTED PROGRAMMING LAB
y20ait437,GURRAM JAHNAVI,GURRAM PHANINDRA KUMAR,340,123,3.39,123,42,43,22,47,0,51,43,40,52,3.0,3.0,3.0,3.0,3.0,3.0,3.5,1.5,1.5,112,112,121,101,133,121,122,116,118,20IT301 MICRO PROCESSOR & MICRO CONTROLLER,20IT302 DATA STRUCTURES,20IT303 OBJECT ORIENTED PROGRAMMING,20IT304 OPERATING SYSTEMS,20CB305 COMPUTER ORGANIZATION,20IT306 TECHNICAL ENGLISH,20ITL301/SO01 LINUX ESSENTIALS LAB,20ITL302 DATA STRUCTURES LAB,20ITL303 OBJECT ORIENTED PROGRAMMING LAB
y20ait438,GURRAM SANGHAVI,GURRAM SAMBA SIVA RAO,663,47,7.67,53,79,85,59,73,77,68,68,72,82,3.0,3.0,3.0,3.0,3.0,3.0,3.5,1.5,1.5,35,15,69,35,26,45,111,41,53,20IT301 MICRO PROCESSOR & MICRO CONTROLLER,20IT302 DATA STRUCTURES,20IT303 OBJECT ORIENTED PROGRAMMING,20IT304 OPERATING SYSTEMS,20CB305 COMPUTER ORGANIZATION,20IT306 TECHNICAL ENGLISH,20ITL301/SO01 LINUX ESSENTIALS LAB,20ITL302 DATA STRUCTURES LAB,20ITL303 OBJECT ORIENTED PROGRAMMING LAB
y20ait440,IMMADISETTY VASANTHA LAKSHMI,IMMADISETTY VENKATA SUBBA RAO,545,81,6.39,84,68,70,40,56,69,56,69,47,70,3.0,3.0,3.0,3.0,3.0,3.0,3.5,1.5,1.5,70,58,119,79,49,104,109,88,85,20IT301 MICRO PROCESSOR & MICRO CONTROLLER,20IT302 DATA STRUCTURES,20IT303 OBJECT ORIENTED PROGRAMMING,20IT304 OPERATING SYSTEMS,20CB305 COMPUTER ORGANIZATION,20IT306 TECHNICAL ENGLISH,20ITL301/SO01 LINUX ESSENTIALS LAB,20ITL302 DATA STRUCTURES LAB,20ITL303 OBJECT ORIENTED PROGRAMMING LAB
y20ait441,JONNAKUTI BALAJI,JONNAKUTI BUJJI BABU,141,130,0.73,130,0,0,0,0,40,20,18,15,48,3.0,3.0,3.0,3.0,3.0,3.0,3.5,1.5,1.5,130,130,132,126,125,133,127,129,121,20IT301 MICRO PROCESSOR & MICRO CONTROLLER,20IT302 DATA STRUCTURES,20IT303 OBJECT ORIENTED PROGRAMMING,20IT304 OPERATING SYSTEMS,20CB305 COMPUTER ORGANIZATION,20IT306 TECHNICAL ENGLISH,20ITL301/SO01 LINUX ESSENTIALS LAB,20ITL302 DATA STRUCTURES LAB,20ITL303 OBJECT ORIENTED PROGRAMMING LAB
y20ait442,JONNALAGADDA SANDHYA,JONNALAGADDA RAVI KUMAR,407,117,4.49,117,40,45,0,44,41,62,65,46,64,3.0,3.0,3.0,3.0,3.0,3.0,3.5,1.5,1.5,116,109,131,109,119,80,116,90,103,20IT301 MICRO PROCESSOR & MICRO CONTROLLER,20IT302 DATA STRUCTURES,20IT303 OBJECT ORIENTED PROGRAMMING,20IT304 OPERATING SYSTEMS,20CB305 COMPUTER ORGANIZATION,20IT306 TECHNICAL ENGLISH,20ITL301/SO01 LINUX ESSENTIALS LAB,20ITL302 DATA STRUCTURES LAB,20ITL303 OBJECT ORIENTED PROGRAMMING LAB
y20ait443,JONNALAGADDA VASUNDHARA,SRINIVASA RAO,658,49,7.78,50,68,88,63,67,73,69,86,54,90,3.0,3.0,3.0,3.0,3.0,3.0,3.5,1.5,1.5,68,9,62,56,41,43,52,73,28,20IT301 MICRO PROCESSOR & MICRO CONTROLLER,20IT302 DATA STRUCTURES,20IT303 OBJECT ORIENTED PROGRAMMING,20IT304 OPERATING SYSTEMS,20CB305 COMPUTER ORGANIZATION,20IT306 TECHNICAL ENGLISH,20ITL301/SO01 LINUX ESSENTIALS LAB,20ITL302 DATA STRUCTURES LAB,20ITL303 OBJECT ORIENTED PROGRAMMING LAB
y20ait444,KAKARLA MEGHANA,KAKARLA SRI HARI SATYANARAYANA,758,12,8.96,10,81,89,80,75,83,75,94,92,89,3.0,3.0,3.0,3.0,3.0,3.0,3.5,1.5,1.5,27,7,17,27,9,8,19,16,34,20IT301 MICRO PROCESSOR & MICRO CONTROLLER,20IT302 DATA STRUCTURES,20IT303 OBJECT ORIENTED PROGRAMMING,20IT304 OPERATING SYSTEMS,20CB305 COMPUTER ORGANIZATION,20IT306 TECHNICAL ENGLISH,20ITL301/SO01 LINUX ESSENTIALS LAB,20ITL302 DATA STRUCTURES LAB,20ITL303 OBJECT ORIENTED PROGRAMMING LAB
y20ait445,KAKI VENKATABHANUPRAKASH,KAKI SRINIVASARAO,592,67,7.24,65,74,80,55,60,63,70,63,49,78,3.0,3.0,3.0,3.0,3.0,3.0,3.5,1.5,1.5,50,33,77,74,64,36,117,86,62,20IT301 MICRO PROCESSOR & MICRO CONTROLLER,20IT302 DATA STRUCTURES,20IT303 OBJECT ORIENTED PROGRAMMING,20IT304 OPERATING SYSTEMS,20CB305 COMPUTER ORGANIZATION,20IT306 TECHNICAL ENGLISH,20ITL301/SO01 LINUX ESSENTIALS LAB,20ITL302 DATA STRUCTURES LAB,20ITL303 OBJECT ORIENTED PROGRAMMING LAB
y20ait446,KAMPASATI MOHANA SAI CHANDU,KAMPASATI RAM KRISHNA,486,102,5.76,98,52,40,60,45,62,59,57,40,71,3.0,3.0,3.0,3.0,3.0,3.0,3.5,1.5,1.5,95,115,66,106,67,93,119,112,78,20IT301 MICRO PROCESSOR & MICRO CONTROLLER,20IT302 DATA STRUCTURES,20IT303 OBJECT ORIENTED PROGRAMMING,20IT304 OPERATING SYSTEMS,20CB305 COMPUTER ORGANIZATION,20IT306 TECHNICAL ENGLISH,20ITL301/SO01 LINUX ESSENTIALS LAB,20ITL302 DATA STRUCTURES LAB,20ITL303 OBJECT ORIENTED PROGRAMMING LAB
y20ait447,KANAKAPUDI KARTHIK,KANAKAPUDI RAVI,589,69,7.12,68,69,73,51,66,65,71,62,55,77,3.0,3.0,3.0,3.0,3.0,3.0,3.5,1.5,1.5,64,51,89,57,62,26,118,68,67,20IT301 MICRO PROCESSOR & MICRO CONTROLLER,20IT302 DATA STRUCTURES,20IT303 OBJECT ORIENTED PROGRAMMING,20IT304 OPERATING SYSTEMS,20CB305 COMPUTER ORGANIZATION,20IT306 TECHNICAL ENGLISH,20ITL301/SO01 LINUX ESSENTIALS LAB,20ITL302 DATA STRUCTURES LAB,20ITL303 OBJECT ORIENTED PROGRAMMING LAB
y20ait448,KANCHETI TRIVENI,KANCHETI KOTESWARARAO,764,8,8.9,12,88,85,73,85,81,69,90,97,96,3.0,3.0,3.0,3.0,3.0,3.0,3.5,1.5,1.5,11,17,38,8,18,44,33,6,9,20IT301 MICRO PROCESSOR & MICRO CONTROLLER,20IT302 DATA STRUCTURES,20IT303 OBJECT ORIENTED PROGRAMMING,20IT304 OPERATING SYSTEMS,20CB305 COMPUTER ORGANIZATION,20IT306 TECHNICAL ENGLISH,20ITL301/SO01 LINUX ESSENTIALS LAB,20ITL302 DATA STRUCTURES LAB,20ITL303 OBJECT ORIENTED PROGRAMMING LAB
y20ait449,KANTAMNENI MEGHANA,KANTAMNENI KOTESWA RAO,775,5,9.27,2,95,89,80,81,80,74,90,92,94,3.0,3.0,3.0,3.0,3.0,3.0,3.5,1.5,1.5,1,5,18,19,20,12,38,17,18,20IT301 MICRO PROCESSOR & MICRO CONTROLLER,20IT302 DATA STRUCTURES,20IT303 OBJECT ORIENTED PROGRAMMING,20IT304 OPERATING SYSTEMS,20CB305 COMPUTER ORGANIZATION,20IT306 TECHNICAL ENGLISH,20ITL301/SO01 LINUX ESSENTIALS LAB,20ITL302 DATA STRUCTURES LAB,20ITL303 OBJECT ORIENTED PROGRAMMING LAB
y20ait450,KARINI PRADEEP,K MALLIKARJUNA RAO,676,39,8.04,40,73,75,52,73,79,72,98,66,88,3.0,3.0,3.0,3.0,3.0,3.0,3.5,1.5,1.5,53,50,85,34,22,22,5,51,40,20IT301 MICRO PROCESSOR & MICRO CONTROLLER,20IT302 DATA STRUCTURES,20IT303 OBJECT ORIENTED PROGRAMMING,20IT304 OPERATING SYSTEMS,20CB305 COMPUTER ORGANIZATION,20IT306 TECHNICAL ENGLISH,20ITL301/SO01 LINUX ESSENTIALS LAB,20ITL302 DATA STRUCTURES LAB,20ITL303 OBJECT ORIENTED PROGRAMMING LAB
y20ait451,KARRA SHANMUKH,KARRA RAM BABU,504,96,5.67,100,47,52,46,44,58,55,76,52,74,3.0,3.0,3.0,3.0,3.0,3.0,3.5,1.5,1.5,103,90,105,108,77,107,82,80,74,20IT301 MICRO PROCESSOR & MICRO CONTROLLER,20IT302 DATA STRUCTURES,20IT303 OBJECT ORIENTED PROGRAMMING,20IT304 OPERATING SYSTEMS,20CB305 COMPUTER ORGANIZATION,20IT306 TECHNICAL ENGLISH,20ITL301/SO01 LINUX ESSENTIALS LAB,20ITL302 DATA STRUCTURES LAB,20ITL303 OBJECT ORIENTED PROGRAMMING LAB
y20ait452,KAVALA SATHVIKA,KAVALA YESURATNAM,567,74,6.84,73,65,70,71,47,54,61,77,53,69,3.0,3.0,3.0,3.0,3.0,3.0,3.5,1.5,1.5,74,59,42,102,88,84,80,76,86,20IT301 MICRO PROCESSOR & MICRO CONTROLLER,20IT302 DATA STRUCTURES,20IT303 OBJECT ORIENTED PROGRAMMING,20IT304 OPERATING SYSTEMS,20CB305 COMPUTER ORGANIZATION,20IT306 TECHNICAL ENGLISH,20ITL301/SO01 LINUX ESSENTIALS LAB,20ITL302 DATA STRUCTURES LAB,20ITL303 OBJECT ORIENTED PROGRAMMING LAB
y20ait453,KOMMINENI BHARGAVA RAMA CHOWDARY,KOMMINENI RAGHU BABU,735,23,8.47,29,75,77,79,69,81,72,99,87,96,3.0,3.0,3.0,3.0,3.0,3.0,3.5,1.5,1.5,48,39,21,50,14,23,3,27,8,20IT301 MICRO PROCESSOR & MICRO CONTROLLER,20IT302 DATA STRUCTURES,20IT303 OBJECT ORIENTED PROGRAMMING,20IT304 OPERATING SYSTEMS,20CB305 COMPUTER ORGANIZATION,20IT306 TECHNICAL ENGLISH,20ITL301/SO01 LINUX ESSENTIALS LAB,20ITL302 DATA STRUCTURES LAB,20ITL303 OBJECT ORIENTED PROGRAMMING LAB
y20ait454,KOMMINENI LIKHITH SAI,KOMMINENI ANIL CHOWDARY,176,127,0.73,129,0,24,15,19,15,45,0,15,43,3.0,3.0,3.0,3.0,3.0,3.0,3.5,1.5,1.5,128,123,126,119,127,126,133,130,127,20IT301 MICRO PROCESSOR & MICRO CONTROLLER,20IT302 DATA STRUCTURES,20IT303 OBJECT ORIENTED PROGRAMMING,20IT304 OPERATING SYSTEMS,20CB305 COMPUTER ORGANIZATION,20IT306 TECHNICAL ENGLISH,20ITL301/SO01 LINUX ESSENTIALS LAB,20ITL302 DATA STRUCTURES LAB,20ITL303 OBJECT ORIENTED PROGRAMMING LAB
y20ait455,KOMMURU ASHOK,KOMMURU VENKATESWARARAO,606,65,7.37,62,73,63,73,65,75,60,68,51,78,3.0,3.0,3.0,3.0,3.0,3.0,3.5,1.5,1.5,55,68,37,60,35,88,112,83,61,20IT301 MICRO PROCESSOR & MICRO CONTROLLER,20IT302 DATA STRUCTURES,20IT303 OBJECT ORIENTED PROGRAMMING,20IT304 OPERATING SYSTEMS,20CB305 COMPUTER ORGANIZATION,20IT306 TECHNICAL ENGLISH,20ITL301/SO01 LINUX ESSENTIALS LAB,20ITL302 DATA STRUCTURES LAB,20ITL303 OBJECT ORIENTED PROGRAMMING LAB
y20ait456,KONAKALA SAI TEJA,KONAKALA SRINIVASA RAO,434,113,4.63,115,22,15,63,51,47,54,75,44,63,3.0,3.0,3.0,3.0,3.0,3.0,3.5,1.5,1.5,121,127,61,92,104,111,85,99,105,20IT301 MICRO PROCESSOR & MICRO CONTROLLER,20IT302 DATA STRUCTURES,20IT303 OBJECT ORIENTED PROGRAMMING,20IT304 OPERATING SYSTEMS,20CB305 COMPUTER ORGANIZATION,20IT306 TECHNICAL ENGLISH,20ITL301/SO01 LINUX ESSENTIALS LAB,20ITL302 DATA STRUCTURES LAB,20ITL303 OBJECT ORIENTED PROGRAMMING LAB
y20ait457,KOPPARAPU AKSHITHA,PRASAD,752,13,8.76,21,75,88,90,83,75,68,86,92,95,3.0,3.0,3.0,3.0,3.0,3.0,3.5,1.5,1.5,46,8,3,12,33,46,50,15,12,20IT301 MICRO PROCESSOR & MICRO CONTROLLER,20IT302 DATA STRUCTURES,20IT303 OBJECT ORIENTED PROGRAMMING,20IT304 OPERATING SYSTEMS,20CB305 COMPUTER ORGANIZATION,20IT306 TECHNICAL ENGLISH,20ITL301/SO01 LINUX ESSENTIALS LAB,20ITL302 DATA STRUCTURES LAB,20ITL303 OBJECT ORIENTED PROGRAMMING LAB
y20ait458,KORIVI SUDEEP CHAND,KORIVI VEERAIAH,523,88,6.22,88,52,54,73,44,58,53,78,43,68,3.0,3.0,3.0,3.0,3.0,3.0,3.5,1.5,1.5,94,86,36,110,76,113,76,104,92,20IT301 MICRO PROCESSOR & MICRO CONTROLLER,20IT302 DATA STRUCTURES,20IT303 OBJECT ORIENTED PROGRAMMING,20IT304 OPERATING SYSTEMS,20CB305 COMPUTER ORGANIZATION,20IT306 TECHNICAL ENGLISH,20ITL301/SO01 LINUX ESSENTIALS LAB,20ITL302 DATA STRUCTURES LAB,20ITL303 OBJECT ORIENTED PROGRAMMING LAB
y20ait459,KOYA VENKATA SIVA SAI DURGA PRASAD,KOYA RAGHU NADHA RAO,766,7,8.9,13,92,82,83,69,84,66,98,96,96,3.0,3.0,3.0,3.0,3.0,3.0,3.5,1.5,1.5,4,25,11,49,5,58,6,7,10,20IT301 MICRO PROCESSOR & MICRO CONTROLLER,20IT302 DATA STRUCTURES,20IT303 OBJECT ORIENTED PROGRAMMING,20IT304 OPERATING SYSTEMS,20CB305 COMPUTER ORGANIZATION,20IT306 TECHNICAL ENGLISH,20ITL301/SO01 LINUX ESSENTIALS LAB,20ITL302 DATA STRUCTURES LAB,20ITL303 OBJECT ORIENTED PROGRAMMING LAB
y20ait460,KUNDETI MOUNIKA,KUNDETI MALLIKARJUNA,744,21,8.82,18,90,83,86,74,89,71,87,79,85,3.0,3.0,3.0,3.0,3.0,3.0,3.5,1.5,1.5,6,22,9,32,2,30,47,32,46,20IT301 MICRO PROCESSOR & MICRO CONTROLLER,20IT302 DATA STRUCTURES,20IT303 OBJECT ORIENTED PROGRAMMING,20IT304 OPERATING SYSTEMS,20CB305 COMPUTER ORGANIZATION,20IT306 TECHNICAL ENGLISH,20ITL301/SO01 LINUX ESSENTIALS LAB,20ITL302 DATA STRUCTURES LAB,20ITL303 OBJECT ORIENTED PROGRAMMING LAB
y20ait461,KUPPALA RAM SAI SRINIVAS,KUPPALA VENKATA SAMBA SIVA RAO,155,128,0.98,128,0,15,16,0,40,44,16,0,24,3.0,3.0,3.0,3.0,3.0,3.0,3.5,1.5,1.5,129,125,124,131,124,128,128,133,130,20IT301 MICRO PROCESSOR & MICRO CONTROLLER,20IT302 DATA STRUCTURES,20IT303 OBJECT ORIENTED PROGRAMMING,20IT304 OPERATING SYSTEMS,20CB305 COMPUTER ORGANIZATION,20IT306 TECHNICAL ENGLISH,20ITL301/SO01 LINUX ESSENTIALS LAB,20ITL302 DATA STRUCTURES LAB,20ITL303 OBJECT ORIENTED PROGRAMMING LAB
y20ait462,LEEMOJI REDDY APPALA,SRINIVASULA REDDY APPALA,745,20,8.84,15,82,82,83,73,81,65,96,94,89,3.0,3.0,3.0,3.0,3.0,3.0,3.5,1.5,1.5,26,24,12,33,15,59,13,9,35,20IT301 MICRO PROCESSOR & MICRO CONTROLLER,20IT302 DATA STRUCTURES,20IT303 OBJECT ORIENTED PROGRAMMING,20IT304 OPERATING SYSTEMS,20CB305 COMPUTER ORGANIZATION,20IT306 TECHNICAL ENGLISH,20ITL301/SO01 LINUX ESSENTIALS LAB,20ITL302 DATA STRUCTURES LAB,20ITL303 OBJECT ORIENTED PROGRAMMING LAB
y20ait463,LELLA TANUJA,LELLA VITAL BABU,677,38,8.04,41,61,79,72,76,72,69,92,68,88,3.0,3.0,3.0,3.0,3.0,3.0,3.5,1.5,1.5,80,36,39,24,46,41,23,46,36,20IT301 MICRO PROCESSOR & MICRO CONTROLLER,20IT302 DATA STRUCTURES,20IT303 OBJECT ORIENTED PROGRAMMING,20IT304 OPERATING SYSTEMS,20CB305 COMPUTER ORGANIZATION,20IT306 TECHNICAL ENGLISH,20ITL301/SO01 LINUX ESSENTIALS LAB,20ITL302 DATA STRUCTURES LAB,20ITL303 OBJECT ORIENTED PROGRAMMING LAB
y20ait464,LOKIREDDY PAVITHRA,LOKIREDDY SRINIVASA REDDY,745,19,8.78,19,80,85,76,80,79,65,91,92,97,3.0,3.0,3.0,3.0,3.0,3.0,3.5,1.5,1.5,31,18,28,20,21,63,29,18,6,20IT301 MICRO PROCESSOR & MICRO CONTROLLER,20IT302 DATA STRUCTURES,20IT303 OBJECT ORIENTED PROGRAMMING,20IT304 OPERATING SYSTEMS,20CB305 COMPUTER ORGANIZATION,20IT306 TECHNICAL ENGLISH,20ITL301/SO01 LINUX ESSENTIALS LAB,20ITL302 DATA STRUCTURES LAB,20ITL303 OBJECT ORIENTED PROGRAMMING LAB
y20ait465,MANDAPALLI SAMBA SIVA RAO,MANDAPALLI BUJJI BABU,615,61,7.45,60,66,72,77,71,61,56,77,53,82,3.0,3.0,3.0,3.0,3.0,3.0,3.5,1.5,1.5,72,54,25,42,69,103,77,78,55,20IT301 MICRO PROCESSOR & MICRO CONTROLLER,20IT302 DATA STRUCTURES,20IT303 OBJECT ORIENTED PROGRAMMING,20IT304 OPERATING SYSTEMS,20CB305 COMPUTER ORGANIZATION,20IT306 TECHNICAL ENGLISH,20ITL301/SO01 LINUX ESSENTIALS LAB,20ITL302 DATA STRUCTURES LAB,20ITL303 OBJECT ORIENTED PROGRAMMING LAB
y20ait466,MANDE SNEHA,MANDE VEERAIAH,636,53,7.67,52,71,61,69,63,72,58,92,66,84,3.0,3.0,3.0,3.0,3.0,3.0,3.5,1.5,1.5,60,71,47,68,43,96,22,53,50,20IT301 MICRO PROCESSOR & MICRO CONTROLLER,20IT302 DATA STRUCTURES,20IT303 OBJECT ORIENTED PROGRAMMING,20IT304 OPERATING SYSTEMS,20CB305 COMPUTER ORGANIZATION,20IT306 TECHNICAL ENGLISH,20ITL301/SO01 LINUX ESSENTIALS LAB,20ITL302 DATA STRUCTURES LAB,20ITL303 OBJECT ORIENTED PROGRAMMING LAB
y20ait467,MARELLA PUJITHA,MARELLA SRINIVASA RAO,775,4,9.14,5,87,85,86,85,82,73,91,92,94,3.0,3.0,3.0,3.0,3.0,3.0,3.5,1.5,1.5,12,14,8,9,10,19,31,19,19,20IT301 MICRO PROCESSOR & MICRO CONTROLLER,20IT302 DATA STRUCTURES,20IT303 OBJECT ORIENTED PROGRAMMING,20IT304 OPERATING SYSTEMS,20CB305 COMPUTER ORGANIZATION,20IT306 TECHNICAL ENGLISH,20ITL301/SO01 LINUX ESSENTIALS LAB,20ITL302 DATA STRUCTURES LAB,20ITL303 OBJECT ORIENTED PROGRAMMING LAB
y20ait468,MERIGALA MANOJ KUMAR,MERIGALA CHINNA RAO,550,80,6.53,80,51,47,71,63,69,58,71,43,77,3.0,3.0,3.0,3.0,3.0,3.0,3.5,1.5,1.5,98,100,44,64,51,97,99,102,65,20IT301 MICRO PROCESSOR & MICRO CONTROLLER,20IT302 DATA STRUCTURES,20IT303 OBJECT ORIENTED PROGRAMMING,20IT304 OPERATING SYSTEMS,20CB305 COMPUTER ORGANIZATION,20IT306 TECHNICAL ENGLISH,20ITL301/SO01 LINUX ESSENTIALS LAB,20ITL302 DATA STRUCTURES LAB,20ITL303 OBJECT ORIENTED PROGRAMMING LAB
y20ait469,MIKKILI SUNNY,MIKKILI KOTESRWARARAO,436,112,4.86,112,40,40,51,16,51,57,69,43,69,3.0,3.0,3.0,3.0,3.0,3.0,3.5,1.5,1.5,114,116,88,122,97,102,108,105,89,20IT301 MICRO PROCESSOR & MICRO CONTROLLER,20IT302 DATA STRUCTURES,20IT303 OBJECT ORIENTED PROGRAMMING,20IT304 OPERATING SYSTEMS,20CB305 COMPUTER ORGANIZATION,20IT306 TECHNICAL ENGLISH,20ITL301/SO01 LINUX ESSENTIALS LAB,20ITL302 DATA STRUCTURES LAB,20ITL303 OBJECT ORIENTED PROGRAMMING LAB
y20ait470,MULE VENKATA SIREESHA,MULE SRINIVASULU REDDY,728,27,8.84,16,89,84,80,85,70,70,90,68,92,3.0,3.0,3.0,3.0,3.0,3.0,3.5,1.5,1.5,7,20,20,7,48,34,34,45,24,20IT301 MICRO PROCESSOR & MICRO CONTROLLER,20IT302 DATA STRUCTURES,20IT303 OBJECT ORIENTED PROGRAMMING,20IT304 OPERATING SYSTEMS,20CB305 COMPUTER ORGANIZATION,20IT306 TECHNICAL ENGLISH,20ITL301/SO01 LINUX ESSENTIALS LAB,20ITL302 DATA STRUCTURES LAB,20ITL303 OBJECT ORIENTED PROGRAMMING LAB
y20ait471,MUPPALLA SHAHIL KHAN,MUPPALA MAHABOOB KHAN,489,100,5.53,102,56,59,68,47,47,55,69,40,48,3.0,3.0,3.0,3.0,3.0,3.0,3.5,1.5,1.5,90,75,49,100,103,106,106,111,123,20IT301 MICRO PROCESSOR & MICRO CONTROLLER,20IT302 DATA STRUCTURES,20IT303 OBJECT ORIENTED PROGRAMMING,20IT304 OPERATING SYSTEMS,20CB305 COMPUTER ORGANIZATION,20IT306 TECHNICAL ENGLISH,20ITL301/SO01 LINUX ESSENTIALS LAB,20ITL302 DATA STRUCTURES LAB,20ITL303 OBJECT ORIENTED PROGRAMMING LAB
y20ait472,MURUKURTHI LAXMI NARENDRA,MURUKURTHI ESWARA RAO,520,91,6.1,91,57,45,71,44,56,54,74,53,66,3.0,3.0,3.0,3.0,3.0,3.0,3.5,1.5,1.5,89,108,43,111,83,112,91,75,99,20IT301 MICRO PROCESSOR & MICRO CONTROLLER,20IT302 DATA STRUCTURES,20IT303 OBJECT ORIENTED PROGRAMMING,20IT304 OPERATING SYSTEMS,20CB305 COMPUTER ORGANIZATION,20IT306 TECHNICAL ENGLISH,20ITL301/SO01 LINUX ESSENTIALS LAB,20ITL302 DATA STRUCTURES LAB,20ITL303 OBJECT ORIENTED PROGRAMMING LAB
y20ait473,MUVVALA S.V KATYAYANI,MUVVALA UDAY KUMAR,152,129,0.73,131,18,0,19,0,15,52,16,16,16,3.0,3.0,3.0,3.0,3.0,3.0,3.5,1.5,1.5,122,129,122,132,126,116,129,128,132,20IT301 MICRO PROCESSOR & MICRO CONTROLLER,20IT302 DATA STRUCTURES,20IT303 OBJECT ORIENTED PROGRAMMING,20IT304 OPERATING SYSTEMS,20CB305 COMPUTER ORGANIZATION,20IT306 TECHNICAL ENGLISH,20ITL301/SO01 LINUX ESSENTIALS LAB,20ITL302 DATA STRUCTURES LAB,20ITL303 OBJECT ORIENTED PROGRAMMING LAB
y20ait474,NANNAPANENI PRANATHI,NANNAPANENI SRINIVASA RAO,506,95,6.1,90,50,47,53,57,52,63,75,44,65,3.0,3.0,3.0,3.0,3.0,3.0,3.5,1.5,1.5,99,101,81,78,93,72,87,96,100,20IT301 MICRO PROCESSOR & MICRO CONTROLLER,20IT302 DATA STRUCTURES,20IT303 OBJECT ORIENTED PROGRAMMING,20IT304 OPERATING SYSTEMS,20CB305 COMPUTER ORGANIZATION,20IT306 TECHNICAL ENGLISH,20ITL301/SO01 LINUX ESSENTIALS LAB,20ITL302 DATA STRUCTURES LAB,20ITL303 OBJECT ORIENTED PROGRAMMING LAB
y20ait475,NARNE AKASH,NARNE HARIBABU,565,75,6.53,79,57,47,63,63,58,57,70,73,77,3.0,3.0,3.0,3.0,3.0,3.0,3.5,1.5,1.5,88,102,59,71,79,101,105,39,68,20IT301 MICRO PROCESSOR & MICRO CONTROLLER,20IT302 DATA STRUCTURES,20IT303 OBJECT ORIENTED PROGRAMMING,20IT304 OPERATING SYSTEMS,20CB305 COMPUTER ORGANIZATION,20IT306 TECHNICAL ENGLISH,20ITL301/SO01 LINUX ESSENTIALS LAB,20ITL302 DATA STRUCTURES LAB,20ITL303 OBJECT ORIENTED PROGRAMMING LAB
y20ait477,PADALA VENKATA SAI BALAJI,PADALA VENKATA SRINIVASA RAO,746,18,8.69,23,83,84,79,81,78,72,89,86,94,3.0,3.0,3.0,3.0,3.0,3.0,3.5,1.5,1.5,18,19,22,18,23,21,40,28,17,20IT301 MICRO PROCESSOR & MICRO CONTROLLER,20IT302 DATA STRUCTURES,20IT303 OBJECT ORIENTED PROGRAMMING,20IT304 OPERATING SYSTEMS,20CB305 COMPUTER ORGANIZATION,20IT306 TECHNICAL ENGLISH,20ITL301/SO01 LINUX ESSENTIALS LAB,20ITL302 DATA STRUCTURES LAB,20ITL303 OBJECT ORIENTED PROGRAMMING LAB
y20ait478,PALERU THRIVENI,PALERU SRINIVASARAO,348,121,3.45,122,0,15,63,18,41,41,68,48,54,3.0,3.0,3.0,3.0,3.0,3.0,3.5,1.5,1.5,125,126,60,120,120,131,113,87,116,20IT301 MICRO PROCESSOR & MICRO CONTROLLER,20IT302 DATA STRUCTURES,20IT303 OBJECT ORIENTED PROGRAMMING,20IT304 OPERATING SYSTEMS,20CB305 COMPUTER ORGANIZATION,20IT306 TECHNICAL ENGLISH,20ITL301/SO01 LINUX ESSENTIALS LAB,20ITL302 DATA STRUCTURES LAB,20ITL303 OBJECT ORIENTED PROGRAMMING LAB
y20ait479,PALERU YASWANTH,PALERU HARI KRISHNA,65,134,0.73,132,0,0,0,0,0,50,15,0,0,3.0,3.0,3.0,3.0,3.0,3.0,3.5,1.5,1.5,134,134,134,134,134,123,130,134,134,20IT301 MICRO PROCESSOR & MICRO CONTROLLER,20IT302 DATA STRUCTURES,20IT303 OBJECT ORIENTED PROGRAMMING,20IT304 OPERATING SYSTEMS,20CB305 COMPUTER ORGANIZATION,20IT306 TECHNICAL ENGLISH,20ITL301/SO01 LINUX ESSENTIALS LAB,20ITL302 DATA STRUCTURES LAB,20ITL303 OBJECT ORIENTED PROGRAMMING LAB
y20ait480,PANDI PRAVEEN,PANDI RAVI,722,28,8.57,25,82,77,82,69,81,71,82,88,90,3.0,3.0,3.0,3.0,3.0,3.0,3.5,1.5,1.5,24,37,15,52,16,27,64,23,31,20IT301 MICRO PROCESSOR & MICRO CONTROLLER,20IT302 DATA STRUCTURES,20IT303 OBJECT ORIENTED PROGRAMMING,20IT304 OPERATING SYSTEMS,20CB305 COMPUTER ORGANIZATION,20IT306 TECHNICAL ENGLISH,20ITL301/SO01 LINUX ESSENTIALS LAB,20ITL302 DATA STRUCTURES LAB,20ITL303 OBJECT ORIENTED PROGRAMMING LAB
y20ait481,PARUCHURI SUPRAJA,PARUCHURI SRINU,749,16,8.9,11,85,85,88,81,72,72,93,87,86,3.0,3.0,3.0,3.0,3.0,3.0,3.5,1.5,1.5,15,16,5,17,45,25,21,26,45,20IT301 MICRO PROCESSOR & MICRO CONTROLLER,20IT302 DATA STRUCTURES,20IT303 OBJECT ORIENTED PROGRAMMING,20IT304 OPERATING SYSTEMS,20CB305 COMPUTER ORGANIZATION,20IT306 TECHNICAL ENGLISH,20ITL301/SO01 LINUX ESSENTIALS LAB,20ITL302 DATA STRUCTURES LAB,20ITL303 OBJECT ORIENTED PROGRAMMING LAB
y20ait482,PASAM SURYA VAMSI,PASAM SRINIVASA RAO,716,30,8.47,30,73,87,75,73,77,74,91,78,88,3.0,3.0,3.0,3.0,3.0,3.0,3.5,1.5,1.5,56,12,30,40,24,13,32,33,37,20IT301 MICRO PROCESSOR & MICRO CONTROLLER,20IT302 DATA STRUCTURES,20IT303 OBJECT ORIENTED PROGRAMMING,20IT304 OPERATING SYSTEMS,20CB305 COMPUTER ORGANIZATION,20IT306 TECHNICAL ENGLISH,20ITL301/SO01 LINUX ESSENTIALS LAB,20ITL302 DATA STRUCTURES LAB,20ITL303 OBJECT ORIENTED PROGRAMMING LAB
y20ait483,PATAPANTHULA NAVEEN,PATAPANTHULA PEDDA SAMBA SIVA RAO,358,120,3.63,118,43,40,27,0,51,55,43,41,58,3.0,3.0,3.0,3.0,3.0,3.0,3.5,1.5,1.5,109,118,120,133,96,109,123,109,112,20IT301 MICRO PROCESSOR & MICRO CONTROLLER,20IT302 DATA STRUCTURES,20IT303 OBJECT ORIENTED PROGRAMMING,20IT304 OPERATING SYSTEMS,20CB305 COMPUTER ORGANIZATION,20IT306 TECHNICAL ENGLISH,20ITL301/SO01 LINUX ESSENTIALS LAB,20ITL302 DATA STRUCTURES LAB,20ITL303 OBJECT ORIENTED PROGRAMMING LAB
y20ait484,PEETHA BALAJI,PEETHA ANJANEYULU,675,40,8.06,39,81,77,84,73,69,78,71,54,88,3.0,3.0,3.0,3.0,3.0,3.0,3.5,1.5,1.5,28,40,10,37,52,3,102,72,38,20IT301 MICRO PROCESSOR & MICRO CONTROLLER,20IT302 DATA STRUCTURES,20IT303 OBJECT ORIENTED PROGRAMMING,20IT304 OPERATING SYSTEMS,20CB305 COMPUTER ORGANIZATION,20IT306 TECHNICAL ENGLISH,20ITL301/SO01 LINUX ESSENTIALS LAB,20ITL302 DATA STRUCTURES LAB,20ITL303 OBJECT ORIENTED PROGRAMMING LAB
y20ait485,PERIKALA SRAVANTHI,PERIKALA gandhi,498,99,5.86,95,59,40,52,54,45,60,77,45,66,3.0,3.0,3.0,3.0,3.0,3.0,3.5,1.5,1.5,85,121,84,81,111,87,78,95,98,20IT301 MICRO PROCESSOR & MICRO CONTROLLER,20IT302 DATA STRUCTURES,20IT303 OBJECT ORIENTED PROGRAMMING,20IT304 OPERATING SYSTEMS,20CB305 COMPUTER ORGANIZATION,20IT306 TECHNICAL ENGLISH,20ITL301/SO01 LINUX ESSENTIALS LAB,20ITL302 DATA STRUCTURES LAB,20ITL303 OBJECT ORIENTED PROGRAMMING LAB
y20ait486,PERUMALLA AKHIL,PERUMALLA KIRAN KUMAR,324,124,3.35,124,15,0,41,0,45,59,76,40,48,3.0,3.0,3.0,3.0,3.0,3.0,3.5,1.5,1.5,123,128,110,130,108,91,84,124,122,20IT301 MICRO PROCESSOR & MICRO CONTROLLER,20IT302 DATA STRUCTURES,20IT303 OBJECT ORIENTED PROGRAMMING,20IT304 OPERATING SYSTEMS,20CB305 COMPUTER ORGANIZATION,20IT306 TECHNICAL ENGLISH,20ITL301/SO01 LINUX ESSENTIALS LAB,20ITL302 DATA STRUCTURES LAB,20ITL303 OBJECT ORIENTED PROGRAMMING LAB
y20ait487,PINJALA SASIDHAR,PINJALA LAKSHMI NARAYANA,686,34,8.14,36,76,73,81,71,53,63,87,92,90,3.0,3.0,3.0,3.0,3.0,3.0,3.5,1.5,1.5,44,52,16,47,89,75,48,13,32,20IT301 MICRO PROCESSOR & MICRO CONTROLLER,20IT302 DATA STRUCTURES,20IT303 OBJECT ORIENTED PROGRAMMING,20IT304 OPERATING SYSTEMS,20CB305 COMPUTER ORGANIZATION,20IT306 TECHNICAL ENGLISH,20ITL301/SO01 LINUX ESSENTIALS LAB,20ITL302 DATA STRUCTURES LAB,20ITL303 OBJECT ORIENTED PROGRAMMING LAB
y20ait488,POLABATHINA SOUMYA,LAZARU,249,126,2.08,125,0,75,0,0,15,66,15,45,33,3.0,3.0,3.0,3.0,3.0,3.0,3.5,1.5,1.5,127,49,133,125,128,56,131,93,128,20IT301 MICRO PROCESSOR & MICRO CONTROLLER,20IT302 DATA STRUCTURES,20IT303 OBJECT ORIENTED PROGRAMMING,20IT304 OPERATING SYSTEMS,20CB305 COMPUTER ORGANIZATION,20IT306 TECHNICAL ENGLISH,20ITL301/SO01 LINUX ESSENTIALS LAB,20ITL302 DATA STRUCTURES LAB,20ITL303 OBJECT ORIENTED PROGRAMMING LAB
y20ait489,POLEBOINA BHAVANI KUMAR,POLEBOINA RAMAIAH,717,29,8.47,28,83,80,59,82,73,64,98,95,83,3.0,3.0,3.0,3.0,3.0,3.0,3.5,1.5,1.5,20,30,70,16,40,69,9,8,52,20IT301 MICRO PROCESSOR & MICRO CONTROLLER,20IT302 DATA STRUCTURES,20IT303 OBJECT ORIENTED PROGRAMMING,20IT304 OPERATING SYSTEMS,20CB305 COMPUTER ORGANIZATION,20IT306 TECHNICAL ENGLISH,20ITL301/SO01 LINUX ESSENTIALS LAB,20ITL302 DATA STRUCTURES LAB,20ITL303 OBJECT ORIENTED PROGRAMMING LAB
y20ait490,POTTURI SRIRAM,POTTURI NAGISETTY,679,37,7.84,49,82,67,69,79,58,64,88,82,90,3.0,3.0,3.0,3.0,3.0,3.0,3.5,1.5,1.5,21,63,48,21,80,65,42,30,30,20IT301 MICRO PROCESSOR & MICRO CONTROLLER,20IT302 DATA STRUCTURES,20IT303 OBJECT ORIENTED PROGRAMMING,20IT304 OPERATING SYSTEMS,20CB305 COMPUTER ORGANIZATION,20IT306 TECHNICAL ENGLISH,20ITL301/SO01 LINUX ESSENTIALS LAB,20ITL302 DATA STRUCTURES LAB,20ITL303 OBJECT ORIENTED PROGRAMMING LAB
y20ait491,PUPPALA LEELA SUBHASH,PUPPALA PRASANNA KUMAR,346,122,3.57,121,44,50,15,42,15,61,68,20,31,3.0,3.0,3.0,3.0,3.0,3.0,3.5,1.5,1.5,108,95,127,115,129,83,110,126,129,20IT301 MICRO PROCESSOR & MICRO CONTROLLER,20IT302 DATA STRUCTURES,20IT303 OBJECT ORIENTED PROGRAMMING,20IT304 OPERATING SYSTEMS,20CB305 COMPUTER ORGANIZATION,20IT306 TECHNICAL ENGLISH,20ITL301/SO01 LINUX ESSENTIALS LAB,20ITL302 DATA STRUCTURES LAB,20ITL303 OBJECT ORIENTED PROGRAMMING LAB
y20ait492,PURIMITLA BHASKAR,PURIMITLA VEERANARAYANA,661,48,8.2,34,82,80,60,84,60,71,81,57,86,3.0,3.0,3.0,3.0,3.0,3.0,3.5,1.5,1.5,22,29,68,11,70,28,65,60,44,20IT301 MICRO PROCESSOR & MICRO CONTROLLER,20IT302 DATA STRUCTURES,20IT303 OBJECT ORIENTED PROGRAMMING,20IT304 OPERATING SYSTEMS,20CB305 COMPUTER ORGANIZATION,20IT306 TECHNICAL ENGLISH,20ITL301/SO01 LINUX ESSENTIALS LAB,20ITL302 DATA STRUCTURES LAB,20ITL303 OBJECT ORIENTED PROGRAMMING LAB
y20ait493,RAMANADHAM VENKATESH,RAMANADHAM VEERAANJANEYULU,555,77,6.9,72,76,75,52,66,51,73,71,44,47,3.0,3.0,3.0,3.0,3.0,3.0,3.5,1.5,1.5,42,45,86,58,95,18,103,98,124,20IT301 MICRO PROCESSOR & MICRO CONTROLLER,20IT302 DATA STRUCTURES,20IT303 OBJECT ORIENTED PROGRAMMING,20IT304 OPERATING SYSTEMS,20CB305 COMPUTER ORGANIZATION,20IT306 TECHNICAL ENGLISH,20ITL301/SO01 LINUX ESSENTIALS LAB,20ITL302 DATA STRUCTURES LAB,20ITL303 OBJECT ORIENTED PROGRAMMING LAB
y20ait494,RAVURI MAHESH BABU,RAVURI HARI BABU,502,98,5.73,99,59,60,47,48,42,62,75,40,69,3.0,3.0,3.0,3.0,3.0,3.0,3.5,1.5,1.5,86,72,99,98,118,77,86,117,87,20IT301 MICRO PROCESSOR & MICRO CONTROLLER,20IT302 DATA STRUCTURES,20IT303 OBJECT ORIENTED PROGRAMMING,20IT304 OPERATING SYSTEMS,20CB305 COMPUTER ORGANIZATION,20IT306 TECHNICAL ENGLISH,20ITL301/SO01 LINUX ESSENTIALS LAB,20ITL302 DATA STRUCTURES LAB,20ITL303 OBJECT ORIENTED PROGRAMMING LAB
y20ait495,RAYANI JYOTHI,RAYANI YEDUKONDALU,583,71,6.8,74,61,59,48,74,57,61,88,66,69,3.0,3.0,3.0,3.0,3.0,3.0,3.5,1.5,1.5,81,76,98,31,81,82,43,50,91,20IT301 MICRO PROCESSOR & MICRO CONTROLLER,20IT302 DATA STRUCTURES,20IT303 OBJECT ORIENTED PROGRAMMING,20IT304 OPERATING SYSTEMS,20CB305 COMPUTER ORGANIZATION,20IT306 TECHNICAL ENGLISH,20ITL301/SO01 LINUX ESSENTIALS LAB,20ITL302 DATA STRUCTURES LAB,20ITL303 OBJECT ORIENTED PROGRAMMING LAB
y20ait496,SALAGALA TERESA,SALAGALA SHALAM RAJU,533,85,6.29,85,58,48,51,56,52,76,74,41,77,3.0,3.0,3.0,3.0,3.0,3.0,3.5,1.5,1.5,87,98,87,80,91,7,90,110,66,20IT301 MICRO PROCESSOR & MICRO CONTROLLER,20IT302 DATA STRUCTURES,20IT303 OBJECT ORIENTED PROGRAMMING,20IT304 OPERATING SYSTEMS,20CB305 COMPUTER ORGANIZATION,20IT306 TECHNICAL ENGLISH,20ITL301/SO01 LINUX ESSENTIALS LAB,20ITL302 DATA STRUCTURES LAB,20ITL303 OBJECT ORIENTED PROGRAMMING LAB
y20ait497,SANNAMURI SRI NAGA POOJITHA,SANNAMURI SIVA PRASAD,736,22,8.47,27,85,87,55,88,65,78,97,89,92,3.0,3.0,3.0,3.0,3.0,3.0,3.5,1.5,1.5,16,11,76,4,61,4,10,21,22,20IT301 MICRO PROCESSOR & MICRO CONTROLLER,20IT302 DATA STRUCTURES,20IT303 OBJECT ORIENTED PROGRAMMING,20IT304 OPERATING SYSTEMS,20CB305 COMPUTER ORGANIZATION,20IT306 TECHNICAL ENGLISH,20ITL301/SO01 LINUX ESSENTIALS LAB,20ITL302 DATA STRUCTURES LAB,20ITL303 OBJECT ORIENTED PROGRAMMING LAB
y20ait498,SANNAPUREDDY BALA KRISHNA REDDY,SANNAPUREDDY thimma reddy,763,9,9.02,8,93,82,75,90,64,70,98,94,97,3.0,3.0,3.0,3.0,3.0,3.0,3.5,1.5,1.5,3,26,29,2,63,33,8,12,4,20IT301 MICRO PROCESSOR & MICRO CONTROLLER,20IT302 DATA STRUCTURES,20IT303 OBJECT ORIENTED PROGRAMMING,20IT304 OPERATING SYSTEMS,20CB305 COMPUTER ORGANIZATION,20IT306 TECHNICAL ENGLISH,20ITL301/SO01 LINUX ESSENTIALS LAB,20ITL302 DATA STRUCTURES LAB,20ITL303 OBJECT ORIENTED PROGRAMMING LAB
y20ait499,SEELAM YASWANTH REDDY,VENKAT REDDY,796,2,9.14,4,94,95,74,89,72,76,100,98,98,3.0,3.0,3.0,3.0,3.0,3.0,3.5,1.5,1.5,2,1,35,3,44,6,2,4,2,20IT301 MICRO PROCESSOR & MICRO CONTROLLER,20IT302 DATA STRUCTURES,20IT303 OBJECT ORIENTED PROGRAMMING,20IT304 OPERATING SYSTEMS,20CB305 COMPUTER ORGANIZATION,20IT306 TECHNICAL ENGLISH,20ITL301/SO01 LINUX ESSENTIALS LAB,20ITL302 DATA STRUCTURES LAB,20ITL303 OBJECT ORIENTED PROGRAMMING LAB
y20ait500,SHAIK ALTAF,SHAIK MAHABOOB SUBANI,671,42,8.02,43,73,72,60,82,52,64,87,91,90,3.0,3.0,3.0,3.0,3.0,3.0,3.5,1.5,1.5,51,56,67,15,94,66,46,20,33,20IT301 MICRO PROCESSOR & MICRO CONTROLLER,20IT302 DATA STRUCTURES,20IT303 OBJECT ORIENTED PROGRAMMING,20IT304 OPERATING SYSTEMS,20CB305 COMPUTER ORGANIZATION,20IT306 TECHNICAL ENGLISH,20ITL301/SO01 LINUX ESSENTIALS LAB,20ITL302 DATA STRUCTURES LAB,20ITL303 OBJECT ORIENTED PROGRAMMING LAB
y20ait501,SHAIK AMAN SIDDIQUE,SHAIK MOULALI,482,103,5.37,104,47,43,44,52,48,62,79,40,67,3.0,3.0,3.0,3.0,3.0,3.0,3.5,1.5,1.5,104,111,108,85,101,79,71,113,97,20IT301 MICRO PROCESSOR & MICRO CONTROLLER,20IT302 DATA STRUCTURES,20IT303 OBJECT ORIENTED PROGRAMMING,20IT304 OPERATING SYSTEMS,20CB305 COMPUTER ORGANIZATION,20IT306 TECHNICAL ENGLISH,20ITL301/SO01 LINUX ESSENTIALS LAB,20ITL302 DATA STRUCTURES LAB,20ITL303 OBJECT ORIENTED PROGRAMMING LAB
y20ait502,SHAIK AMOON TABASSUM,SHAIK KHADAR MASTAN,571,73,6.47,82,60,47,47,63,55,69,79,70,81,3.0,3.0,3.0,3.0,3.0,3.0,3.5,1.5,1.5,82,103,100,65,87,39,74,42,56,20IT301 MICRO PROCESSOR & MICRO CONTROLLER,20IT302 DATA STRUCTURES,20IT303 OBJECT ORIENTED PROGRAMMING,20IT304 OPERATING SYSTEMS,20CB305 COMPUTER ORGANIZATION,20IT306 TECHNICAL ENGLISH,20ITL301/SO01 LINUX ESSENTIALS LAB,20ITL302 DATA STRUCTURES LAB,20ITL303 OBJECT ORIENTED PROGRAMMING LAB
y20ait503,SHAIK CHANDINI,SHAIK MOULA SAHEB,470,106,5.24,107,40,40,41,42,45,65,74,56,67,3.0,3.0,3.0,3.0,3.0,3.0,3.5,1.5,1.5,117,114,113,116,110,60,92,64,96,20IT301 MICRO PROCESSOR & MICRO CONTROLLER,20IT302 DATA STRUCTURES,20IT303 OBJECT ORIENTED PROGRAMMING,20IT304 OPERATING SYSTEMS,20CB305 COMPUTER ORGANIZATION,20IT306 TECHNICAL ENGLISH,20ITL301/SO01 LINUX ESSENTIALS LAB,20ITL302 DATA STRUCTURES LAB,20ITL303 OBJECT ORIENTED PROGRAMMING LAB
y20ait504,SHAIK MOHAMMAD SAIFULLA,SHAIK ABDUL HAMEED,468,107,5.37,105,31,50,61,50,44,58,73,40,61,3.0,3.0,3.0,3.0,3.0,3.0,3.5,1.5,1.5,118,96,65,94,113,94,96,121,109,20IT301 MICRO PROCESSOR & MICRO CONTROLLER,20IT302 DATA STRUCTURES,20IT303 OBJECT ORIENTED PROGRAMMING,20IT304 OPERATING SYSTEMS,20CB305 COMPUTER ORGANIZATION,20IT306 TECHNICAL ENGLISH,20ITL301/SO01 LINUX ESSENTIALS LAB,20ITL302 DATA STRUCTURES LAB,20ITL303 OBJECT ORIENTED PROGRAMMING LAB
y20ait505,SIDDABATHUNI BHARGAV,SIDDABATHUNI VENKATA RAJA SEKHAR,79,133,0.49,133,0,0,0,0,0,42,0,15,22,3.0,3.0,3.0,3.0,3.0,3.0,3.5,1.5,1.5,133,133,128,129,131,130,134,131,131,20IT301 MICRO PROCESSOR & MICRO CONTROLLER,20IT302 DATA STRUCTURES,20IT303 OBJECT ORIENTED PROGRAMMING,20IT304 OPERATING SYSTEMS,20CB305 COMPUTER ORGANIZATION,20IT306 TECHNICAL ENGLISH,20ITL301/SO01 LINUX ESSENTIALS LAB,20ITL302 DATA STRUCTURES LAB,20ITL303 OBJECT ORIENTED PROGRAMMING LAB
y20ait506,SIDDAPAREDDY ANUPAMA,SIDDAPAREDDY VENKATA SUBBARAMI REDDY,651,51,7.98,45,82,83,57,73,52,71,95,56,82,3.0,3.0,3.0,3.0,3.0,3.0,3.5,1.5,1.5,23,21,73,36,92,31,15,63,54,20IT301 MICRO PROCESSOR & MICRO CONTROLLER,20IT302 DATA STRUCTURES,20IT303 OBJECT ORIENTED PROGRAMMING,20IT304 OPERATING SYSTEMS,20CB305 COMPUTER ORGANIZATION,20IT306 TECHNICAL ENGLISH,20ITL301/SO01 LINUX ESSENTIALS LAB,20ITL302 DATA STRUCTURES LAB,20ITL303 OBJECT ORIENTED PROGRAMMING LAB
y20ait507,SRIHARI MADDINENI,RAVI MADDINENI,749,17,8.65,24,71,87,70,88,66,73,99,97,98,3.0,3.0,3.0,3.0,3.0,3.0,3.5,1.5,1.5,59,10,45,5,60,17,4,5,3,20IT301 MICRO PROCESSOR & MICRO CONTROLLER,20IT302 DATA STRUCTURES,20IT303 OBJECT ORIENTED PROGRAMMING,20IT304 OPERATING SYSTEMS,20CB305 COMPUTER ORGANIZATION,20IT306 TECHNICAL ENGLISH,20ITL301/SO01 LINUX ESSENTIALS LAB,20ITL302 DATA STRUCTURES LAB,20ITL303 OBJECT ORIENTED PROGRAMMING LAB
y20ait508,SUNKARA KIRAN SAI,SUNKARA KRUPANANDHAM,634,55,7.49,59,69,63,54,72,58,69,98,60,91,3.0,3.0,3.0,3.0,3.0,3.0,3.5,1.5,1.5,66,69,80,41,78,40,7,55,27,20IT301 MICRO PROCESSOR & MICRO CONTROLLER,20IT302 DATA STRUCTURES,20IT303 OBJECT ORIENTED PROGRAMMING,20IT304 OPERATING SYSTEMS,20CB305 COMPUTER ORGANIZATION,20IT306 TECHNICAL ENGLISH,20ITL301/SO01 LINUX ESSENTIALS LAB,20ITL302 DATA STRUCTURES LAB,20ITL303 OBJECT ORIENTED PROGRAMMING LAB
y20ait509,SUNKARA SAI DIVYA SRI,SUNKARA PURNA CHANDRA RAO,373,119,3.61,120,25,53,16,18,41,45,84,40,51,3.0,3.0,3.0,3.0,3.0,3.0,3.5,1.5,1.5,120,88,125,121,121,127,59,120,119,20IT301 MICRO PROCESSOR & MICRO CONTROLLER,20IT302 DATA STRUCTURES,20IT303 OBJECT ORIENTED PROGRAMMING,20IT304 OPERATING SYSTEMS,20CB305 COMPUTER ORGANIZATION,20IT306 TECHNICAL ENGLISH,20ITL301/SO01 LINUX ESSENTIALS LAB,20ITL302 DATA STRUCTURES LAB,20ITL303 OBJECT ORIENTED PROGRAMMING LAB
y20ait510,TEKKEM JAHNAVI,SRINIVASARAO,550,79,6.67,77,61,57,50,71,48,60,84,46,73,3.0,3.0,3.0,3.0,3.0,3.0,3.5,1.5,1.5,79,77,91,48,100,90,61,92,76,20IT301 MICRO PROCESSOR & MICRO CONTROLLER,20IT302 DATA STRUCTURES,20IT303 OBJECT ORIENTED PROGRAMMING,20IT304 OPERATING SYSTEMS,20CB305 COMPUTER ORGANIZATION,20IT306 TECHNICAL ENGLISH,20ITL301/SO01 LINUX ESSENTIALS LAB,20ITL302 DATA STRUCTURES LAB,20ITL303 OBJECT ORIENTED PROGRAMMING LAB
y20ait511,T GOPI CHAND,THUMATI CHINA KOTAIAH,530,87,6.27,86,74,47,54,52,56,67,67,40,73,3.0,3.0,3.0,3.0,3.0,3.0,3.5,1.5,1.5,49,99,78,84,84,51,114,122,75,20IT301 MICRO PROCESSOR & MICRO CONTROLLER,20IT302 DATA STRUCTURES,20IT303 OBJECT ORIENTED PROGRAMMING,20IT304 OPERATING SYSTEMS,20CB305 COMPUTER ORGANIZATION,20IT306 TECHNICAL ENGLISH,20ITL301/SO01 LINUX ESSENTIALS LAB,20ITL302 DATA STRUCTURES LAB,20ITL303 OBJECT ORIENTED PROGRAMMING LAB
y20ait512,VADITHE BRAMYYA NAYAK,ANANTHA RAMULU NAYAK,521,90,6.0,92,76,43,44,69,56,48,81,43,61,3.0,3.0,3.0,3.0,3.0,3.0,3.5,1.5,1.5,43,113,106,53,85,125,66,103,107,20IT301 MICRO PROCESSOR & MICRO CONTROLLER,20IT302 DATA STRUCTURES,20IT303 OBJECT ORIENTED PROGRAMMING,20IT304 OPERATING SYSTEMS,20CB305 COMPUTER ORGANIZATION,20IT306 TECHNICAL ENGLISH,20ITL301/SO01 LINUX ESSENTIALS LAB,20ITL302 DATA STRUCTURES LAB,20ITL303 OBJECT ORIENTED PROGRAMMING LAB
y20ait513,VALLABHUNI SAI SAMPADHA,VALLABHUNI SABHAPATHI,586,70,6.92,71,65,75,50,65,49,69,80,55,78,3.0,3.0,3.0,3.0,3.0,3.0,3.5,1.5,1.5,73,47,92,59,98,42,67,66,63,20IT301 MICRO PROCESSOR & MICRO CONTROLLER,20IT302 DATA STRUCTURES,20IT303 OBJECT ORIENTED PROGRAMMING,20IT304 OPERATING SYSTEMS,20CB305 COMPUTER ORGANIZATION,20IT306 TECHNICAL ENGLISH,20ITL301/SO01 LINUX ESSENTIALS LAB,20ITL302 DATA STRUCTURES LAB,20ITL303 OBJECT ORIENTED PROGRAMMING LAB
y20ait514,VANDANAPU LALITHA SAI KUMAR,VANDANAPU SRINIVASA RAO,664,45,7.92,47,80,69,58,77,67,71,90,67,85,3.0,3.0,3.0,3.0,3.0,3.0,3.5,1.5,1.5,33,61,71,23,57,29,37,49,47,20IT301 MICRO PROCESSOR & MICRO CONTROLLER,20IT302 DATA STRUCTURES,20IT303 OBJECT ORIENTED PROGRAMMING,20IT304 OPERATING SYSTEMS,20CB305 COMPUTER ORGANIZATION,20IT306 TECHNICAL ENGLISH,20ITL301/SO01 LINUX ESSENTIALS LAB,20ITL302 DATA STRUCTURES LAB,20ITL303 OBJECT ORIENTED PROGRAMMING LAB
y20ait515,VARIKUTI VENKAT SRINIVAS,VARIKUTI SIVA NAGA PRASAD,625,59,7.55,56,70,52,58,68,60,63,90,72,92,3.0,3.0,3.0,3.0,3.0,3.0,3.5,1.5,1.5,61,89,72,54,73,74,35,40,23,20IT301 MICRO PROCESSOR & MICRO CONTROLLER,20IT302 DATA STRUCTURES,20IT303 OBJECT ORIENTED PROGRAMMING,20IT304 OPERATING SYSTEMS,20CB305 COMPUTER ORGANIZATION,20IT306 TECHNICAL ENGLISH,20ITL301/SO01 LINUX ESSENTIALS LAB,20ITL302 DATA STRUCTURES LAB,20ITL303 OBJECT ORIENTED PROGRAMMING LAB
y20ait516,VEMURI JASWANTH,V. MADHU SUDHANA RAO,763,10,9.0,9,88,91,82,83,75,70,85,94,95,3.0,3.0,3.0,3.0,3.0,3.0,3.5,1.5,1.5,9,3,14,13,32,37,57,10,13,20IT301 MICRO PROCESSOR & MICRO CONTROLLER,20IT302 DATA STRUCTURES,20IT303 OBJECT ORIENTED PROGRAMMING,20IT304 OPERATING SYSTEMS,20CB305 COMPUTER ORGANIZATION,20IT306 TECHNICAL ENGLISH,20ITL301/SO01 LINUX ESSENTIALS LAB,20ITL302 DATA STRUCTURES LAB,20ITL303 OBJECT ORIENTED PROGRAMMING LAB
y20ait517,VIPPADAPU DIVYA SAHITHI,VIPPADAPU VENKATA RAMAIAH,375,118,3.63,119,0,46,40,49,47,49,41,44,59,3.0,3.0,3.0,3.0,3.0,3.0,3.5,1.5,1.5,126,105,115,97,105,124,126,97,111,20IT301 MICRO PROCESSOR & MICRO CONTROLLER,20IT302 DATA STRUCTURES,20IT303 OBJECT ORIENTED PROGRAMMING,20IT304 OPERATING SYSTEMS,20CB305 COMPUTER ORGANIZATION,20IT306 TECHNICAL ENGLISH,20ITL301/SO01 LINUX ESSENTIALS LAB,20ITL302 DATA STRUCTURES LAB,20ITL303 OBJECT ORIENTED PROGRAMMING LAB
y20ait518,VIPPADAPU PRAVEEN,VIPPADAPU VENKATA RAMAIAH,133,131,1.43,127,0,0,0,0,0,40,43,0,50,3.0,3.0,3.0,3.0,3.0,3.0,3.5,1.5,1.5,131,131,129,124,132,132,124,132,120,20IT301 MICRO PROCESSOR & MICRO CONTROLLER,20IT302 DATA STRUCTURES,20IT303 OBJECT ORIENTED PROGRAMMING,20IT304 OPERATING SYSTEMS,20CB305 COMPUTER ORGANIZATION,20IT306 TECHNICAL ENGLISH,20ITL301/SO01 LINUX ESSENTIALS LAB,20ITL302 DATA STRUCTURES LAB,20ITL303 OBJECT ORIENTED PROGRAMMING LAB
y20ait519,YAKKALA SAI AKHIL,YAKKALA HARI HARA NATH BABU,697,33,8.14,35,72,72,78,71,63,66,86,92,97,3.0,3.0,3.0,3.0,3.0,3.0,3.5,1.5,1.5,57,53,24,43,65,57,49,14,7,20IT301 MICRO PROCESSOR & MICRO CONTROLLER,20IT302 DATA STRUCTURES,20IT303 OBJECT ORIENTED PROGRAMMING,20IT304 OPERATING SYSTEMS,20CB305 COMPUTER ORGANIZATION,20IT306 TECHNICAL ENGLISH,20ITL301/SO01 LINUX ESSENTIALS LAB,20ITL302 DATA STRUCTURES LAB,20ITL303 OBJECT ORIENTED PROGRAMMING LAB
y20ait520,YENUGANTI JESHNAVI,YENUGANTI SRINIVASARAO,733,25,8.35,32,78,77,79,73,69,75,100,88,94,3.0,3.0,3.0,3.0,3.0,3.0,3.5,1.5,1.5,37,38,23,39,53,9,1,24,15,20IT301 MICRO PROCESSOR & MICRO CONTROLLER,20IT302 DATA STRUCTURES,20IT303 OBJECT ORIENTED PROGRAMMING,20IT304 OPERATING SYSTEMS,20CB305 COMPUTER ORGANIZATION,20IT306 TECHNICAL ENGLISH,20ITL301/SO01 LINUX ESSENTIALS LAB,20ITL302 DATA STRUCTURES LAB,20ITL303 OBJECT ORIENTED PROGRAMMING LAB
