Reg No,Name,Father Name,total,total_rank,sgpa,sgpa_rank,ATFL,CN,SE,PE1,JOE1,SS,SE_LAB,JOE1_LAB,INTERN,C1,C2,C3,C4,C5,C6,C7,C8,C9,atfl_rank,cn_rank,se_rank,pe1_rank,joe1_rank,intern_rank,ss_rank,se_lab_rank,joe1_lab_rank,sub1,sub2,sub3,sub4,sub5,sub6,sub7,sub8,sub9
l21ait401,BOMMASANI GOPI CHAND,BOMMASANI SESHAIAH,553,100,6.28,86,43,53,59,52,51,81,77,45,92,3.0,3.0,3.0,3.0,3.0,2.0,1.5,1.5,1.5,94,101,65,74,91,77,115,117,95,20IT501 AUTOMATA THEORY AND FORMAL LANGUAGES,20IT502 COMPUTER NETWORKS,20IT503 SOFTWARE ENGINEERING,20IT504/PE01 PROFESSIONAL ELECTIVE-1,20IT505/JO01 JOB ORIENTED ELECTIVE-1,20ITL501/SO03 SOFT SKILLS,20ITL502 SOFTWARE ENGINEERING LAB,20ITL503 JOB ORIENTED ELECTIVE LAB - 1,20ITL504/INT 01 SUMMER INTERNSHIP
l21ait402,BONTHU LAKSHMI ANITHA,BONTHU SAMPATH KUMAR,685,40,8.09,36,53,81,84,70,65,88,94,56,94,3.0,3.0,3.0,3.0,3.0,2.0,1.5,1.5,1.5,75,24,8,23,32,58,61,73,60,20IT501 AUTOMATA THEORY AND FORMAL LANGUAGES,20IT502 COMPUTER NETWORKS,20IT503 SOFTWARE ENGINEERING,20IT504/PE01 PROFESSIONAL ELECTIVE-1,20IT505/JO01 JOB ORIENTED ELECTIVE-1,20ITL501/SO03 SOFT SKILLS,20ITL502 SOFTWARE ENGINEERING LAB,20ITL503 JOB ORIENTED ELECTIVE LAB - 1,20ITL504/INT 01 SUMMER INTERNSHIP
l21ait403,BUDIGAPOGU VIJAY KUMAR,BUDIGAPOGU VENKATESH,666,49,7.47,51,72,56,68,51,53,89,98,85,94,3.0,3.0,3.0,3.0,3.0,2.0,1.5,1.5,1.5,38,95,47,76,83,55,40,12,3,20IT501 AUTOMATA THEORY AND FORMAL LANGUAGES,20IT502 COMPUTER NETWORKS,20IT503 SOFTWARE ENGINEERING,20IT504/PE01 PROFESSIONAL ELECTIVE-1,20IT505/JO01 JOB ORIENTED ELECTIVE-1,20ITL501/SO03 SOFT SKILLS,20ITL502 SOFTWARE ENGINEERING LAB,20ITL503 JOB ORIENTED ELECTIVE LAB - 1,20ITL504/INT 01 SUMMER INTERNSHIP
l21ait404,CHUKKA SAI PRAMOD,CHUKKA NARASINGA RAO,584,86,6.18,90,41,52,63,62,45,92,88,49,92,3.0,3.0,3.0,3.0,3.0,2.0,1.5,1.5,1.5,104,106,53,42,108,83,6,107,78,20IT501 AUTOMATA THEORY AND FORMAL LANGUAGES,20IT502 COMPUTER NETWORKS,20IT503 SOFTWARE ENGINEERING,20IT504/PE01 PROFESSIONAL ELECTIVE-1,20IT505/JO01 JOB ORIENTED ELECTIVE-1,20ITL501/SO03 SOFT SKILLS,20ITL502 SOFTWARE ENGINEERING LAB,20ITL503 JOB ORIENTED ELECTIVE LAB - 1,20ITL504/INT 01 SUMMER INTERNSHIP
l21ait406,GOKADA SYAM KUMAR,GOKADA SANYASI RAO,691,36,8.23,27,73,80,82,64,62,87,92,56,95,3.0,3.0,3.0,3.0,3.0,2.0,1.5,1.5,1.5,34,26,12,37,44,36,67,88,61,20IT501 AUTOMATA THEORY AND FORMAL LANGUAGES,20IT502 COMPUTER NETWORKS,20IT503 SOFTWARE ENGINEERING,20IT504/PE01 PROFESSIONAL ELECTIVE-1,20IT505/JO01 JOB ORIENTED ELECTIVE-1,20ITL501/SO03 SOFT SKILLS,20ITL502 SOFTWARE ENGINEERING LAB,20ITL503 JOB ORIENTED ELECTIVE LAB - 1,20ITL504/INT 01 SUMMER INTERNSHIP
l21ait407,KULUKURI VENKATA SHANMUKHA,KULUKURI PYDIRAJU,720,26,8.16,33,84,68,74,60,66,89,98,85,96,3.0,3.0,3.0,3.0,3.0,2.0,1.5,1.5,1.5,10,69,34,46,30,30,46,11,5,20IT501 AUTOMATA THEORY AND FORMAL LANGUAGES,20IT502 COMPUTER NETWORKS,20IT503 SOFTWARE ENGINEERING,20IT504/PE01 PROFESSIONAL ELECTIVE-1,20IT505/JO01 JOB ORIENTED ELECTIVE-1,20ITL501/SO03 SOFT SKILLS,20ITL502 SOFTWARE ENGINEERING LAB,20ITL503 JOB ORIENTED ELECTIVE LAB - 1,20ITL504/INT 01 SUMMER INTERNSHIP
l21ait408,MARRIBOYINA TARUN BABU,MARRIBOYINA NAGESWARA RAO,642,57,7.47,53,52,74,72,60,57,87,89,56,95,3.0,3.0,3.0,3.0,3.0,2.0,1.5,1.5,1.5,78,49,39,47,67,39,71,103,62,20IT501 AUTOMATA THEORY AND FORMAL LANGUAGES,20IT502 COMPUTER NETWORKS,20IT503 SOFTWARE ENGINEERING,20IT504/PE01 PROFESSIONAL ELECTIVE-1,20IT505/JO01 JOB ORIENTED ELECTIVE-1,20ITL501/SO03 SOFT SKILLS,20ITL502 SOFTWARE ENGINEERING LAB,20ITL503 JOB ORIENTED ELECTIVE LAB - 1,20ITL504/INT 01 SUMMER INTERNSHIP
l21ait409,MOHAMMAD MUNAWAR ZAKIRUDDIN,MOHAMMAD RAFI,699,33,8.09,35,71,76,74,79,69,88,96,51,95,3.0,3.0,3.0,3.0,3.0,2.0,1.5,1.5,1.5,43,38,32,11,13,43,52,31,72,20IT501 AUTOMATA THEORY AND FORMAL LANGUAGES,20IT502 COMPUTER NETWORKS,20IT503 SOFTWARE ENGINEERING,20IT504/PE01 PROFESSIONAL ELECTIVE-1,20IT505/JO01 JOB ORIENTED ELECTIVE-1,20ITL501/SO03 SOFT SKILLS,20ITL502 SOFTWARE ENGINEERING LAB,20ITL503 JOB ORIENTED ELECTIVE LAB - 1,20ITL504/INT 01 SUMMER INTERNSHIP
l21ait410,MORLA SRIKANTH,MORLA VENKATA RAMANARAO,495,113,4.28,114,30,42,42,40,40,85,86,43,87,3.0,3.0,3.0,3.0,3.0,2.0,1.5,1.5,1.5,113,118,107,111,119,113,91,112,109,20IT501 AUTOMATA THEORY AND FORMAL LANGUAGES,20IT502 COMPUTER NETWORKS,20IT503 SOFTWARE ENGINEERING,20IT504/PE01 PROFESSIONAL ELECTIVE-1,20IT505/JO01 JOB ORIENTED ELECTIVE-1,20ITL501/SO03 SOFT SKILLS,20ITL502 SOFTWARE ENGINEERING LAB,20ITL503 JOB ORIENTED ELECTIVE LAB - 1,20ITL504/INT 01 SUMMER INTERNSHIP
l21ait411,MUTLURI HIMAVANTH,MUTLURI TULASI RAM,616,72,6.98,67,41,78,73,54,57,87,91,42,93,3.0,3.0,3.0,3.0,3.0,2.0,1.5,1.5,1.5,100,34,38,66,69,65,70,93,117,20IT501 AUTOMATA THEORY AND FORMAL LANGUAGES,20IT502 COMPUTER NETWORKS,20IT503 SOFTWARE ENGINEERING,20IT504/PE01 PROFESSIONAL ELECTIVE-1,20IT505/JO01 JOB ORIENTED ELECTIVE-1,20ITL501/SO03 SOFT SKILLS,20ITL502 SOFTWARE ENGINEERING LAB,20ITL503 JOB ORIENTED ELECTIVE LAB - 1,20ITL504/INT 01 SUMMER INTERNSHIP
l21ait412,NAGANDLA CHAITANYA,NAGANDLA SRINIVASARAO,573,93,5.85,96,64,51,42,41,49,85,96,54,91,3.0,3.0,3.0,3.0,3.0,2.0,1.5,1.5,1.5,52,108,110,108,97,94,89,26,65,20IT501 AUTOMATA THEORY AND FORMAL LANGUAGES,20IT502 COMPUTER NETWORKS,20IT503 SOFTWARE ENGINEERING,20IT504/PE01 PROFESSIONAL ELECTIVE-1,20IT505/JO01 JOB ORIENTED ELECTIVE-1,20ITL501/SO03 SOFT SKILLS,20ITL502 SOFTWARE ENGINEERING LAB,20ITL503 JOB ORIENTED ELECTIVE LAB - 1,20ITL504/INT 01 SUMMER INTERNSHIP
l21ait413,KARI LOKESH,KARI VENKATA PRASAD,579,89,6.28,87,43,58,62,44,55,87,92,47,91,3.0,3.0,3.0,3.0,3.0,2.0,1.5,1.5,1.5,93,90,55,93,74,92,68,87,87,20IT501 AUTOMATA THEORY AND FORMAL LANGUAGES,20IT502 COMPUTER NETWORKS,20IT503 SOFTWARE ENGINEERING,20IT504/PE01 PROFESSIONAL ELECTIVE-1,20IT505/JO01 JOB ORIENTED ELECTIVE-1,20ITL501/SO03 SOFT SKILLS,20ITL502 SOFTWARE ENGINEERING LAB,20ITL503 JOB ORIENTED ELECTIVE LAB - 1,20ITL504/INT 01 SUMMER INTERNSHIP
l21ait414,PENDEM CHENNAKESAVA,PENDEM DRONASWARARAO,676,42,7.88,41,53,71,63,61,73,86,94,80,95,3.0,3.0,3.0,3.0,3.0,2.0,1.5,1.5,1.5,76,60,54,45,3,48,76,65,18,20IT501 AUTOMATA THEORY AND FORMAL LANGUAGES,20IT502 COMPUTER NETWORKS,20IT503 SOFTWARE ENGINEERING,20IT504/PE01 PROFESSIONAL ELECTIVE-1,20IT505/JO01 JOB ORIENTED ELECTIVE-1,20ITL501/SO03 SOFT SKILLS,20ITL502 SOFTWARE ENGINEERING LAB,20ITL503 JOB ORIENTED ELECTIVE LAB - 1,20ITL504/INT 01 SUMMER INTERNSHIP
l21ait415,TADISETTI SURESH,TADISETTI ESWARA RAO,609,75,6.98,69,58,63,59,55,60,83,92,45,94,3.0,3.0,3.0,3.0,3.0,2.0,1.5,1.5,1.5,60,83,67,63,55,60,108,83,96,20IT501 AUTOMATA THEORY AND FORMAL LANGUAGES,20IT502 COMPUTER NETWORKS,20IT503 SOFTWARE ENGINEERING,20IT504/PE01 PROFESSIONAL ELECTIVE-1,20IT505/JO01 JOB ORIENTED ELECTIVE-1,20ITL501/SO03 SOFT SKILLS,20ITL502 SOFTWARE ENGINEERING LAB,20ITL503 JOB ORIENTED ELECTIVE LAB - 1,20ITL504/INT 01 SUMMER INTERNSHIP
l21ait417,VIJAYA RAO PRUDHVI SURESH,VIJAYA RAO VENKATESWARLU,708,31,8.16,30,83,75,74,74,57,89,94,68,94,3.0,3.0,3.0,3.0,3.0,2.0,1.5,1.5,1.5,15,42,35,12,66,62,39,70,43,20IT501 AUTOMATA THEORY AND FORMAL LANGUAGES,20IT502 COMPUTER NETWORKS,20IT503 SOFTWARE ENGINEERING,20IT504/PE01 PROFESSIONAL ELECTIVE-1,20IT505/JO01 JOB ORIENTED ELECTIVE-1,20ITL501/SO03 SOFT SKILLS,20ITL502 SOFTWARE ENGINEERING LAB,20ITL503 JOB ORIENTED ELECTIVE LAB - 1,20ITL504/INT 01 SUMMER INTERNSHIP
l21ait418,YARASANI MANIKANTA,Y V SATYANARAYANA VARA PRASAD,594,81,6.56,78,49,52,62,59,53,88,94,45,92,3.0,3.0,3.0,3.0,3.0,2.0,1.5,1.5,1.5,84,103,58,50,78,80,50,76,97,20IT501 AUTOMATA THEORY AND FORMAL LANGUAGES,20IT502 COMPUTER NETWORKS,20IT503 SOFTWARE ENGINEERING,20IT504/PE01 PROFESSIONAL ELECTIVE-1,20IT505/JO01 JOB ORIENTED ELECTIVE-1,20ITL501/SO03 SOFT SKILLS,20ITL502 SOFTWARE ENGINEERING LAB,20ITL503 JOB ORIENTED ELECTIVE LAB - 1,20ITL504/INT 01 SUMMER INTERNSHIP
l21ait419,YARLAGADDA MADHU SAGAR,YARLAGADDA VENKATESWARA RAO,678,41,7.81,42,81,73,69,56,52,88,94,70,95,3.0,3.0,3.0,3.0,3.0,2.0,1.5,1.5,1.5,20,50,44,60,89,50,49,74,38,20IT501 AUTOMATA THEORY AND FORMAL LANGUAGES,20IT502 COMPUTER NETWORKS,20IT503 SOFTWARE ENGINEERING,20IT504/PE01 PROFESSIONAL ELECTIVE-1,20IT505/JO01 JOB ORIENTED ELECTIVE-1,20ITL501/SO03 SOFT SKILLS,20ITL502 SOFTWARE ENGINEERING LAB,20ITL503 JOB ORIENTED ELECTIVE LAB - 1,20ITL504/INT 01 SUMMER INTERNSHIP
y20ait401,ACHUTA VENKATA SIVA TEJASWINI,ACHUTA VENKATA SUBBA RAO,630,64,6.93,71,64,67,65,58,49,90,96,47,94,3.0,3.0,3.0,3.0,3.0,2.0,1.5,1.5,1.5,53,73,52,54,96,59,29,41,86,20IT501 AUTOMATA THEORY AND FORMAL LANGUAGES,20IT502 COMPUTER NETWORKS,20IT503 SOFTWARE ENGINEERING,20IT504/PE01 PROFESSIONAL ELECTIVE-1,20IT505/JO01 JOB ORIENTED ELECTIVE-1,20ITL501/SO03 SOFT SKILLS,20ITL502 SOFTWARE ENGINEERING LAB,20ITL503 JOB ORIENTED ELECTIVE LAB - 1,20ITL504/INT 01 SUMMER INTERNSHIP
y20ait402,AKUMALLA SIDDU,KHASIM,733,18,8.4,21,78,73,74,70,69,91,98,83,97,3.0,3.0,3.0,3.0,3.0,2.0,1.5,1.5,1.5,27,56,30,20,17,21,9,17,10,20IT501 AUTOMATA THEORY AND FORMAL LANGUAGES,20IT502 COMPUTER NETWORKS,20IT503 SOFTWARE ENGINEERING,20IT504/PE01 PROFESSIONAL ELECTIVE-1,20IT505/JO01 JOB ORIENTED ELECTIVE-1,20ITL501/SO03 SOFT SKILLS,20ITL502 SOFTWARE ENGINEERING LAB,20ITL503 JOB ORIENTED ELECTIVE LAB - 1,20ITL504/INT 01 SUMMER INTERNSHIP
y20ait403,ALTHAF SYED,ISMAIL SYED,482,116,4.43,112,15,50,47,40,40,89,69,46,86,3.0,3.0,3.0,3.0,3.0,2.0,1.5,1.5,1.5,118,109,96,114,118,118,35,121,90,20IT501 AUTOMATA THEORY AND FORMAL LANGUAGES,20IT502 COMPUTER NETWORKS,20IT503 SOFTWARE ENGINEERING,20IT504/PE01 PROFESSIONAL ELECTIVE-1,20IT505/JO01 JOB ORIENTED ELECTIVE-1,20ITL501/SO03 SOFT SKILLS,20ITL502 SOFTWARE ENGINEERING LAB,20ITL503 JOB ORIENTED ELECTIVE LAB - 1,20ITL504/INT 01 SUMMER INTERNSHIP
y20ait404,ATCHUTA RANGA PAVAN KUMAR,ATCHUTA BALA SUBRAHMANYAM,746,9,8.81,4,80,74,81,80,66,90,94,84,97,3.0,3.0,3.0,3.0,3.0,2.0,1.5,1.5,1.5,23,43,13,9,29,23,28,71,6,20IT501 AUTOMATA THEORY AND FORMAL LANGUAGES,20IT502 COMPUTER NETWORKS,20IT503 SOFTWARE ENGINEERING,20IT504/PE01 PROFESSIONAL ELECTIVE-1,20IT505/JO01 JOB ORIENTED ELECTIVE-1,20ITL501/SO03 SOFT SKILLS,20ITL502 SOFTWARE ENGINEERING LAB,20ITL503 JOB ORIENTED ELECTIVE LAB - 1,20ITL504/INT 01 SUMMER INTERNSHIP
y20ait405,AVULA MANEESHA,AVULA SAMBASIVA RAO,733,19,8.3,25,82,72,75,69,69,89,99,81,97,3.0,3.0,3.0,3.0,3.0,2.0,1.5,1.5,1.5,17,58,29,27,15,19,43,6,13,20IT501 AUTOMATA THEORY AND FORMAL LANGUAGES,20IT502 COMPUTER NETWORKS,20IT503 SOFTWARE ENGINEERING,20IT504/PE01 PROFESSIONAL ELECTIVE-1,20IT505/JO01 JOB ORIENTED ELECTIVE-1,20ITL501/SO03 SOFT SKILLS,20ITL502 SOFTWARE ENGINEERING LAB,20ITL503 JOB ORIENTED ELECTIVE LAB - 1,20ITL504/INT 01 SUMMER INTERNSHIP
y20ait406,BACHALAKURI HARSHAVARDHAN,BACHALAKURI RAVI KUMAR,536,104,5.25,106,44,53,47,40,42,86,90,44,90,3.0,3.0,3.0,3.0,3.0,2.0,1.5,1.5,1.5,90,102,97,112,116,99,80,97,106,20IT501 AUTOMATA THEORY AND FORMAL LANGUAGES,20IT502 COMPUTER NETWORKS,20IT503 SOFTWARE ENGINEERING,20IT504/PE01 PROFESSIONAL ELECTIVE-1,20IT505/JO01 JOB ORIENTED ELECTIVE-1,20ITL501/SO03 SOFT SKILLS,20ITL502 SOFTWARE ENGINEERING LAB,20ITL503 JOB ORIENTED ELECTIVE LAB - 1,20ITL504/INT 01 SUMMER INTERNSHIP
y20ait407,BAIG IMRAN,ALEEM BAIG,660,51,7.47,55,77,68,68,53,53,87,94,64,96,3.0,3.0,3.0,3.0,3.0,2.0,1.5,1.5,1.5,29,71,45,71,79,34,65,69,49,20IT501 AUTOMATA THEORY AND FORMAL LANGUAGES,20IT502 COMPUTER NETWORKS,20IT503 SOFTWARE ENGINEERING,20IT504/PE01 PROFESSIONAL ELECTIVE-1,20IT505/JO01 JOB ORIENTED ELECTIVE-1,20ITL501/SO03 SOFT SKILLS,20ITL502 SOFTWARE ENGINEERING LAB,20ITL503 JOB ORIENTED ELECTIVE LAB - 1,20ITL504/INT 01 SUMMER INTERNSHIP
y20ait408,BANDARU VAISHNAVI,BANDARU ANJANEYA PRASAD,741,13,8.6,13,72,86,87,79,60,91,99,71,96,3.0,3.0,3.0,3.0,3.0,2.0,1.5,1.5,1.5,39,3,4,10,56,28,15,8,37,20IT501 AUTOMATA THEORY AND FORMAL LANGUAGES,20IT502 COMPUTER NETWORKS,20IT503 SOFTWARE ENGINEERING,20IT504/PE01 PROFESSIONAL ELECTIVE-1,20IT505/JO01 JOB ORIENTED ELECTIVE-1,20ITL501/SO03 SOFT SKILLS,20ITL502 SOFTWARE ENGINEERING LAB,20ITL503 JOB ORIENTED ELECTIVE LAB - 1,20ITL504/INT 01 SUMMER INTERNSHIP
y20ait409,BHUVANAGIRI CHIRANJEEVI SAI,BHUVANAGIRI CHINA VENKATESWARLU,633,62,7.4,57,56,64,65,65,61,83,95,50,94,3.0,3.0,3.0,3.0,3.0,2.0,1.5,1.5,1.5,62,80,51,36,50,56,109,59,75,20IT501 AUTOMATA THEORY AND FORMAL LANGUAGES,20IT502 COMPUTER NETWORKS,20IT503 SOFTWARE ENGINEERING,20IT504/PE01 PROFESSIONAL ELECTIVE-1,20IT505/JO01 JOB ORIENTED ELECTIVE-1,20ITL501/SO03 SOFT SKILLS,20ITL502 SOFTWARE ENGINEERING LAB,20ITL503 JOB ORIENTED ELECTIVE LAB - 1,20ITL504/INT 01 SUMMER INTERNSHIP
y20ait410,BOBBILI HARIKA,BOBBILI ESWARA RAO,711,30,8.26,26,80,73,77,59,61,90,96,80,95,3.0,3.0,3.0,3.0,3.0,2.0,1.5,1.5,1.5,21,51,22,52,51,49,24,45,19,20IT501 AUTOMATA THEORY AND FORMAL LANGUAGES,20IT502 COMPUTER NETWORKS,20IT503 SOFTWARE ENGINEERING,20IT504/PE01 PROFESSIONAL ELECTIVE-1,20IT505/JO01 JOB ORIENTED ELECTIVE-1,20ITL501/SO03 SOFT SKILLS,20ITL502 SOFTWARE ENGINEERING LAB,20ITL503 JOB ORIENTED ELECTIVE LAB - 1,20ITL504/INT 01 SUMMER INTERNSHIP
y20ait411,BONDI VIJAY,BONDI RAMANA,692,35,7.8,43,84,74,68,67,51,86,95,72,95,3.0,3.0,3.0,3.0,3.0,2.0,1.5,1.5,1.5,12,44,46,31,92,45,79,50,35,20IT501 AUTOMATA THEORY AND FORMAL LANGUAGES,20IT502 COMPUTER NETWORKS,20IT503 SOFTWARE ENGINEERING,20IT504/PE01 PROFESSIONAL ELECTIVE-1,20IT505/JO01 JOB ORIENTED ELECTIVE-1,20ITL501/SO03 SOFT SKILLS,20ITL502 SOFTWARE ENGINEERING LAB,20ITL503 JOB ORIENTED ELECTIVE LAB - 1,20ITL504/INT 01 SUMMER INTERNSHIP
y20ait412,BORRA DURGA SREE,BORRA SREE RAMULU,775,2,8.86,3,84,85,89,85,68,88,99,81,96,3.0,3.0,3.0,3.0,3.0,2.0,1.5,1.5,1.5,11,7,2,3,19,24,57,3,16,20IT501 AUTOMATA THEORY AND FORMAL LANGUAGES,20IT502 COMPUTER NETWORKS,20IT503 SOFTWARE ENGINEERING,20IT504/PE01 PROFESSIONAL ELECTIVE-1,20IT505/JO01 JOB ORIENTED ELECTIVE-1,20ITL501/SO03 SOFT SKILLS,20ITL502 SOFTWARE ENGINEERING LAB,20ITL503 JOB ORIENTED ELECTIVE LAB - 1,20ITL504/INT 01 SUMMER INTERNSHIP
y20ait413,BYLAPUDI GOWTHAMI PRIYA,BYLAPUDI HARNADH,730,21,8.6,11,64,84,84,83,71,94,96,59,95,3.0,3.0,3.0,3.0,3.0,2.0,1.5,1.5,1.5,51,10,7,5,7,38,1,36,54,20IT501 AUTOMATA THEORY AND FORMAL LANGUAGES,20IT502 COMPUTER NETWORKS,20IT503 SOFTWARE ENGINEERING,20IT504/PE01 PROFESSIONAL ELECTIVE-1,20IT505/JO01 JOB ORIENTED ELECTIVE-1,20ITL501/SO03 SOFT SKILLS,20ITL502 SOFTWARE ENGINEERING LAB,20ITL503 JOB ORIENTED ELECTIVE LAB - 1,20ITL504/INT 01 SUMMER INTERNSHIP
y20ait414,CHALLA MAMATHA,CHALLA ANJIREDDY,532,106,5.55,100,51,53,41,41,40,81,91,44,90,3.0,3.0,3.0,3.0,3.0,2.0,1.5,1.5,1.5,80,100,112,106,120,101,118,94,99,20IT501 AUTOMATA THEORY AND FORMAL LANGUAGES,20IT502 COMPUTER NETWORKS,20IT503 SOFTWARE ENGINEERING,20IT504/PE01 PROFESSIONAL ELECTIVE-1,20IT505/JO01 JOB ORIENTED ELECTIVE-1,20ITL501/SO03 SOFT SKILLS,20ITL502 SOFTWARE ENGINEERING LAB,20ITL503 JOB ORIENTED ELECTIVE LAB - 1,20ITL504/INT 01 SUMMER INTERNSHIP
y20ait415,CHEEDELLA V N S S L PALLAVI,CHEEDELLA JANARDHANA RAO,742,11,8.67,10,64,79,83,82,70,91,95,81,97,3.0,3.0,3.0,3.0,3.0,2.0,1.5,1.5,1.5,50,32,10,7,9,17,20,47,15,20IT501 AUTOMATA THEORY AND FORMAL LANGUAGES,20IT502 COMPUTER NETWORKS,20IT503 SOFTWARE ENGINEERING,20IT504/PE01 PROFESSIONAL ELECTIVE-1,20IT505/JO01 JOB ORIENTED ELECTIVE-1,20ITL501/SO03 SOFT SKILLS,20ITL502 SOFTWARE ENGINEERING LAB,20ITL503 JOB ORIENTED ELECTIVE LAB - 1,20ITL504/INT 01 SUMMER INTERNSHIP
y20ait417,CHIKKALA ANANDA VENI,CHIKKALA SATYANARAYANA,585,85,6.44,79,41,56,52,41,53,90,94,68,90,3.0,3.0,3.0,3.0,3.0,2.0,1.5,1.5,1.5,102,94,80,109,85,103,21,75,41,20IT501 AUTOMATA THEORY AND FORMAL LANGUAGES,20IT502 COMPUTER NETWORKS,20IT503 SOFTWARE ENGINEERING,20IT504/PE01 PROFESSIONAL ELECTIVE-1,20IT505/JO01 JOB ORIENTED ELECTIVE-1,20ITL501/SO03 SOFT SKILLS,20ITL502 SOFTWARE ENGINEERING LAB,20ITL503 JOB ORIENTED ELECTIVE LAB - 1,20ITL504/INT 01 SUMMER INTERNSHIP
y20ait418,CHIKKALA LAKSHMIPRIYA,CHIKKALA CHANDRA MOHAN,720,27,8.23,29,65,79,74,87,64,87,98,70,96,3.0,3.0,3.0,3.0,3.0,2.0,1.5,1.5,1.5,45,29,33,1,33,27,73,16,39,20IT501 AUTOMATA THEORY AND FORMAL LANGUAGES,20IT502 COMPUTER NETWORKS,20IT503 SOFTWARE ENGINEERING,20IT504/PE01 PROFESSIONAL ELECTIVE-1,20IT505/JO01 JOB ORIENTED ELECTIVE-1,20ITL501/SO03 SOFT SKILLS,20ITL502 SOFTWARE ENGINEERING LAB,20ITL503 JOB ORIENTED ELECTIVE LAB - 1,20ITL504/INT 01 SUMMER INTERNSHIP
y20ait419,CHINTHA MAHESH BABU,CHINTHA VEERA RAJU,557,99,5.85,97,55,57,50,43,48,81,92,41,90,3.0,3.0,3.0,3.0,3.0,2.0,1.5,1.5,1.5,65,93,85,101,98,100,114,85,119,20IT501 AUTOMATA THEORY AND FORMAL LANGUAGES,20IT502 COMPUTER NETWORKS,20IT503 SOFTWARE ENGINEERING,20IT504/PE01 PROFESSIONAL ELECTIVE-1,20IT505/JO01 JOB ORIENTED ELECTIVE-1,20ITL501/SO03 SOFT SKILLS,20ITL502 SOFTWARE ENGINEERING LAB,20ITL503 JOB ORIENTED ELECTIVE LAB - 1,20ITL504/INT 01 SUMMER INTERNSHIP
y20ait420,D VENKATA SRINADH,D RAMANJANEYULU,739,14,8.79,5,83,84,80,82,71,86,99,57,97,3.0,3.0,3.0,3.0,3.0,2.0,1.5,1.5,1.5,14,11,15,6,8,12,81,4,56,20IT501 AUTOMATA THEORY AND FORMAL LANGUAGES,20IT502 COMPUTER NETWORKS,20IT503 SOFTWARE ENGINEERING,20IT504/PE01 PROFESSIONAL ELECTIVE-1,20IT505/JO01 JOB ORIENTED ELECTIVE-1,20ITL501/SO03 SOFT SKILLS,20ITL502 SOFTWARE ENGINEERING LAB,20ITL503 JOB ORIENTED ELECTIVE LAB - 1,20ITL504/INT 01 SUMMER INTERNSHIP
y20ait421,DASARI SYAMSUNDAR,DASARI ABRAHAM,625,67,7.26,59,71,73,55,57,58,81,95,43,92,3.0,3.0,3.0,3.0,3.0,2.0,1.5,1.5,1.5,42,55,74,58,62,84,116,57,113,20IT501 AUTOMATA THEORY AND FORMAL LANGUAGES,20IT502 COMPUTER NETWORKS,20IT503 SOFTWARE ENGINEERING,20IT504/PE01 PROFESSIONAL ELECTIVE-1,20IT505/JO01 JOB ORIENTED ELECTIVE-1,20ITL501/SO03 SOFT SKILLS,20ITL502 SOFTWARE ENGINEERING LAB,20ITL503 JOB ORIENTED ELECTIVE LAB - 1,20ITL504/INT 01 SUMMER INTERNSHIP
y20ait422,DASARI VENKATA SAI ADITHYA,RAMA KRISHNA PRASAD DASARI,528,108,4.55,111,33,49,43,55,45,79,91,44,89,3.0,3.0,3.0,3.0,3.0,2.0,1.5,1.5,1.5,112,110,106,65,109,107,122,91,105,20IT501 AUTOMATA THEORY AND FORMAL LANGUAGES,20IT502 COMPUTER NETWORKS,20IT503 SOFTWARE ENGINEERING,20IT504/PE01 PROFESSIONAL ELECTIVE-1,20IT505/JO01 JOB ORIENTED ELECTIVE-1,20ITL501/SO03 SOFT SKILLS,20ITL502 SOFTWARE ENGINEERING LAB,20ITL503 JOB ORIENTED ELECTIVE LAB - 1,20ITL504/INT 01 SUMMER INTERNSHIP
y20ait423,DASARI VIGNA NAGA SHANMUKH RAJ,DASARI KANAKA RATNAM,514,111,4.28,115,34,52,32,40,52,84,89,42,89,3.0,3.0,3.0,3.0,3.0,2.0,1.5,1.5,1.5,110,107,117,117,90,105,101,101,116,20IT501 AUTOMATA THEORY AND FORMAL LANGUAGES,20IT502 COMPUTER NETWORKS,20IT503 SOFTWARE ENGINEERING,20IT504/PE01 PROFESSIONAL ELECTIVE-1,20IT505/JO01 JOB ORIENTED ELECTIVE-1,20ITL501/SO03 SOFT SKILLS,20ITL502 SOFTWARE ENGINEERING LAB,20ITL503 JOB ORIENTED ELECTIVE LAB - 1,20ITL504/INT 01 SUMMER INTERNSHIP
y20ait424,DASINENI ANJANEYA VAMSI KRISHNA,DASINENI SRINIVASA RAO,625,65,7.05,66,65,70,55,43,53,83,96,67,93,3.0,3.0,3.0,3.0,3.0,2.0,1.5,1.5,1.5,46,63,73,100,84,74,110,24,46,20IT501 AUTOMATA THEORY AND FORMAL LANGUAGES,20IT502 COMPUTER NETWORKS,20IT503 SOFTWARE ENGINEERING,20IT504/PE01 PROFESSIONAL ELECTIVE-1,20IT505/JO01 JOB ORIENTED ELECTIVE-1,20ITL501/SO03 SOFT SKILLS,20ITL502 SOFTWARE ENGINEERING LAB,20ITL503 JOB ORIENTED ELECTIVE LAB - 1,20ITL504/INT 01 SUMMER INTERNSHIP
y20ait425,DEGALA SASIKALA,DEGALA KOTESWARA RAO,697,34,8.23,28,81,80,75,63,69,85,96,55,93,3.0,3.0,3.0,3.0,3.0,2.0,1.5,1.5,1.5,19,27,28,40,14,70,97,40,63,20IT501 AUTOMATA THEORY AND FORMAL LANGUAGES,20IT502 COMPUTER NETWORKS,20IT503 SOFTWARE ENGINEERING,20IT504/PE01 PROFESSIONAL ELECTIVE-1,20IT505/JO01 JOB ORIENTED ELECTIVE-1,20ITL501/SO03 SOFT SKILLS,20ITL502 SOFTWARE ENGINEERING LAB,20ITL503 JOB ORIENTED ELECTIVE LAB - 1,20ITL504/INT 01 SUMMER INTERNSHIP
y20ait426,DEVINA SATHVIK,D NAGENDRA KUMAR,625,66,7.12,65,52,66,50,53,51,86,95,79,93,3.0,3.0,3.0,3.0,3.0,2.0,1.5,1.5,1.5,77,77,87,70,93,72,77,48,21,20IT501 AUTOMATA THEORY AND FORMAL LANGUAGES,20IT502 COMPUTER NETWORKS,20IT503 SOFTWARE ENGINEERING,20IT504/PE01 PROFESSIONAL ELECTIVE-1,20IT505/JO01 JOB ORIENTED ELECTIVE-1,20ITL501/SO03 SOFT SKILLS,20ITL502 SOFTWARE ENGINEERING LAB,20ITL503 JOB ORIENTED ELECTIVE LAB - 1,20ITL504/INT 01 SUMMER INTERNSHIP
y20ait428,DOPPALAPUDI N.L SRUJANA,D.SRINIVASA RAO,559,98,5.95,95,42,58,44,50,46,91,93,44,91,3.0,3.0,3.0,3.0,3.0,2.0,1.5,1.5,1.5,96,89,103,78,106,87,18,77,108,20IT501 AUTOMATA THEORY AND FORMAL LANGUAGES,20IT502 COMPUTER NETWORKS,20IT503 SOFTWARE ENGINEERING,20IT504/PE01 PROFESSIONAL ELECTIVE-1,20IT505/JO01 JOB ORIENTED ELECTIVE-1,20ITL501/SO03 SOFT SKILLS,20ITL502 SOFTWARE ENGINEERING LAB,20ITL503 JOB ORIENTED ELECTIVE LAB - 1,20ITL504/INT 01 SUMMER INTERNSHIP
y20ait429,DUDDU CHARLES,DUDDU BENJIMEN,470,117,3.98,118,17,52,42,49,18,80,85,40,87,3.0,3.0,3.0,3.0,3.0,2.0,1.5,1.5,1.5,115,105,111,83,122,114,121,114,122,20IT501 AUTOMATA THEORY AND FORMAL LANGUAGES,20IT502 COMPUTER NETWORKS,20IT503 SOFTWARE ENGINEERING,20IT504/PE01 PROFESSIONAL ELECTIVE-1,20IT505/JO01 JOB ORIENTED ELECTIVE-1,20ITL501/SO03 SOFT SKILLS,20ITL502 SOFTWARE ENGINEERING LAB,20ITL503 JOB ORIENTED ELECTIVE LAB - 1,20ITL504/INT 01 SUMMER INTERNSHIP
y20ait430,DUMPALA JATHIN,DUMPALA SANJAY KUMAR,529,107,5.25,105,50,46,41,43,42,86,91,40,90,3.0,3.0,3.0,3.0,3.0,2.0,1.5,1.5,1.5,82,115,114,98,117,98,87,90,124,20IT501 AUTOMATA THEORY AND FORMAL LANGUAGES,20IT502 COMPUTER NETWORKS,20IT503 SOFTWARE ENGINEERING,20IT504/PE01 PROFESSIONAL ELECTIVE-1,20IT505/JO01 JOB ORIENTED ELECTIVE-1,20ITL501/SO03 SOFT SKILLS,20ITL502 SOFTWARE ENGINEERING LAB,20ITL503 JOB ORIENTED ELECTIVE LAB - 1,20ITL504/INT 01 SUMMER INTERNSHIP
y20ait431,GORANTLA SRI HARSHA VARDHAN,G GURUNADHAM,562,95,6.28,85,52,62,47,44,53,82,90,41,91,3.0,3.0,3.0,3.0,3.0,2.0,1.5,1.5,1.5,79,84,94,95,80,88,113,98,120,20IT501 AUTOMATA THEORY AND FORMAL LANGUAGES,20IT502 COMPUTER NETWORKS,20IT503 SOFTWARE ENGINEERING,20IT504/PE01 PROFESSIONAL ELECTIVE-1,20IT505/JO01 JOB ORIENTED ELECTIVE-1,20ITL501/SO03 SOFT SKILLS,20ITL502 SOFTWARE ENGINEERING LAB,20ITL503 JOB ORIENTED ELECTIVE LAB - 1,20ITL504/INT 01 SUMMER INTERNSHIP
y20ait432,GADDE THARANMAI,GADDE SATYANARAYANA,786,1,9.23,1,92,86,90,85,61,93,95,86,98,3.0,3.0,3.0,3.0,3.0,2.0,1.5,1.5,1.5,1,2,1,2,47,5,3,51,2,20IT501 AUTOMATA THEORY AND FORMAL LANGUAGES,20IT502 COMPUTER NETWORKS,20IT503 SOFTWARE ENGINEERING,20IT504/PE01 PROFESSIONAL ELECTIVE-1,20IT505/JO01 JOB ORIENTED ELECTIVE-1,20ITL501/SO03 SOFT SKILLS,20ITL502 SOFTWARE ENGINEERING LAB,20ITL503 JOB ORIENTED ELECTIVE LAB - 1,20ITL504/INT 01 SUMMER INTERNSHIP
y20ait433,GAVINI DINESH KUMAR,GAVINI THIRUPATHAIAH,501,112,4.28,113,40,40,33,40,45,83,87,45,88,3.0,3.0,3.0,3.0,3.0,2.0,1.5,1.5,1.5,105,119,116,116,111,111,106,109,93,20IT501 AUTOMATA THEORY AND FORMAL LANGUAGES,20IT502 COMPUTER NETWORKS,20IT503 SOFTWARE ENGINEERING,20IT504/PE01 PROFESSIONAL ELECTIVE-1,20IT505/JO01 JOB ORIENTED ELECTIVE-1,20ITL501/SO03 SOFT SKILLS,20ITL502 SOFTWARE ENGINEERING LAB,20ITL503 JOB ORIENTED ELECTIVE LAB - 1,20ITL504/INT 01 SUMMER INTERNSHIP
y20ait434,GOLLAPUDI VASISTA MAHARSHI,VENKATASATYA PRABHAKAR RAO,598,79,6.25,88,49,65,59,44,60,90,94,45,92,3.0,3.0,3.0,3.0,3.0,2.0,1.5,1.5,1.5,83,79,66,97,53,81,26,72,94,20IT501 AUTOMATA THEORY AND FORMAL LANGUAGES,20IT502 COMPUTER NETWORKS,20IT503 SOFTWARE ENGINEERING,20IT504/PE01 PROFESSIONAL ELECTIVE-1,20IT505/JO01 JOB ORIENTED ELECTIVE-1,20ITL501/SO03 SOFT SKILLS,20ITL502 SOFTWARE ENGINEERING LAB,20ITL503 JOB ORIENTED ELECTIVE LAB - 1,20ITL504/INT 01 SUMMER INTERNSHIP
y20ait435,GUDDETI SAI PAVAN,GUDDETI SATYA NARAYANA,620,70,6.98,68,71,58,70,49,59,84,94,42,93,3.0,3.0,3.0,3.0,3.0,2.0,1.5,1.5,1.5,41,91,42,84,59,66,100,64,118,20IT501 AUTOMATA THEORY AND FORMAL LANGUAGES,20IT502 COMPUTER NETWORKS,20IT503 SOFTWARE ENGINEERING,20IT504/PE01 PROFESSIONAL ELECTIVE-1,20IT505/JO01 JOB ORIENTED ELECTIVE-1,20ITL501/SO03 SOFT SKILLS,20ITL502 SOFTWARE ENGINEERING LAB,20ITL503 JOB ORIENTED ELECTIVE LAB - 1,20ITL504/INT 01 SUMMER INTERNSHIP
y20ait437,GURRAM JAHNAVI,GURRAM PHANINDRA KUMAR,494,114,4.58,110,23,55,40,41,45,82,83,40,85,3.0,3.0,3.0,3.0,3.0,2.0,1.5,1.5,1.5,114,97,115,107,110,119,112,115,121,20IT501 AUTOMATA THEORY AND FORMAL LANGUAGES,20IT502 COMPUTER NETWORKS,20IT503 SOFTWARE ENGINEERING,20IT504/PE01 PROFESSIONAL ELECTIVE-1,20IT505/JO01 JOB ORIENTED ELECTIVE-1,20ITL501/SO03 SOFT SKILLS,20ITL502 SOFTWARE ENGINEERING LAB,20ITL503 JOB ORIENTED ELECTIVE LAB - 1,20ITL504/INT 01 SUMMER INTERNSHIP
y20ait438,GURRAM SANGHAVI,GURRAM SAMBA SIVA RAO,705,32,8.16,31,79,79,76,60,70,86,94,66,95,3.0,3.0,3.0,3.0,3.0,2.0,1.5,1.5,1.5,25,31,26,49,12,37,78,63,47,20IT501 AUTOMATA THEORY AND FORMAL LANGUAGES,20IT502 COMPUTER NETWORKS,20IT503 SOFTWARE ENGINEERING,20IT504/PE01 PROFESSIONAL ELECTIVE-1,20IT505/JO01 JOB ORIENTED ELECTIVE-1,20ITL501/SO03 SOFT SKILLS,20ITL502 SOFTWARE ENGINEERING LAB,20ITL503 JOB ORIENTED ELECTIVE LAB - 1,20ITL504/INT 01 SUMMER INTERNSHIP
y20ait440,IMMADISETTY VASANTHA LAKSHMI,IMMADISETTY VENKATA SUBBA RAO,607,76,6.91,73,54,69,70,62,48,85,82,44,93,3.0,3.0,3.0,3.0,3.0,2.0,1.5,1.5,1.5,70,66,41,43,99,68,94,116,103,20IT501 AUTOMATA THEORY AND FORMAL LANGUAGES,20IT502 COMPUTER NETWORKS,20IT503 SOFTWARE ENGINEERING,20IT504/PE01 PROFESSIONAL ELECTIVE-1,20IT505/JO01 JOB ORIENTED ELECTIVE-1,20ITL501/SO03 SOFT SKILLS,20ITL502 SOFTWARE ENGINEERING LAB,20ITL503 JOB ORIENTED ELECTIVE LAB - 1,20ITL504/INT 01 SUMMER INTERNSHIP
y20ait442,JONNALAGADDA SANDHYA,JONNALAGADDA RAVI KUMAR,491,115,4.2,116,46,40,28,43,46,85,73,43,87,3.0,3.0,3.0,3.0,3.0,2.0,1.5,1.5,1.5,88,120,119,102,104,115,92,120,114,20IT501 AUTOMATA THEORY AND FORMAL LANGUAGES,20IT502 COMPUTER NETWORKS,20IT503 SOFTWARE ENGINEERING,20IT504/PE01 PROFESSIONAL ELECTIVE-1,20IT505/JO01 JOB ORIENTED ELECTIVE-1,20ITL501/SO03 SOFT SKILLS,20ITL502 SOFTWARE ENGINEERING LAB,20ITL503 JOB ORIENTED ELECTIVE LAB - 1,20ITL504/INT 01 SUMMER INTERNSHIP
y20ait443,JONNALAGADDA VASUNDHARA,SRINIVASA RAO,712,29,8.09,34,84,82,79,58,59,87,91,77,95,3.0,3.0,3.0,3.0,3.0,2.0,1.5,1.5,1.5,13,20,18,56,58,46,62,92,27,20IT501 AUTOMATA THEORY AND FORMAL LANGUAGES,20IT502 COMPUTER NETWORKS,20IT503 SOFTWARE ENGINEERING,20IT504/PE01 PROFESSIONAL ELECTIVE-1,20IT505/JO01 JOB ORIENTED ELECTIVE-1,20ITL501/SO03 SOFT SKILLS,20ITL502 SOFTWARE ENGINEERING LAB,20ITL503 JOB ORIENTED ELECTIVE LAB - 1,20ITL504/INT 01 SUMMER INTERNSHIP
y20ait444,KAKARLA MEGHANA,KAKARLA SRI HARI SATYANARAYANA,751,7,8.67,9,84,88,85,68,71,93,97,68,97,3.0,3.0,3.0,3.0,3.0,2.0,1.5,1.5,1.5,9,1,5,28,6,7,4,21,42,20IT501 AUTOMATA THEORY AND FORMAL LANGUAGES,20IT502 COMPUTER NETWORKS,20IT503 SOFTWARE ENGINEERING,20IT504/PE01 PROFESSIONAL ELECTIVE-1,20IT505/JO01 JOB ORIENTED ELECTIVE-1,20ITL501/SO03 SOFT SKILLS,20ITL502 SOFTWARE ENGINEERING LAB,20ITL503 JOB ORIENTED ELECTIVE LAB - 1,20ITL504/INT 01 SUMMER INTERNSHIP
y20ait445,KAKI VENKATABHANUPRAKASH,KAKI SRINIVASARAO,585,84,6.28,84,54,58,52,44,47,83,96,57,94,3.0,3.0,3.0,3.0,3.0,2.0,1.5,1.5,1.5,71,92,81,94,101,61,105,38,57,20IT501 AUTOMATA THEORY AND FORMAL LANGUAGES,20IT502 COMPUTER NETWORKS,20IT503 SOFTWARE ENGINEERING,20IT504/PE01 PROFESSIONAL ELECTIVE-1,20IT505/JO01 JOB ORIENTED ELECTIVE-1,20ITL501/SO03 SOFT SKILLS,20ITL502 SOFTWARE ENGINEERING LAB,20ITL503 JOB ORIENTED ELECTIVE LAB - 1,20ITL504/INT 01 SUMMER INTERNSHIP
y20ait446,KAMPASATI MOHANA SAI CHANDU,KAMPASATI RAM KRISHNA,560,96,6.07,93,42,58,56,43,54,87,85,44,91,3.0,3.0,3.0,3.0,3.0,2.0,1.5,1.5,1.5,98,87,71,99,77,89,69,113,104,20IT501 AUTOMATA THEORY AND FORMAL LANGUAGES,20IT502 COMPUTER NETWORKS,20IT503 SOFTWARE ENGINEERING,20IT504/PE01 PROFESSIONAL ELECTIVE-1,20IT505/JO01 JOB ORIENTED ELECTIVE-1,20ITL501/SO03 SOFT SKILLS,20ITL502 SOFTWARE ENGINEERING LAB,20ITL503 JOB ORIENTED ELECTIVE LAB - 1,20ITL504/INT 01 SUMMER INTERNSHIP
y20ait447,KANAKAPUDI KARTHIK,KANAKAPUDI RAVI,655,56,7.13,61,53,69,69,56,63,89,96,67,93,3.0,3.0,3.0,3.0,3.0,2.0,1.5,1.5,1.5,74,67,43,61,40,73,44,27,45,20IT501 AUTOMATA THEORY AND FORMAL LANGUAGES,20IT502 COMPUTER NETWORKS,20IT503 SOFTWARE ENGINEERING,20IT504/PE01 PROFESSIONAL ELECTIVE-1,20IT505/JO01 JOB ORIENTED ELECTIVE-1,20ITL501/SO03 SOFT SKILLS,20ITL502 SOFTWARE ENGINEERING LAB,20ITL503 JOB ORIENTED ELECTIVE LAB - 1,20ITL504/INT 01 SUMMER INTERNSHIP
y20ait448,KANCHETI TRIVENI,KANCHETI KOTESWARARAO,748,8,8.6,12,88,86,74,71,66,94,97,75,97,3.0,3.0,3.0,3.0,3.0,2.0,1.5,1.5,1.5,3,4,36,17,26,11,2,20,31,20IT501 AUTOMATA THEORY AND FORMAL LANGUAGES,20IT502 COMPUTER NETWORKS,20IT503 SOFTWARE ENGINEERING,20IT504/PE01 PROFESSIONAL ELECTIVE-1,20IT505/JO01 JOB ORIENTED ELECTIVE-1,20ITL501/SO03 SOFT SKILLS,20ITL502 SOFTWARE ENGINEERING LAB,20ITL503 JOB ORIENTED ELECTIVE LAB - 1,20ITL504/INT 01 SUMMER INTERNSHIP
y20ait449,KANTAMNENI MEGHANA,KANTAMNENI KOTESWA RAO,774,3,9.09,2,91,85,84,71,72,91,96,86,98,3.0,3.0,3.0,3.0,3.0,2.0,1.5,1.5,1.5,2,8,9,16,4,1,16,39,1,20IT501 AUTOMATA THEORY AND FORMAL LANGUAGES,20IT502 COMPUTER NETWORKS,20IT503 SOFTWARE ENGINEERING,20IT504/PE01 PROFESSIONAL ELECTIVE-1,20IT505/JO01 JOB ORIENTED ELECTIVE-1,20ITL501/SO03 SOFT SKILLS,20ITL502 SOFTWARE ENGINEERING LAB,20ITL503 JOB ORIENTED ELECTIVE LAB - 1,20ITL504/INT 01 SUMMER INTERNSHIP
y20ait450,KARINI PRADEEP,K MALLIKARJUNA RAO,668,48,7.91,40,73,72,74,64,52,91,95,52,95,3.0,3.0,3.0,3.0,3.0,2.0,1.5,1.5,1.5,36,57,31,39,87,52,19,46,70,20IT501 AUTOMATA THEORY AND FORMAL LANGUAGES,20IT502 COMPUTER NETWORKS,20IT503 SOFTWARE ENGINEERING,20IT504/PE01 PROFESSIONAL ELECTIVE-1,20IT505/JO01 JOB ORIENTED ELECTIVE-1,20ITL501/SO03 SOFT SKILLS,20ITL502 SOFTWARE ENGINEERING LAB,20ITL503 JOB ORIENTED ELECTIVE LAB - 1,20ITL504/INT 01 SUMMER INTERNSHIP
y20ait451,KARRA SHANMUKH,KARRA RAM BABU,589,82,6.15,91,60,55,43,52,44,86,89,68,92,3.0,3.0,3.0,3.0,3.0,2.0,1.5,1.5,1.5,56,98,104,73,112,85,85,104,40,20IT501 AUTOMATA THEORY AND FORMAL LANGUAGES,20IT502 COMPUTER NETWORKS,20IT503 SOFTWARE ENGINEERING,20IT504/PE01 PROFESSIONAL ELECTIVE-1,20IT505/JO01 JOB ORIENTED ELECTIVE-1,20ITL501/SO03 SOFT SKILLS,20ITL502 SOFTWARE ENGINEERING LAB,20ITL503 JOB ORIENTED ELECTIVE LAB - 1,20ITL504/INT 01 SUMMER INTERNSHIP
y20ait452,KAVALA SATHVIKA,KAVALA YESURATNAM,598,80,6.42,80,45,65,55,50,48,88,87,67,93,3.0,3.0,3.0,3.0,3.0,2.0,1.5,1.5,1.5,89,78,72,81,100,71,55,110,44,20IT501 AUTOMATA THEORY AND FORMAL LANGUAGES,20IT502 COMPUTER NETWORKS,20IT503 SOFTWARE ENGINEERING,20IT504/PE01 PROFESSIONAL ELECTIVE-1,20IT505/JO01 JOB ORIENTED ELECTIVE-1,20ITL501/SO03 SOFT SKILLS,20ITL502 SOFTWARE ENGINEERING LAB,20ITL503 JOB ORIENTED ELECTIVE LAB - 1,20ITL504/INT 01 SUMMER INTERNSHIP
y20ait453,KOMMINENI BHARGAVA RAMA CHOWDARY,KOMMINENI RAGHU BABU,744,10,8.53,14,87,79,85,69,60,91,96,81,96,3.0,3.0,3.0,3.0,3.0,2.0,1.5,1.5,1.5,5,33,6,24,57,32,11,30,17,20IT501 AUTOMATA THEORY AND FORMAL LANGUAGES,20IT502 COMPUTER NETWORKS,20IT503 SOFTWARE ENGINEERING,20IT504/PE01 PROFESSIONAL ELECTIVE-1,20IT505/JO01 JOB ORIENTED ELECTIVE-1,20ITL501/SO03 SOFT SKILLS,20ITL502 SOFTWARE ENGINEERING LAB,20ITL503 JOB ORIENTED ELECTIVE LAB - 1,20ITL504/INT 01 SUMMER INTERNSHIP
y20ait454,KOMMINENI LIKHITH SAI,KOMMINENI ANIL CHOWDARY,87,124,0.0,124,0,0,0,0,0,22,23,42,0,3.0,3.0,3.0,3.0,3.0,2.0,1.5,1.5,1.5,124,124,124,124,124,124,124,124,115,20IT501 AUTOMATA THEORY AND FORMAL LANGUAGES,20IT502 COMPUTER NETWORKS,20IT503 SOFTWARE ENGINEERING,20IT504/PE01 PROFESSIONAL ELECTIVE-1,20IT505/JO01 JOB ORIENTED ELECTIVE-1,20ITL501/SO03 SOFT SKILLS,20ITL502 SOFTWARE ENGINEERING LAB,20ITL503 JOB ORIENTED ELECTIVE LAB - 1,20ITL504/INT 01 SUMMER INTERNSHIP
y20ait455,KOMMURU ASHOK,KOMMURU VENKATESWARARAO,658,53,7.49,50,59,72,76,69,59,91,96,43,93,3.0,3.0,3.0,3.0,3.0,2.0,1.5,1.5,1.5,58,59,25,26,60,67,12,42,110,20IT501 AUTOMATA THEORY AND FORMAL LANGUAGES,20IT502 COMPUTER NETWORKS,20IT503 SOFTWARE ENGINEERING,20IT504/PE01 PROFESSIONAL ELECTIVE-1,20IT505/JO01 JOB ORIENTED ELECTIVE-1,20ITL501/SO03 SOFT SKILLS,20ITL502 SOFTWARE ENGINEERING LAB,20ITL503 JOB ORIENTED ELECTIVE LAB - 1,20ITL504/INT 01 SUMMER INTERNSHIP
y20ait456,KONAKALA SAI TEJA,KONAKALA SRINIVASA RAO,436,120,3.53,119,15,15,53,15,52,86,67,48,85,3.0,3.0,3.0,3.0,3.0,2.0,1.5,1.5,1.5,116,122,77,120,88,122,82,122,82,20IT501 AUTOMATA THEORY AND FORMAL LANGUAGES,20IT502 COMPUTER NETWORKS,20IT503 SOFTWARE ENGINEERING,20IT504/PE01 PROFESSIONAL ELECTIVE-1,20IT505/JO01 JOB ORIENTED ELECTIVE-1,20ITL501/SO03 SOFT SKILLS,20ITL502 SOFTWARE ENGINEERING LAB,20ITL503 JOB ORIENTED ELECTIVE LAB - 1,20ITL504/INT 01 SUMMER INTERNSHIP
y20ait457,KOPPARAPU AKSHITHA,PRASAD,718,28,8.16,32,86,71,77,67,57,87,94,82,97,3.0,3.0,3.0,3.0,3.0,2.0,1.5,1.5,1.5,7,61,20,29,70,20,63,67,11,20IT501 AUTOMATA THEORY AND FORMAL LANGUAGES,20IT502 COMPUTER NETWORKS,20IT503 SOFTWARE ENGINEERING,20IT504/PE01 PROFESSIONAL ELECTIVE-1,20IT505/JO01 JOB ORIENTED ELECTIVE-1,20ITL501/SO03 SOFT SKILLS,20ITL502 SOFTWARE ENGINEERING LAB,20ITL503 JOB ORIENTED ELECTIVE LAB - 1,20ITL504/INT 01 SUMMER INTERNSHIP
y20ait458,KORIVI SUDEEP CHAND,KORIVI VEERAIAH,541,102,5.55,102,44,49,61,47,54,83,74,40,89,3.0,3.0,3.0,3.0,3.0,2.0,1.5,1.5,1.5,91,111,60,87,76,104,107,118,123,20IT501 AUTOMATA THEORY AND FORMAL LANGUAGES,20IT502 COMPUTER NETWORKS,20IT503 SOFTWARE ENGINEERING,20IT504/PE01 PROFESSIONAL ELECTIVE-1,20IT505/JO01 JOB ORIENTED ELECTIVE-1,20ITL501/SO03 SOFT SKILLS,20ITL502 SOFTWARE ENGINEERING LAB,20ITL503 JOB ORIENTED ELECTIVE LAB - 1,20ITL504/INT 01 SUMMER INTERNSHIP
y20ait459,KOYA VENKATA SIVA SAI DURGA PRASAD,KOYA RAGHU NADHA RAO,729,23,8.47,17,74,83,77,72,64,90,98,74,97,3.0,3.0,3.0,3.0,3.0,2.0,1.5,1.5,1.5,33,14,19,15,36,10,23,9,32,20IT501 AUTOMATA THEORY AND FORMAL LANGUAGES,20IT502 COMPUTER NETWORKS,20IT503 SOFTWARE ENGINEERING,20IT504/PE01 PROFESSIONAL ELECTIVE-1,20IT505/JO01 JOB ORIENTED ELECTIVE-1,20ITL501/SO03 SOFT SKILLS,20ITL502 SOFTWARE ENGINEERING LAB,20ITL503 JOB ORIENTED ELECTIVE LAB - 1,20ITL504/INT 01 SUMMER INTERNSHIP
y20ait460,KUNDETI MOUNIKA,KUNDETI MALLIKARJUNA,760,5,8.79,6,75,82,88,80,75,89,96,78,97,3.0,3.0,3.0,3.0,3.0,2.0,1.5,1.5,1.5,32,21,3,8,1,15,42,35,23,20IT501 AUTOMATA THEORY AND FORMAL LANGUAGES,20IT502 COMPUTER NETWORKS,20IT503 SOFTWARE ENGINEERING,20IT504/PE01 PROFESSIONAL ELECTIVE-1,20IT505/JO01 JOB ORIENTED ELECTIVE-1,20ITL501/SO03 SOFT SKILLS,20ITL502 SOFTWARE ENGINEERING LAB,20ITL503 JOB ORIENTED ELECTIVE LAB - 1,20ITL504/INT 01 SUMMER INTERNSHIP
y20ait462,LEEMOJI REDDY APPALA,SRINIVASULA REDDY APPALA,753,6,8.67,8,77,83,79,83,66,91,97,80,97,3.0,3.0,3.0,3.0,3.0,2.0,1.5,1.5,1.5,30,15,17,4,23,6,14,23,20,20IT501 AUTOMATA THEORY AND FORMAL LANGUAGES,20IT502 COMPUTER NETWORKS,20IT503 SOFTWARE ENGINEERING,20IT504/PE01 PROFESSIONAL ELECTIVE-1,20IT505/JO01 JOB ORIENTED ELECTIVE-1,20ITL501/SO03 SOFT SKILLS,20ITL502 SOFTWARE ENGINEERING LAB,20ITL503 JOB ORIENTED ELECTIVE LAB - 1,20ITL504/INT 01 SUMMER INTERNSHIP
y20ait463,LELLA TANUJA,LELLA VITAL BABU,637,61,7.33,58,56,68,67,50,60,86,95,60,95,3.0,3.0,3.0,3.0,3.0,2.0,1.5,1.5,1.5,61,70,49,80,52,40,86,56,53,20IT501 AUTOMATA THEORY AND FORMAL LANGUAGES,20IT502 COMPUTER NETWORKS,20IT503 SOFTWARE ENGINEERING,20IT504/PE01 PROFESSIONAL ELECTIVE-1,20IT505/JO01 JOB ORIENTED ELECTIVE-1,20ITL501/SO03 SOFT SKILLS,20ITL502 SOFTWARE ENGINEERING LAB,20ITL503 JOB ORIENTED ELECTIVE LAB - 1,20ITL504/INT 01 SUMMER INTERNSHIP
y20ait464,LOKIREDDY PAVITHRA,LOKIREDDY SRINIVASA REDDY,722,25,8.4,22,79,71,76,70,61,91,95,83,96,3.0,3.0,3.0,3.0,3.0,2.0,1.5,1.5,1.5,24,62,23,19,49,31,10,55,8,20IT501 AUTOMATA THEORY AND FORMAL LANGUAGES,20IT502 COMPUTER NETWORKS,20IT503 SOFTWARE ENGINEERING,20IT504/PE01 PROFESSIONAL ELECTIVE-1,20IT505/JO01 JOB ORIENTED ELECTIVE-1,20ITL501/SO03 SOFT SKILLS,20ITL502 SOFTWARE ENGINEERING LAB,20ITL503 JOB ORIENTED ELECTIVE LAB - 1,20ITL504/INT 01 SUMMER INTERNSHIP
y20ait465,MANDAPALLI SAMBA SIVA RAO,MANDAPALLI BUJJI BABU,609,74,7.12,63,54,70,52,54,56,84,92,53,94,3.0,3.0,3.0,3.0,3.0,2.0,1.5,1.5,1.5,72,65,78,67,73,64,99,86,69,20IT501 AUTOMATA THEORY AND FORMAL LANGUAGES,20IT502 COMPUTER NETWORKS,20IT503 SOFTWARE ENGINEERING,20IT504/PE01 PROFESSIONAL ELECTIVE-1,20IT505/JO01 JOB ORIENTED ELECTIVE-1,20ITL501/SO03 SOFT SKILLS,20ITL502 SOFTWARE ENGINEERING LAB,20ITL503 JOB ORIENTED ELECTIVE LAB - 1,20ITL504/INT 01 SUMMER INTERNSHIP
y20ait466,MANDE SNEHA,MANDE VEERAIAH,619,71,6.7,76,60,64,46,45,56,83,92,79,94,3.0,3.0,3.0,3.0,3.0,2.0,1.5,1.5,1.5,57,81,99,90,72,57,104,84,22,20IT501 AUTOMATA THEORY AND FORMAL LANGUAGES,20IT502 COMPUTER NETWORKS,20IT503 SOFTWARE ENGINEERING,20IT504/PE01 PROFESSIONAL ELECTIVE-1,20IT505/JO01 JOB ORIENTED ELECTIVE-1,20ITL501/SO03 SOFT SKILLS,20ITL502 SOFTWARE ENGINEERING LAB,20ITL503 JOB ORIENTED ELECTIVE LAB - 1,20ITL504/INT 01 SUMMER INTERNSHIP
y20ait467,MARELLA PUJITHA,MARELLA SRINIVASA RAO,736,16,8.3,24,79,84,67,72,66,88,98,85,97,3.0,3.0,3.0,3.0,3.0,2.0,1.5,1.5,1.5,26,9,50,14,27,18,53,10,4,20IT501 AUTOMATA THEORY AND FORMAL LANGUAGES,20IT502 COMPUTER NETWORKS,20IT503 SOFTWARE ENGINEERING,20IT504/PE01 PROFESSIONAL ELECTIVE-1,20IT505/JO01 JOB ORIENTED ELECTIVE-1,20ITL501/SO03 SOFT SKILLS,20ITL502 SOFTWARE ENGINEERING LAB,20ITL503 JOB ORIENTED ELECTIVE LAB - 1,20ITL504/INT 01 SUMMER INTERNSHIP
y20ait468,MERIGALA MANOJ KUMAR,MERIGALA CHINNA RAO,560,97,6.09,92,43,62,43,42,55,90,90,44,91,3.0,3.0,3.0,3.0,3.0,2.0,1.5,1.5,1.5,95,85,105,104,75,86,30,100,101,20IT501 AUTOMATA THEORY AND FORMAL LANGUAGES,20IT502 COMPUTER NETWORKS,20IT503 SOFTWARE ENGINEERING,20IT504/PE01 PROFESSIONAL ELECTIVE-1,20IT505/JO01 JOB ORIENTED ELECTIVE-1,20ITL501/SO03 SOFT SKILLS,20ITL502 SOFTWARE ENGINEERING LAB,20ITL503 JOB ORIENTED ELECTIVE LAB - 1,20ITL504/INT 01 SUMMER INTERNSHIP
y20ait469,MIKKILI SUNNY,MIKKILI KOTESRWARARAO,266,123,1.53,123,0,0,23,0,0,23,89,45,86,3.0,3.0,3.0,3.0,3.0,2.0,1.5,1.5,1.5,123,123,121,123,123,117,123,105,91,20IT501 AUTOMATA THEORY AND FORMAL LANGUAGES,20IT502 COMPUTER NETWORKS,20IT503 SOFTWARE ENGINEERING,20IT504/PE01 PROFESSIONAL ELECTIVE-1,20IT505/JO01 JOB ORIENTED ELECTIVE-1,20ITL501/SO03 SOFT SKILLS,20ITL502 SOFTWARE ENGINEERING LAB,20ITL503 JOB ORIENTED ELECTIVE LAB - 1,20ITL504/INT 01 SUMMER INTERNSHIP
y20ait470,MULE VENKATA SIREESHA,MULE SRINIVASULU REDDY,734,17,8.44,20,71,83,76,71,69,88,96,83,97,3.0,3.0,3.0,3.0,3.0,2.0,1.5,1.5,1.5,40,13,24,18,16,22,54,32,9,20IT501 AUTOMATA THEORY AND FORMAL LANGUAGES,20IT502 COMPUTER NETWORKS,20IT503 SOFTWARE ENGINEERING,20IT504/PE01 PROFESSIONAL ELECTIVE-1,20IT505/JO01 JOB ORIENTED ELECTIVE-1,20ITL501/SO03 SOFT SKILLS,20ITL502 SOFTWARE ENGINEERING LAB,20ITL503 JOB ORIENTED ELECTIVE LAB - 1,20ITL504/INT 01 SUMMER INTERNSHIP
y20ait471,MUPPALLA SHAHIL KHAN,MUPPALA MAHABOOB KHAN,611,73,6.91,72,40,74,61,52,62,87,97,49,89,3.0,3.0,3.0,3.0,3.0,2.0,1.5,1.5,1.5,106,46,59,75,45,106,64,19,79,20IT501 AUTOMATA THEORY AND FORMAL LANGUAGES,20IT502 COMPUTER NETWORKS,20IT503 SOFTWARE ENGINEERING,20IT504/PE01 PROFESSIONAL ELECTIVE-1,20IT505/JO01 JOB ORIENTED ELECTIVE-1,20ITL501/SO03 SOFT SKILLS,20ITL502 SOFTWARE ENGINEERING LAB,20ITL503 JOB ORIENTED ELECTIVE LAB - 1,20ITL504/INT 01 SUMMER INTERNSHIP
y20ait472,MURUKURTHI LAXMI NARENDRA,MURUKURTHI ESWARA RAO,580,88,5.95,94,40,69,46,49,52,90,93,50,91,3.0,3.0,3.0,3.0,3.0,2.0,1.5,1.5,1.5,109,68,101,85,86,96,22,79,76,20IT501 AUTOMATA THEORY AND FORMAL LANGUAGES,20IT502 COMPUTER NETWORKS,20IT503 SOFTWARE ENGINEERING,20IT504/PE01 PROFESSIONAL ELECTIVE-1,20IT505/JO01 JOB ORIENTED ELECTIVE-1,20ITL501/SO03 SOFT SKILLS,20ITL502 SOFTWARE ENGINEERING LAB,20ITL503 JOB ORIENTED ELECTIVE LAB - 1,20ITL504/INT 01 SUMMER INTERNSHIP
y20ait474,NANNAPANENI PRANATHI,NANNAPANENI SRINIVASA RAO,572,94,6.42,81,51,60,51,42,46,87,91,53,91,3.0,3.0,3.0,3.0,3.0,2.0,1.5,1.5,1.5,81,86,82,105,105,90,74,95,68,20IT501 AUTOMATA THEORY AND FORMAL LANGUAGES,20IT502 COMPUTER NETWORKS,20IT503 SOFTWARE ENGINEERING,20IT504/PE01 PROFESSIONAL ELECTIVE-1,20IT505/JO01 JOB ORIENTED ELECTIVE-1,20ITL501/SO03 SOFT SKILLS,20ITL502 SOFTWARE ENGINEERING LAB,20ITL503 JOB ORIENTED ELECTIVE LAB - 1,20ITL504/INT 01 SUMMER INTERNSHIP
y20ait475,NARNE AKASH,NARNE HARIBABU,574,92,6.23,89,46,67,50,40,45,91,90,54,91,3.0,3.0,3.0,3.0,3.0,2.0,1.5,1.5,1.5,87,74,86,115,107,95,17,96,64,20IT501 AUTOMATA THEORY AND FORMAL LANGUAGES,20IT502 COMPUTER NETWORKS,20IT503 SOFTWARE ENGINEERING,20IT504/PE01 PROFESSIONAL ELECTIVE-1,20IT505/JO01 JOB ORIENTED ELECTIVE-1,20ITL501/SO03 SOFT SKILLS,20ITL502 SOFTWARE ENGINEERING LAB,20ITL503 JOB ORIENTED ELECTIVE LAB - 1,20ITL504/INT 01 SUMMER INTERNSHIP
y20ait477,PADALA VENKATA SAI BALAJI,PADALA VENKATA SRINIVASA RAO,668,47,7.67,45,65,82,62,59,64,88,95,56,97,3.0,3.0,3.0,3.0,3.0,2.0,1.5,1.5,1.5,48,18,57,51,35,13,59,49,59,20IT501 AUTOMATA THEORY AND FORMAL LANGUAGES,20IT502 COMPUTER NETWORKS,20IT503 SOFTWARE ENGINEERING,20IT504/PE01 PROFESSIONAL ELECTIVE-1,20IT505/JO01 JOB ORIENTED ELECTIVE-1,20ITL501/SO03 SOFT SKILLS,20ITL502 SOFTWARE ENGINEERING LAB,20ITL503 JOB ORIENTED ELECTIVE LAB - 1,20ITL504/INT 01 SUMMER INTERNSHIP
y20ait478,PALERU THRIVENI,PALERU SRINIVASARAO,373,122,2.25,122,15,16,16,15,40,85,59,43,84,3.0,3.0,3.0,3.0,3.0,2.0,1.5,1.5,1.5,117,121,123,121,121,123,90,123,111,20IT501 AUTOMATA THEORY AND FORMAL LANGUAGES,20IT502 COMPUTER NETWORKS,20IT503 SOFTWARE ENGINEERING,20IT504/PE01 PROFESSIONAL ELECTIVE-1,20IT505/JO01 JOB ORIENTED ELECTIVE-1,20ITL501/SO03 SOFT SKILLS,20ITL502 SOFTWARE ENGINEERING LAB,20ITL503 JOB ORIENTED ELECTIVE LAB - 1,20ITL504/INT 01 SUMMER INTERNSHIP
y20ait480,PANDI PRAVEEN,PANDI RAVI,673,45,7.63,48,81,75,60,49,66,91,96,58,97,3.0,3.0,3.0,3.0,3.0,2.0,1.5,1.5,1.5,18,41,62,86,24,8,13,37,55,20IT501 AUTOMATA THEORY AND FORMAL LANGUAGES,20IT502 COMPUTER NETWORKS,20IT503 SOFTWARE ENGINEERING,20IT504/PE01 PROFESSIONAL ELECTIVE-1,20IT505/JO01 JOB ORIENTED ELECTIVE-1,20ITL501/SO03 SOFT SKILLS,20ITL502 SOFTWARE ENGINEERING LAB,20ITL503 JOB ORIENTED ELECTIVE LAB - 1,20ITL504/INT 01 SUMMER INTERNSHIP
y20ait481,PARUCHURI SUPRAJA,PARUCHURI SRINU,730,22,8.47,18,76,85,72,70,68,90,99,73,97,3.0,3.0,3.0,3.0,3.0,2.0,1.5,1.5,1.5,31,6,40,21,20,9,32,7,33,20IT501 AUTOMATA THEORY AND FORMAL LANGUAGES,20IT502 COMPUTER NETWORKS,20IT503 SOFTWARE ENGINEERING,20IT504/PE01 PROFESSIONAL ELECTIVE-1,20IT505/JO01 JOB ORIENTED ELECTIVE-1,20ITL501/SO03 SOFT SKILLS,20ITL502 SOFTWARE ENGINEERING LAB,20ITL503 JOB ORIENTED ELECTIVE LAB - 1,20ITL504/INT 01 SUMMER INTERNSHIP
y20ait482,PASAM SURYA VAMSI,PASAM SRINIVASA RAO,639,59,7.12,62,65,76,49,53,61,89,97,53,96,3.0,3.0,3.0,3.0,3.0,2.0,1.5,1.5,1.5,47,36,90,72,48,25,41,22,67,20IT501 AUTOMATA THEORY AND FORMAL LANGUAGES,20IT502 COMPUTER NETWORKS,20IT503 SOFTWARE ENGINEERING,20IT504/PE01 PROFESSIONAL ELECTIVE-1,20IT505/JO01 JOB ORIENTED ELECTIVE-1,20ITL501/SO03 SOFT SKILLS,20ITL502 SOFTWARE ENGINEERING LAB,20ITL503 JOB ORIENTED ELECTIVE LAB - 1,20ITL504/INT 01 SUMMER INTERNSHIP
y20ait484,PEETHA BALAJI,PEETHA ANJANEYULU,675,44,7.95,38,55,75,81,70,63,87,93,56,95,3.0,3.0,3.0,3.0,3.0,2.0,1.5,1.5,1.5,66,39,14,22,41,35,66,78,58,20IT501 AUTOMATA THEORY AND FORMAL LANGUAGES,20IT502 COMPUTER NETWORKS,20IT503 SOFTWARE ENGINEERING,20IT504/PE01 PROFESSIONAL ELECTIVE-1,20IT505/JO01 JOB ORIENTED ELECTIVE-1,20ITL501/SO03 SOFT SKILLS,20ITL502 SOFTWARE ENGINEERING LAB,20ITL503 JOB ORIENTED ELECTIVE LAB - 1,20ITL504/INT 01 SUMMER INTERNSHIP
y20ait485,PERIKALA SRAVANTHI,PERIKALA gandhi,586,83,5.85,98,44,58,49,55,58,87,96,48,91,3.0,3.0,3.0,3.0,3.0,2.0,1.5,1.5,1.5,92,88,89,64,64,93,72,44,83,20IT501 AUTOMATA THEORY AND FORMAL LANGUAGES,20IT502 COMPUTER NETWORKS,20IT503 SOFTWARE ENGINEERING,20IT504/PE01 PROFESSIONAL ELECTIVE-1,20IT505/JO01 JOB ORIENTED ELECTIVE-1,20ITL501/SO03 SOFT SKILLS,20ITL502 SOFTWARE ENGINEERING LAB,20ITL503 JOB ORIENTED ELECTIVE LAB - 1,20ITL504/INT 01 SUMMER INTERNSHIP
y20ait486,PERUMALLA AKHIL,PERUMALLA KIRAN KUMAR,526,109,4.95,109,42,47,41,40,42,88,92,46,88,3.0,3.0,3.0,3.0,3.0,2.0,1.5,1.5,1.5,97,114,113,113,115,112,51,89,89,20IT501 AUTOMATA THEORY AND FORMAL LANGUAGES,20IT502 COMPUTER NETWORKS,20IT503 SOFTWARE ENGINEERING,20IT504/PE01 PROFESSIONAL ELECTIVE-1,20IT505/JO01 JOB ORIENTED ELECTIVE-1,20ITL501/SO03 SOFT SKILLS,20ITL502 SOFTWARE ENGINEERING LAB,20ITL503 JOB ORIENTED ELECTIVE LAB - 1,20ITL504/INT 01 SUMMER INTERNSHIP
y20ait487,PINJALA SASIDHAR,PINJALA LAKSHMI NARAYANA,658,52,7.67,47,60,74,60,50,62,86,94,77,95,3.0,3.0,3.0,3.0,3.0,2.0,1.5,1.5,1.5,55,48,61,82,43,47,84,66,26,20IT501 AUTOMATA THEORY AND FORMAL LANGUAGES,20IT502 COMPUTER NETWORKS,20IT503 SOFTWARE ENGINEERING,20IT504/PE01 PROFESSIONAL ELECTIVE-1,20IT505/JO01 JOB ORIENTED ELECTIVE-1,20ITL501/SO03 SOFT SKILLS,20ITL502 SOFTWARE ENGINEERING LAB,20ITL503 JOB ORIENTED ELECTIVE LAB - 1,20ITL504/INT 01 SUMMER INTERNSHIP
y20ait489,POLEBOINA BHAVANI KUMAR,POLEBOINA RAMAIAH,690,37,7.95,37,80,83,54,57,65,88,95,72,96,3.0,3.0,3.0,3.0,3.0,2.0,1.5,1.5,1.5,22,17,76,57,31,29,56,52,34,20IT501 AUTOMATA THEORY AND FORMAL LANGUAGES,20IT502 COMPUTER NETWORKS,20IT503 SOFTWARE ENGINEERING,20IT504/PE01 PROFESSIONAL ELECTIVE-1,20IT505/JO01 JOB ORIENTED ELECTIVE-1,20ITL501/SO03 SOFT SKILLS,20ITL502 SOFTWARE ENGINEERING LAB,20ITL503 JOB ORIENTED ELECTIVE LAB - 1,20ITL504/INT 01 SUMMER INTERNSHIP
y20ait490,POTTURI SRIRAM,POTTURI NAGISETTY,675,43,7.47,52,85,79,47,57,66,85,96,66,94,3.0,3.0,3.0,3.0,3.0,2.0,1.5,1.5,1.5,8,28,93,59,28,63,93,34,48,20IT501 AUTOMATA THEORY AND FORMAL LANGUAGES,20IT502 COMPUTER NETWORKS,20IT503 SOFTWARE ENGINEERING,20IT504/PE01 PROFESSIONAL ELECTIVE-1,20IT505/JO01 JOB ORIENTED ELECTIVE-1,20ITL501/SO03 SOFT SKILLS,20ITL502 SOFTWARE ENGINEERING LAB,20ITL503 JOB ORIENTED ELECTIVE LAB - 1,20ITL504/INT 01 SUMMER INTERNSHIP
y20ait491,PUPPALA LEELA SUBHASH,PUPPALA PRASANNA KUMAR,440,119,3.49,120,0,48,29,15,43,88,88,44,85,3.0,3.0,3.0,3.0,3.0,2.0,1.5,1.5,1.5,121,113,118,119,113,120,58,106,107,20IT501 AUTOMATA THEORY AND FORMAL LANGUAGES,20IT502 COMPUTER NETWORKS,20IT503 SOFTWARE ENGINEERING,20IT504/PE01 PROFESSIONAL ELECTIVE-1,20IT505/JO01 JOB ORIENTED ELECTIVE-1,20ITL501/SO03 SOFT SKILLS,20ITL502 SOFTWARE ENGINEERING LAB,20ITL503 JOB ORIENTED ELECTIVE LAB - 1,20ITL504/INT 01 SUMMER INTERNSHIP
y20ait492,PURIMITLA BHASKAR,PURIMITLA VEERANARAYANA,731,20,8.44,19,77,83,75,63,71,89,96,81,96,3.0,3.0,3.0,3.0,3.0,2.0,1.5,1.5,1.5,28,16,27,41,5,33,45,25,14,20IT501 AUTOMATA THEORY AND FORMAL LANGUAGES,20IT502 COMPUTER NETWORKS,20IT503 SOFTWARE ENGINEERING,20IT504/PE01 PROFESSIONAL ELECTIVE-1,20IT505/JO01 JOB ORIENTED ELECTIVE-1,20ITL501/SO03 SOFT SKILLS,20ITL502 SOFTWARE ENGINEERING LAB,20ITL503 JOB ORIENTED ELECTIVE LAB - 1,20ITL504/INT 01 SUMMER INTERNSHIP
y20ait493,RAMANADHAM VENKATESH,RAMANADHAM VEERAANJANEYULU,624,68,7.12,64,56,75,51,58,64,88,96,44,92,3.0,3.0,3.0,3.0,3.0,2.0,1.5,1.5,1.5,63,40,83,55,38,76,60,33,98,20IT501 AUTOMATA THEORY AND FORMAL LANGUAGES,20IT502 COMPUTER NETWORKS,20IT503 SOFTWARE ENGINEERING,20IT504/PE01 PROFESSIONAL ELECTIVE-1,20IT505/JO01 JOB ORIENTED ELECTIVE-1,20ITL501/SO03 SOFT SKILLS,20ITL502 SOFTWARE ENGINEERING LAB,20ITL503 JOB ORIENTED ELECTIVE LAB - 1,20ITL504/INT 01 SUMMER INTERNSHIP
y20ait494,RAVURI MAHESH BABU,RAVURI HARI BABU,535,105,5.55,101,40,66,42,44,50,86,73,44,90,3.0,3.0,3.0,3.0,3.0,2.0,1.5,1.5,1.5,107,75,109,96,95,102,83,119,102,20IT501 AUTOMATA THEORY AND FORMAL LANGUAGES,20IT502 COMPUTER NETWORKS,20IT503 SOFTWARE ENGINEERING,20IT504/PE01 PROFESSIONAL ELECTIVE-1,20IT505/JO01 JOB ORIENTED ELECTIVE-1,20ITL501/SO03 SOFT SKILLS,20ITL502 SOFTWARE ENGINEERING LAB,20ITL503 JOB ORIENTED ELECTIVE LAB - 1,20ITL504/INT 01 SUMMER INTERNSHIP
y20ait495,RAYANI JYOTHI,RAYANI YEDUKONDALU,605,77,6.42,82,54,73,49,47,58,89,98,45,92,3.0,3.0,3.0,3.0,3.0,2.0,1.5,1.5,1.5,69,53,91,88,65,82,37,13,92,20IT501 AUTOMATA THEORY AND FORMAL LANGUAGES,20IT502 COMPUTER NETWORKS,20IT503 SOFTWARE ENGINEERING,20IT504/PE01 PROFESSIONAL ELECTIVE-1,20IT505/JO01 JOB ORIENTED ELECTIVE-1,20ITL501/SO03 SOFT SKILLS,20ITL502 SOFTWARE ENGINEERING LAB,20ITL503 JOB ORIENTED ELECTIVE LAB - 1,20ITL504/INT 01 SUMMER INTERNSHIP
y20ait496,SALAGALA TERESA,SALAGALA SHALAM RAJU,581,87,5.5,103,33,66,57,53,47,90,95,49,91,3.0,3.0,3.0,3.0,3.0,2.0,1.5,1.5,1.5,111,76,70,69,102,97,27,58,80,20IT501 AUTOMATA THEORY AND FORMAL LANGUAGES,20IT502 COMPUTER NETWORKS,20IT503 SOFTWARE ENGINEERING,20IT504/PE01 PROFESSIONAL ELECTIVE-1,20IT505/JO01 JOB ORIENTED ELECTIVE-1,20ITL501/SO03 SOFT SKILLS,20ITL502 SOFTWARE ENGINEERING LAB,20ITL503 JOB ORIENTED ELECTIVE LAB - 1,20ITL504/INT 01 SUMMER INTERNSHIP
y20ait497,SANNAMURI SRI NAGA POOJITHA,SANNAMURI SIVA PRASAD,686,38,7.77,44,47,82,60,62,70,92,98,78,97,3.0,3.0,3.0,3.0,3.0,2.0,1.5,1.5,1.5,85,22,64,44,10,14,8,18,24,20IT501 AUTOMATA THEORY AND FORMAL LANGUAGES,20IT502 COMPUTER NETWORKS,20IT503 SOFTWARE ENGINEERING,20IT504/PE01 PROFESSIONAL ELECTIVE-1,20IT505/JO01 JOB ORIENTED ELECTIVE-1,20ITL501/SO03 SOFT SKILLS,20ITL502 SOFTWARE ENGINEERING LAB,20ITL503 JOB ORIENTED ELECTIVE LAB - 1,20ITL504/INT 01 SUMMER INTERNSHIP
y20ait498,SANNAPUREDDY BALA KRISHNA REDDY,SANNAPUREDDY thimma reddy,767,4,8.72,7,88,85,79,73,75,88,99,83,97,3.0,3.0,3.0,3.0,3.0,2.0,1.5,1.5,1.5,4,5,16,13,2,16,47,5,7,20IT501 AUTOMATA THEORY AND FORMAL LANGUAGES,20IT502 COMPUTER NETWORKS,20IT503 SOFTWARE ENGINEERING,20IT504/PE01 PROFESSIONAL ELECTIVE-1,20IT505/JO01 JOB ORIENTED ELECTIVE-1,20ITL501/SO03 SOFT SKILLS,20ITL502 SOFTWARE ENGINEERING LAB,20ITL503 JOB ORIENTED ELECTIVE LAB - 1,20ITL504/INT 01 SUMMER INTERNSHIP
y20ait499,SEELAM YASWANTH REDDY,VENKAT REDDY,738,15,8.47,16,82,84,77,67,64,90,100,76,98,3.0,3.0,3.0,3.0,3.0,2.0,1.5,1.5,1.5,16,12,21,30,34,2,25,1,29,20IT501 AUTOMATA THEORY AND FORMAL LANGUAGES,20IT502 COMPUTER NETWORKS,20IT503 SOFTWARE ENGINEERING,20IT504/PE01 PROFESSIONAL ELECTIVE-1,20IT505/JO01 JOB ORIENTED ELECTIVE-1,20ITL501/SO03 SOFT SKILLS,20ITL502 SOFTWARE ENGINEERING LAB,20ITL503 JOB ORIENTED ELECTIVE LAB - 1,20ITL504/INT 01 SUMMER INTERNSHIP
y20ait500,SHAIK ALTAF,SHAIK MAHABOOB SUBANI,685,39,7.6,49,56,79,62,66,63,90,98,76,95,3.0,3.0,3.0,3.0,3.0,2.0,1.5,1.5,1.5,64,30,56,32,42,53,31,15,30,20IT501 AUTOMATA THEORY AND FORMAL LANGUAGES,20IT502 COMPUTER NETWORKS,20IT503 SOFTWARE ENGINEERING,20IT504/PE01 PROFESSIONAL ELECTIVE-1,20IT505/JO01 JOB ORIENTED ELECTIVE-1,20ITL501/SO03 SOFT SKILLS,20ITL502 SOFTWARE ENGINEERING LAB,20ITL503 JOB ORIENTED ELECTIVE LAB - 1,20ITL504/INT 01 SUMMER INTERNSHIP
y20ait501,SHAIK AMAN SIDDIQUE,SHAIK MOULALI,519,110,5.03,108,15,54,46,42,53,84,86,51,88,3.0,3.0,3.0,3.0,3.0,2.0,1.5,1.5,1.5,120,99,98,103,82,110,98,111,73,20IT501 AUTOMATA THEORY AND FORMAL LANGUAGES,20IT502 COMPUTER NETWORKS,20IT503 SOFTWARE ENGINEERING,20IT504/PE01 PROFESSIONAL ELECTIVE-1,20IT505/JO01 JOB ORIENTED ELECTIVE-1,20ITL501/SO03 SOFT SKILLS,20ITL502 SOFTWARE ENGINEERING LAB,20ITL503 JOB ORIENTED ELECTIVE LAB - 1,20ITL504/INT 01 SUMMER INTERNSHIP
y20ait502,SHAIK AMOON TABASSUM,SHAIK KHADAR MASTAN,632,63,6.83,74,53,55,59,66,58,89,95,64,93,3.0,3.0,3.0,3.0,3.0,2.0,1.5,1.5,1.5,73,96,68,34,61,75,36,53,50,20IT501 AUTOMATA THEORY AND FORMAL LANGUAGES,20IT502 COMPUTER NETWORKS,20IT503 SOFTWARE ENGINEERING,20IT504/PE01 PROFESSIONAL ELECTIVE-1,20IT505/JO01 JOB ORIENTED ELECTIVE-1,20ITL501/SO03 SOFT SKILLS,20ITL502 SOFTWARE ENGINEERING LAB,20ITL503 JOB ORIENTED ELECTIVE LAB - 1,20ITL504/INT 01 SUMMER INTERNSHIP
y20ait503,SHAIK CHANDINI,SHAIK MOULA SAHEB,544,101,5.1,107,40,49,44,44,43,89,93,53,89,3.0,3.0,3.0,3.0,3.0,2.0,1.5,1.5,1.5,108,112,102,91,114,109,38,81,66,20IT501 AUTOMATA THEORY AND FORMAL LANGUAGES,20IT502 COMPUTER NETWORKS,20IT503 SOFTWARE ENGINEERING,20IT504/PE01 PROFESSIONAL ELECTIVE-1,20IT505/JO01 JOB ORIENTED ELECTIVE-1,20ITL501/SO03 SOFT SKILLS,20ITL502 SOFTWARE ENGINEERING LAB,20ITL503 JOB ORIENTED ELECTIVE LAB - 1,20ITL504/INT 01 SUMMER INTERNSHIP
y20ait504,SHAIK MOHAMMAD SAIFULLA,SHAIK ABDUL HAMEED,539,103,5.4,104,41,45,42,40,60,81,93,48,89,3.0,3.0,3.0,3.0,3.0,2.0,1.5,1.5,1.5,103,116,108,110,54,108,117,80,81,20IT501 AUTOMATA THEORY AND FORMAL LANGUAGES,20IT502 COMPUTER NETWORKS,20IT503 SOFTWARE ENGINEERING,20IT504/PE01 PROFESSIONAL ELECTIVE-1,20IT505/JO01 JOB ORIENTED ELECTIVE-1,20ITL501/SO03 SOFT SKILLS,20ITL502 SOFTWARE ENGINEERING LAB,20ITL503 JOB ORIENTED ELECTIVE LAB - 1,20ITL504/INT 01 SUMMER INTERNSHIP
y20ait506,SIDDAPAREDDY ANUPAMA,SIDDAPAREDDY VENKATA SUBBARAMI REDDY,668,46,7.91,39,64,81,67,60,63,92,96,50,95,3.0,3.0,3.0,3.0,3.0,2.0,1.5,1.5,1.5,49,25,48,48,39,41,7,29,74,20IT501 AUTOMATA THEORY AND FORMAL LANGUAGES,20IT502 COMPUTER NETWORKS,20IT503 SOFTWARE ENGINEERING,20IT504/PE01 PROFESSIONAL ELECTIVE-1,20IT505/JO01 JOB ORIENTED ELECTIVE-1,20ITL501/SO03 SOFT SKILLS,20ITL502 SOFTWARE ENGINEERING LAB,20ITL503 JOB ORIENTED ELECTIVE LAB - 1,20ITL504/INT 01 SUMMER INTERNSHIP
y20ait507,SRIHARI MADDINENI,RAVI MADDINENI,724,24,8.37,23,72,82,82,59,70,88,96,77,98,3.0,3.0,3.0,3.0,3.0,2.0,1.5,1.5,1.5,37,19,11,53,11,3,48,28,28,20IT501 AUTOMATA THEORY AND FORMAL LANGUAGES,20IT502 COMPUTER NETWORKS,20IT503 SOFTWARE ENGINEERING,20IT504/PE01 PROFESSIONAL ELECTIVE-1,20IT505/JO01 JOB ORIENTED ELECTIVE-1,20ITL501/SO03 SOFT SKILLS,20ITL502 SOFTWARE ENGINEERING LAB,20ITL503 JOB ORIENTED ELECTIVE LAB - 1,20ITL504/INT 01 SUMMER INTERNSHIP
y20ait508,SUNKARA KIRAN SAI,SUNKARA KRUPANANDHAM,638,60,6.93,70,62,67,46,54,64,93,95,62,95,3.0,3.0,3.0,3.0,3.0,2.0,1.5,1.5,1.5,54,72,100,68,37,42,5,54,51,20IT501 AUTOMATA THEORY AND FORMAL LANGUAGES,20IT502 COMPUTER NETWORKS,20IT503 SOFTWARE ENGINEERING,20IT504/PE01 PROFESSIONAL ELECTIVE-1,20IT505/JO01 JOB ORIENTED ELECTIVE-1,20ITL501/SO03 SOFT SKILLS,20ITL502 SOFTWARE ENGINEERING LAB,20ITL503 JOB ORIENTED ELECTIVE LAB - 1,20ITL504/INT 01 SUMMER INTERNSHIP
y20ait509,SUNKARA SAI DIVYA SRI,SUNKARA PURNA CHANDRA RAO,424,121,4.05,117,0,52,27,0,50,80,87,43,85,3.0,3.0,3.0,3.0,3.0,2.0,1.5,1.5,1.5,122,104,120,122,94,121,120,108,112,20IT501 AUTOMATA THEORY AND FORMAL LANGUAGES,20IT502 COMPUTER NETWORKS,20IT503 SOFTWARE ENGINEERING,20IT504/PE01 PROFESSIONAL ELECTIVE-1,20IT505/JO01 JOB ORIENTED ELECTIVE-1,20ITL501/SO03 SOFT SKILLS,20ITL502 SOFTWARE ENGINEERING LAB,20ITL503 JOB ORIENTED ELECTIVE LAB - 1,20ITL504/INT 01 SUMMER INTERNSHIP
y20ait510,TEKKEM JAHNAVI,SRINIVASARAO,601,78,6.6,77,42,70,52,64,53,85,96,47,92,3.0,3.0,3.0,3.0,3.0,2.0,1.5,1.5,1.5,99,64,79,38,81,79,96,43,84,20IT501 AUTOMATA THEORY AND FORMAL LANGUAGES,20IT502 COMPUTER NETWORKS,20IT503 SOFTWARE ENGINEERING,20IT504/PE01 PROFESSIONAL ELECTIVE-1,20IT505/JO01 JOB ORIENTED ELECTIVE-1,20ITL501/SO03 SOFT SKILLS,20ITL502 SOFTWARE ENGINEERING LAB,20ITL503 JOB ORIENTED ELECTIVE LAB - 1,20ITL504/INT 01 SUMMER INTERNSHIP
y20ait511,T GOPI CHAND,THUMATI CHINA KOTAIAH,624,69,6.75,75,55,76,49,69,62,81,93,47,92,3.0,3.0,3.0,3.0,3.0,2.0,1.5,1.5,1.5,67,37,88,25,46,78,119,82,85,20IT501 AUTOMATA THEORY AND FORMAL LANGUAGES,20IT502 COMPUTER NETWORKS,20IT503 SOFTWARE ENGINEERING,20IT504/PE01 PROFESSIONAL ELECTIVE-1,20IT505/JO01 JOB ORIENTED ELECTIVE-1,20ITL501/SO03 SOFT SKILLS,20ITL502 SOFTWARE ENGINEERING LAB,20ITL503 JOB ORIENTED ELECTIVE LAB - 1,20ITL504/INT 01 SUMMER INTERNSHIP
y20ait512,VADITHE BRAMYYA NAYAK,ANANTHA RAMULU NAYAK,576,91,6.35,83,41,74,50,45,58,82,89,46,91,3.0,3.0,3.0,3.0,3.0,2.0,1.5,1.5,1.5,101,45,84,89,63,91,111,102,88,20IT501 AUTOMATA THEORY AND FORMAL LANGUAGES,20IT502 COMPUTER NETWORKS,20IT503 SOFTWARE ENGINEERING,20IT504/PE01 PROFESSIONAL ELECTIVE-1,20IT505/JO01 JOB ORIENTED ELECTIVE-1,20ITL501/SO03 SOFT SKILLS,20ITL502 SOFTWARE ENGINEERING LAB,20ITL503 JOB ORIENTED ELECTIVE LAB - 1,20ITL504/INT 01 SUMMER INTERNSHIP
y20ait513,VALLABHUNI SAI SAMPADHA,VALLABHUNI SABHAPATHI,579,90,5.85,99,46,63,47,44,57,83,94,52,93,3.0,3.0,3.0,3.0,3.0,2.0,1.5,1.5,1.5,86,82,95,92,68,69,102,62,71,20IT501 AUTOMATA THEORY AND FORMAL LANGUAGES,20IT502 COMPUTER NETWORKS,20IT503 SOFTWARE ENGINEERING,20IT504/PE01 PROFESSIONAL ELECTIVE-1,20IT505/JO01 JOB ORIENTED ELECTIVE-1,20ITL501/SO03 SOFT SKILLS,20ITL502 SOFTWARE ENGINEERING LAB,20ITL503 JOB ORIENTED ELECTIVE LAB - 1,20ITL504/INT 01 SUMMER INTERNSHIP
y20ait514,VANDANAPU LALITHA SAI KUMAR,VANDANAPU SRINIVASA RAO,662,50,7.47,54,68,73,58,56,66,85,98,62,96,3.0,3.0,3.0,3.0,3.0,2.0,1.5,1.5,1.5,44,52,69,62,25,26,95,14,52,20IT501 AUTOMATA THEORY AND FORMAL LANGUAGES,20IT502 COMPUTER NETWORKS,20IT503 SOFTWARE ENGINEERING,20IT504/PE01 PROFESSIONAL ELECTIVE-1,20IT505/JO01 JOB ORIENTED ELECTIVE-1,20ITL501/SO03 SOFT SKILLS,20ITL502 SOFTWARE ENGINEERING LAB,20ITL503 JOB ORIENTED ELECTIVE LAB - 1,20ITL504/INT 01 SUMMER INTERNSHIP
y20ait515,VARIKUTI VENKAT SRINIVAS,VARIKUTI SIVA NAGA PRASAD,640,58,7.4,56,54,77,60,50,56,83,94,71,95,3.0,3.0,3.0,3.0,3.0,2.0,1.5,1.5,1.5,68,35,63,79,71,51,103,60,36,20IT501 AUTOMATA THEORY AND FORMAL LANGUAGES,20IT502 COMPUTER NETWORKS,20IT503 SOFTWARE ENGINEERING,20IT504/PE01 PROFESSIONAL ELECTIVE-1,20IT505/JO01 JOB ORIENTED ELECTIVE-1,20ITL501/SO03 SOFT SKILLS,20ITL502 SOFTWARE ENGINEERING LAB,20ITL503 JOB ORIENTED ELECTIVE LAB - 1,20ITL504/INT 01 SUMMER INTERNSHIP
y20ait516,VEMURI JASWANTH,V. MADHU SUDHANA RAO,742,12,8.53,15,86,81,74,65,67,90,99,82,98,3.0,3.0,3.0,3.0,3.0,2.0,1.5,1.5,1.5,6,23,37,35,21,4,34,2,12,20IT501 AUTOMATA THEORY AND FORMAL LANGUAGES,20IT502 COMPUTER NETWORKS,20IT503 SOFTWARE ENGINEERING,20IT504/PE01 PROFESSIONAL ELECTIVE-1,20IT505/JO01 JOB ORIENTED ELECTIVE-1,20ITL501/SO03 SOFT SKILLS,20ITL502 SOFTWARE ENGINEERING LAB,20ITL503 JOB ORIENTED ELECTIVE LAB - 1,20ITL504/INT 01 SUMMER INTERNSHIP
y20ait517,VIPPADAPU DIVYA SAHITHI,VIPPADAPU VENKATA RAMAIAH,457,118,3.15,121,15,44,18,26,46,87,90,44,87,3.0,3.0,3.0,3.0,3.0,2.0,1.5,1.5,1.5,119,117,122,118,103,116,75,99,100,20IT501 AUTOMATA THEORY AND FORMAL LANGUAGES,20IT502 COMPUTER NETWORKS,20IT503 SOFTWARE ENGINEERING,20IT504/PE01 PROFESSIONAL ELECTIVE-1,20IT505/JO01 JOB ORIENTED ELECTIVE-1,20ITL501/SO03 SOFT SKILLS,20ITL502 SOFTWARE ENGINEERING LAB,20ITL503 JOB ORIENTED ELECTIVE LAB - 1,20ITL504/INT 01 SUMMER INTERNSHIP
y20ait519,YAKKALA SAI AKHIL,YAKKALA HARI HARA NATH BABU,656,55,7.21,60,59,74,49,50,68,90,94,77,95,3.0,3.0,3.0,3.0,3.0,2.0,1.5,1.5,1.5,59,47,92,77,18,54,33,68,25,20IT501 AUTOMATA THEORY AND FORMAL LANGUAGES,20IT502 COMPUTER NETWORKS,20IT503 SOFTWARE ENGINEERING,20IT504/PE01 PROFESSIONAL ELECTIVE-1,20IT505/JO01 JOB ORIENTED ELECTIVE-1,20ITL501/SO03 SOFT SKILLS,20ITL502 SOFTWARE ENGINEERING LAB,20ITL503 JOB ORIENTED ELECTIVE LAB - 1,20ITL504/INT 01 SUMMER INTERNSHIP
y20ait520,YENUGANTI JESHNAVI,YENUGANTI SRINIVASARAO,658,54,7.67,46,73,73,54,66,67,86,94,50,95,3.0,3.0,3.0,3.0,3.0,2.0,1.5,1.5,1.5,35,54,75,33,22,44,88,61,77,20IT501 AUTOMATA THEORY AND FORMAL LANGUAGES,20IT502 COMPUTER NETWORKS,20IT503 SOFTWARE ENGINEERING,20IT504/PE01 PROFESSIONAL ELECTIVE-1,20IT505/JO01 JOB ORIENTED ELECTIVE-1,20ITL501/SO03 SOFT SKILLS,20ITL502 SOFTWARE ENGINEERING LAB,20ITL503 JOB ORIENTED ELECTIVE LAB - 1,20ITL504/INT 01 SUMMER INTERNSHIP
