Reg No,Name,Father Name,total,total_rank,sgpa,sgpa_rank,M1,CHE,BEE,EG,CHE_LAB,BEE_LAB,WORKSHOP,C1,C2,C3,C4,C5,C6,C7,m1_rank,che_rank,bee_rank,eg_rank,che_rank,bee_lab_rank,workshop_rank,sub1,sub2,sub3,sub4,sub5,sub6,sub7
y20ait401,ACHUTA VENKATA SIVA TEJASWINI,ACHUTA VENKATA SUBBA RAO,562,45,8.27,44,69,61,63,96,90,95,88,3.0,3.0,3.0,3.0,1.5,1.5,1.5,39,89,48,16,89,28,91,20IT101/MA01 LINEAR ALGEBRA AND ODE,20IT102/CY01 ENGINEERING CHEMISTRY,20IT103/EE01 BASIC ELECTRONICS & ELECTRICAL ENGINEERING,20ITL101/MEL01 ENGINEERING GRAPHICS,20ITL102/CYL01 CHEMISTRY LAB,20ITL103/EEL01 BASIC ELECTRONICS & ELECTRICAL ENGINEERING LAB,20ITL104/MEL02 WORKSHOP
y20ait402,AKUMALLA SIDDU,KHASIM,602,31,8.91,29,90,68,78,86,93,93,94,3.0,3.0,3.0,3.0,1.5,1.5,1.5,8,47,21,88,47,50,37,20IT101/MA01 LINEAR ALGEBRA AND ODE,20IT102/CY01 ENGINEERING CHEMISTRY,20IT103/EE01 BASIC ELECTRONICS & ELECTRICAL ENGINEERING,20ITL101/MEL01 ENGINEERING GRAPHICS,20ITL102/CYL01 CHEMISTRY LAB,20ITL103/EEL01 BASIC ELECTRONICS & ELECTRICAL ENGINEERING LAB,20ITL104/MEL02 WORKSHOP
y20ait403,ALTHAF SYED,ISMAIL SYED,486,92,6.55,94,28,58,61,81,91,86,81,3.0,3.0,3.0,3.0,1.5,1.5,1.5,102,74,55,102,74,91,110,20IT101/MA01 LINEAR ALGEBRA AND ODE,20IT102/CY01 ENGINEERING CHEMISTRY,20IT103/EE01 BASIC ELECTRONICS & ELECTRICAL ENGINEERING,20ITL101/MEL01 ENGINEERING GRAPHICS,20ITL102/CYL01 CHEMISTRY LAB,20ITL103/EEL01 BASIC ELECTRONICS & ELECTRICAL ENGINEERING LAB,20ITL104/MEL02 WORKSHOP
y20ait404,ATCHUTA RANGA PAVAN KUMAR,ATCHUTA BALA SUBRAHMANYAM,646,5,9.64,6,89,98,86,91,93,94,95,3.0,3.0,3.0,3.0,1.5,1.5,1.5,10,41,8,55,41,45,18,20IT101/MA01 LINEAR ALGEBRA AND ODE,20IT102/CY01 ENGINEERING CHEMISTRY,20IT103/EE01 BASIC ELECTRONICS & ELECTRICAL ENGINEERING,20ITL101/MEL01 ENGINEERING GRAPHICS,20ITL102/CYL01 CHEMISTRY LAB,20ITL103/EEL01 BASIC ELECTRONICS & ELECTRICAL ENGINEERING LAB,20ITL104/MEL02 WORKSHOP
y20ait405,AVULA MANEESHA,AVULA SAMBASIVA RAO,605,29,9.0,28,80,76,75,96,94,95,89,3.0,3.0,3.0,3.0,1.5,1.5,1.5,25,21,26,19,21,34,84,20IT101/MA01 LINEAR ALGEBRA AND ODE,20IT102/CY01 ENGINEERING CHEMISTRY,20IT103/EE01 BASIC ELECTRONICS & ELECTRICAL ENGINEERING,20ITL101/MEL01 ENGINEERING GRAPHICS,20ITL102/CYL01 CHEMISTRY LAB,20ITL103/EEL01 BASIC ELECTRONICS & ELECTRICAL ENGINEERING LAB,20ITL104/MEL02 WORKSHOP
y20ait406,BACHALAKURI HARSHAVARDHAN,BACHALAKURI RAVI KUMAR,511,77,7.27,71,52,68,48,83,91,89,80,3.0,3.0,3.0,3.0,1.5,1.5,1.5,62,80,87,96,80,81,112,20IT101/MA01 LINEAR ALGEBRA AND ODE,20IT102/CY01 ENGINEERING CHEMISTRY,20IT103/EE01 BASIC ELECTRONICS & ELECTRICAL ENGINEERING,20ITL101/MEL01 ENGINEERING GRAPHICS,20ITL102/CYL01 CHEMISTRY LAB,20ITL103/EEL01 BASIC ELECTRONICS & ELECTRICAL ENGINEERING LAB,20ITL104/MEL02 WORKSHOP
y20ait407,BAIG IMRAN,ALEEM BAIG,617,16,9.27,13,81,73,84,96,94,98,91,3.0,3.0,3.0,3.0,1.5,1.5,1.5,20,36,10,22,36,12,65,20IT101/MA01 LINEAR ALGEBRA AND ODE,20IT102/CY01 ENGINEERING CHEMISTRY,20IT103/EE01 BASIC ELECTRONICS & ELECTRICAL ENGINEERING,20ITL101/MEL01 ENGINEERING GRAPHICS,20ITL102/CYL01 CHEMISTRY LAB,20ITL103/EEL01 BASIC ELECTRONICS & ELECTRICAL ENGINEERING LAB,20ITL104/MEL02 WORKSHOP
y20ait408,BANDARU VAISHNAVI,BANDARU ANJANEYA PRASAD,602,30,8.73,33,60,68,88,97,94,99,96,3.0,3.0,3.0,3.0,1.5,1.5,1.5,52,31,4,15,31,3,14,20IT101/MA01 LINEAR ALGEBRA AND ODE,20IT102/CY01 ENGINEERING CHEMISTRY,20IT103/EE01 BASIC ELECTRONICS & ELECTRICAL ENGINEERING,20ITL101/MEL01 ENGINEERING GRAPHICS,20ITL102/CYL01 CHEMISTRY LAB,20ITL103/EEL01 BASIC ELECTRONICS & ELECTRICAL ENGINEERING LAB,20ITL104/MEL02 WORKSHOP
y20ait409,BHUVANAGIRI CHIRANJEEVI SAI,BHUVANAGIRI CHINA VENKATESWARLU,550,50,8.0,49,56,63,64,89,92,96,90,3.0,3.0,3.0,3.0,1.5,1.5,1.5,56,61,45,68,61,27,72,20IT101/MA01 LINEAR ALGEBRA AND ODE,20IT102/CY01 ENGINEERING CHEMISTRY,20IT103/EE01 BASIC ELECTRONICS & ELECTRICAL ENGINEERING,20ITL101/MEL01 ENGINEERING GRAPHICS,20ITL102/CYL01 CHEMISTRY LAB,20ITL103/EEL01 BASIC ELECTRONICS & ELECTRICAL ENGINEERING LAB,20ITL104/MEL02 WORKSHOP
y20ait410,BOBBILI HARIKA,BOBBILI ESWARA RAO,545,52,7.82,57,56,48,73,92,92,94,90,3.0,3.0,3.0,3.0,1.5,1.5,1.5,57,63,28,48,63,41,77,20IT101/MA01 LINEAR ALGEBRA AND ODE,20IT102/CY01 ENGINEERING CHEMISTRY,20IT103/EE01 BASIC ELECTRONICS & ELECTRICAL ENGINEERING,20ITL101/MEL01 ENGINEERING GRAPHICS,20ITL102/CYL01 CHEMISTRY LAB,20ITL103/EEL01 BASIC ELECTRONICS & ELECTRICAL ENGINEERING LAB,20ITL104/MEL02 WORKSHOP
y20ait411,BONDI VIJAY,BONDI RAMANA,574,40,8.64,38,63,68,81,93,93,94,82,3.0,3.0,3.0,3.0,1.5,1.5,1.5,47,52,14,38,52,40,104,20IT101/MA01 LINEAR ALGEBRA AND ODE,20IT102/CY01 ENGINEERING CHEMISTRY,20IT103/EE01 BASIC ELECTRONICS & ELECTRICAL ENGINEERING,20ITL101/MEL01 ENGINEERING GRAPHICS,20ITL102/CYL01 CHEMISTRY LAB,20ITL103/EEL01 BASIC ELECTRONICS & ELECTRICAL ENGINEERING LAB,20ITL104/MEL02 WORKSHOP
y20ait412,BORRA DURGA SREE,BORRA SREE RAMULU,615,21,9.27,20,71,84,80,90,99,95,96,3.0,3.0,3.0,3.0,1.5,1.5,1.5,34,1,17,64,1,33,12,20IT101/MA01 LINEAR ALGEBRA AND ODE,20IT102/CY01 ENGINEERING CHEMISTRY,20IT103/EE01 BASIC ELECTRONICS & ELECTRICAL ENGINEERING,20ITL101/MEL01 ENGINEERING GRAPHICS,20ITL102/CYL01 CHEMISTRY LAB,20ITL103/EEL01 BASIC ELECTRONICS & ELECTRICAL ENGINEERING LAB,20ITL104/MEL02 WORKSHOP
y20ait413,BYLAPUDI GOWTHAMI PRIYA,BYLAPUDI HARNADH,564,43,8.0,52,44,59,80,95,97,99,90,3.0,3.0,3.0,3.0,1.5,1.5,1.5,84,7,18,29,7,2,79,20IT101/MA01 LINEAR ALGEBRA AND ODE,20IT102/CY01 ENGINEERING CHEMISTRY,20IT103/EE01 BASIC ELECTRONICS & ELECTRICAL ENGINEERING,20ITL101/MEL01 ENGINEERING GRAPHICS,20ITL102/CYL01 CHEMISTRY LAB,20ITL103/EEL01 BASIC ELECTRONICS & ELECTRICAL ENGINEERING LAB,20ITL104/MEL02 WORKSHOP
y20ait414,CHALLA MAMATHA,CHALLA ANJIREDDY,507,81,6.73,88,40,47,48,97,91,94,90,3.0,3.0,3.0,3.0,1.5,1.5,1.5,98,76,85,12,76,42,75,20IT101/MA01 LINEAR ALGEBRA AND ODE,20IT102/CY01 ENGINEERING CHEMISTRY,20IT103/EE01 BASIC ELECTRONICS & ELECTRICAL ENGINEERING,20ITL101/MEL01 ENGINEERING GRAPHICS,20ITL102/CYL01 CHEMISTRY LAB,20ITL103/EEL01 BASIC ELECTRONICS & ELECTRICAL ENGINEERING LAB,20ITL104/MEL02 WORKSHOP
y20ait415,CHEEDELLA V N S S L PALLAVI,CHEEDELLA JANARDHANA RAO,620,15,9.27,19,72,88,83,97,93,94,93,3.0,3.0,3.0,3.0,1.5,1.5,1.5,31,43,11,6,43,44,55,20IT101/MA01 LINEAR ALGEBRA AND ODE,20IT102/CY01 ENGINEERING CHEMISTRY,20IT103/EE01 BASIC ELECTRONICS & ELECTRICAL ENGINEERING,20ITL101/MEL01 ENGINEERING GRAPHICS,20ITL102/CYL01 CHEMISTRY LAB,20ITL103/EEL01 BASIC ELECTRONICS & ELECTRICAL ENGINEERING LAB,20ITL104/MEL02 WORKSHOP
y20ait416,CHIGURUPATI MOHAN,CHIGURUPATI RAM PRASAD,443,107,5.73,102,37,51,44,85,90,55,81,3.0,3.0,3.0,3.0,1.5,1.5,1.5,101,84,98,91,84,118,111,20IT101/MA01 LINEAR ALGEBRA AND ODE,20IT102/CY01 ENGINEERING CHEMISTRY,20IT103/EE01 BASIC ELECTRONICS & ELECTRICAL ENGINEERING,20ITL101/MEL01 ENGINEERING GRAPHICS,20ITL102/CYL01 CHEMISTRY LAB,20ITL103/EEL01 BASIC ELECTRONICS & ELECTRICAL ENGINEERING LAB,20ITL104/MEL02 WORKSHOP
y20ait417,CHIKKALA ANANDA VENI,CHIKKALA SATYANARAYANA,481,95,6.27,96,18,54,49,94,93,81,92,3.0,3.0,3.0,3.0,1.5,1.5,1.5,113,44,80,35,44,98,57,20IT101/MA01 LINEAR ALGEBRA AND ODE,20IT102/CY01 ENGINEERING CHEMISTRY,20IT103/EE01 BASIC ELECTRONICS & ELECTRICAL ENGINEERING,20ITL101/MEL01 ENGINEERING GRAPHICS,20ITL102/CYL01 CHEMISTRY LAB,20ITL103/EEL01 BASIC ELECTRONICS & ELECTRICAL ENGINEERING LAB,20ITL104/MEL02 WORKSHOP
y20ait418,CHIKKALA LAKSHMIPRIYA,CHIKKALA CHANDRA MOHAN,617,17,9.27,12,70,86,80,98,93,95,95,3.0,3.0,3.0,3.0,1.5,1.5,1.5,38,53,15,3,53,32,16,20IT101/MA01 LINEAR ALGEBRA AND ODE,20IT102/CY01 ENGINEERING CHEMISTRY,20IT103/EE01 BASIC ELECTRONICS & ELECTRICAL ENGINEERING,20ITL101/MEL01 ENGINEERING GRAPHICS,20ITL102/CYL01 CHEMISTRY LAB,20ITL103/EEL01 BASIC ELECTRONICS & ELECTRICAL ENGINEERING LAB,20ITL104/MEL02 WORKSHOP
y20ait419,CHINTHA MAHESH BABU,CHINTHA VEERA RAJU,472,98,6.82,85,52,66,49,76,82,77,70,3.0,3.0,3.0,3.0,1.5,1.5,1.5,64,115,79,113,115,108,116,20IT101/MA01 LINEAR ALGEBRA AND ODE,20IT102/CY01 ENGINEERING CHEMISTRY,20IT103/EE01 BASIC ELECTRONICS & ELECTRICAL ENGINEERING,20ITL101/MEL01 ENGINEERING GRAPHICS,20ITL102/CYL01 CHEMISTRY LAB,20ITL103/EEL01 BASIC ELECTRONICS & ELECTRICAL ENGINEERING LAB,20ITL104/MEL02 WORKSHOP
y20ait420,D VENKATA SRINADH,D RAMANJANEYULU,622,13,9.27,17,81,78,80,97,96,97,93,3.0,3.0,3.0,3.0,1.5,1.5,1.5,21,10,16,8,10,21,49,20IT101/MA01 LINEAR ALGEBRA AND ODE,20IT102/CY01 ENGINEERING CHEMISTRY,20IT103/EE01 BASIC ELECTRONICS & ELECTRICAL ENGINEERING,20ITL101/MEL01 ENGINEERING GRAPHICS,20ITL102/CYL01 CHEMISTRY LAB,20ITL103/EEL01 BASIC ELECTRONICS & ELECTRICAL ENGINEERING LAB,20ITL104/MEL02 WORKSHOP
y20ait421,DASARI SYAMSUNDAR,DASARI ABRAHAM,467,99,6.64,90,53,58,49,74,84,79,70,3.0,3.0,3.0,3.0,1.5,1.5,1.5,59,113,83,118,113,104,118,20IT101/MA01 LINEAR ALGEBRA AND ODE,20IT102/CY01 ENGINEERING CHEMISTRY,20IT103/EE01 BASIC ELECTRONICS & ELECTRICAL ENGINEERING,20ITL101/MEL01 ENGINEERING GRAPHICS,20ITL102/CYL01 CHEMISTRY LAB,20ITL103/EEL01 BASIC ELECTRONICS & ELECTRICAL ENGINEERING LAB,20ITL104/MEL02 WORKSHOP
y20ait422,DASARI VENKATA SAI ADITHYA,RAMA KRISHNA PRASAD DASARI,487,91,6.82,84,43,54,47,90,94,81,78,3.0,3.0,3.0,3.0,1.5,1.5,1.5,92,25,92,67,25,99,113,20IT101/MA01 LINEAR ALGEBRA AND ODE,20IT102/CY01 ENGINEERING CHEMISTRY,20IT103/EE01 BASIC ELECTRONICS & ELECTRICAL ENGINEERING,20ITL101/MEL01 ENGINEERING GRAPHICS,20ITL102/CYL01 CHEMISTRY LAB,20ITL103/EEL01 BASIC ELECTRONICS & ELECTRICAL ENGINEERING LAB,20ITL104/MEL02 WORKSHOP
y20ait423,DASARI VIGNA NAGA SHANMUKH RAJ,DASARI KANAKA RATNAM,449,102,6.09,100,44,48,46,82,92,52,85,3.0,3.0,3.0,3.0,1.5,1.5,1.5,87,59,93,101,59,119,100,20IT101/MA01 LINEAR ALGEBRA AND ODE,20IT102/CY01 ENGINEERING CHEMISTRY,20IT103/EE01 BASIC ELECTRONICS & ELECTRICAL ENGINEERING,20ITL101/MEL01 ENGINEERING GRAPHICS,20ITL102/CYL01 CHEMISTRY LAB,20ITL103/EEL01 BASIC ELECTRONICS & ELECTRICAL ENGINEERING LAB,20ITL104/MEL02 WORKSHOP
y20ait424,DASINENI ANJANEYA VAMSI KRISHNA,DASINENI SRINIVASA RAO,539,54,7.82,58,70,49,67,90,89,80,94,3.0,3.0,3.0,3.0,1.5,1.5,1.5,35,100,40,58,100,101,27,20IT101/MA01 LINEAR ALGEBRA AND ODE,20IT102/CY01 ENGINEERING CHEMISTRY,20IT103/EE01 BASIC ELECTRONICS & ELECTRICAL ENGINEERING,20ITL101/MEL01 ENGINEERING GRAPHICS,20ITL102/CYL01 CHEMISTRY LAB,20ITL103/EEL01 BASIC ELECTRONICS & ELECTRICAL ENGINEERING LAB,20ITL104/MEL02 WORKSHOP
y20ait425,DEGALA SASIKALA,DEGALA KOTESWARA RAO,552,48,8.18,45,73,51,55,98,91,94,90,3.0,3.0,3.0,3.0,1.5,1.5,1.5,29,69,65,2,69,46,76,20IT101/MA01 LINEAR ALGEBRA AND ODE,20IT102/CY01 ENGINEERING CHEMISTRY,20IT103/EE01 BASIC ELECTRONICS & ELECTRICAL ENGINEERING,20ITL101/MEL01 ENGINEERING GRAPHICS,20ITL102/CYL01 CHEMISTRY LAB,20ITL103/EEL01 BASIC ELECTRONICS & ELECTRICAL ENGINEERING LAB,20ITL104/MEL02 WORKSHOP
y20ait426,DEVINA SATHVIK,D NAGENDRA KUMAR,530,61,7.55,63,42,63,67,81,97,93,87,3.0,3.0,3.0,3.0,1.5,1.5,1.5,96,5,41,103,5,57,95,20IT101/MA01 LINEAR ALGEBRA AND ODE,20IT102/CY01 ENGINEERING CHEMISTRY,20IT103/EE01 BASIC ELECTRONICS & ELECTRICAL ENGINEERING,20ITL101/MEL01 ENGINEERING GRAPHICS,20ITL102/CYL01 CHEMISTRY LAB,20ITL103/EEL01 BASIC ELECTRONICS & ELECTRICAL ENGINEERING LAB,20ITL104/MEL02 WORKSHOP
y20ait427,DHARMAVARAPU LOKESH KUMAR,D.SRINIVASA RAO,449,103,5.0,107,22,48,26,90,89,89,85,3.0,3.0,3.0,3.0,1.5,1.5,1.5,105,98,106,62,98,83,102,20IT101/MA01 LINEAR ALGEBRA AND ODE,20IT102/CY01 ENGINEERING CHEMISTRY,20IT103/EE01 BASIC ELECTRONICS & ELECTRICAL ENGINEERING,20ITL101/MEL01 ENGINEERING GRAPHICS,20ITL102/CYL01 CHEMISTRY LAB,20ITL103/EEL01 BASIC ELECTRONICS & ELECTRICAL ENGINEERING LAB,20ITL104/MEL02 WORKSHOP
y20ait428,DOPPALAPUDI N.L SRUJANA,D.SRINIVASA RAO,515,72,6.73,89,45,49,46,95,93,93,94,3.0,3.0,3.0,3.0,1.5,1.5,1.5,81,42,97,27,42,48,28,20IT101/MA01 LINEAR ALGEBRA AND ODE,20IT102/CY01 ENGINEERING CHEMISTRY,20IT103/EE01 BASIC ELECTRONICS & ELECTRICAL ENGINEERING,20ITL101/MEL01 ENGINEERING GRAPHICS,20ITL102/CYL01 CHEMISTRY LAB,20ITL103/EEL01 BASIC ELECTRONICS & ELECTRICAL ENGINEERING LAB,20ITL104/MEL02 WORKSHOP
y20ait429,DUDDU CHARLES,DUDDU BENJIMEN,434,110,4.82,109,45,25,21,89,89,80,85,3.0,3.0,3.0,3.0,1.5,1.5,1.5,82,101,110,69,101,102,99,20IT101/MA01 LINEAR ALGEBRA AND ODE,20IT102/CY01 ENGINEERING CHEMISTRY,20IT103/EE01 BASIC ELECTRONICS & ELECTRICAL ENGINEERING,20ITL101/MEL01 ENGINEERING GRAPHICS,20ITL102/CYL01 CHEMISTRY LAB,20ITL103/EEL01 BASIC ELECTRONICS & ELECTRICAL ENGINEERING LAB,20ITL104/MEL02 WORKSHOP
y20ait430,DUMPALA JATHIN,DUMPALA SANJAY KUMAR,480,96,6.18,99,38,52,56,86,90,89,69,3.0,3.0,3.0,3.0,1.5,1.5,1.5,100,81,62,86,81,82,119,20IT101/MA01 LINEAR ALGEBRA AND ODE,20IT102/CY01 ENGINEERING CHEMISTRY,20IT103/EE01 BASIC ELECTRONICS & ELECTRICAL ENGINEERING,20ITL101/MEL01 ENGINEERING GRAPHICS,20ITL102/CYL01 CHEMISTRY LAB,20ITL103/EEL01 BASIC ELECTRONICS & ELECTRICAL ENGINEERING LAB,20ITL104/MEL02 WORKSHOP
y20ait431,GORANTLA SRI HARSHA VARDHAN,G GURUNADHAM,508,80,7.18,73,52,49,53,80,91,94,89,3.0,3.0,3.0,3.0,1.5,1.5,1.5,63,72,67,106,72,43,88,20IT101/MA01 LINEAR ALGEBRA AND ODE,20IT102/CY01 ENGINEERING CHEMISTRY,20IT103/EE01 BASIC ELECTRONICS & ELECTRICAL ENGINEERING,20ITL101/MEL01 ENGINEERING GRAPHICS,20ITL102/CYL01 CHEMISTRY LAB,20ITL103/EEL01 BASIC ELECTRONICS & ELECTRICAL ENGINEERING LAB,20ITL104/MEL02 WORKSHOP
y20ait432,GADDE THARANMAI,GADDE SATYANARAYANA,636,8,9.45,11,82,87,88,93,94,99,93,3.0,3.0,3.0,3.0,1.5,1.5,1.5,19,32,5,39,32,6,47,20IT101/MA01 LINEAR ALGEBRA AND ODE,20IT102/CY01 ENGINEERING CHEMISTRY,20IT103/EE01 BASIC ELECTRONICS & ELECTRICAL ENGINEERING,20ITL101/MEL01 ENGINEERING GRAPHICS,20ITL102/CYL01 CHEMISTRY LAB,20ITL103/EEL01 BASIC ELECTRONICS & ELECTRICAL ENGINEERING LAB,20ITL104/MEL02 WORKSHOP
y20ait433,GAVINI DINESH KUMAR,GAVINI THIRUPATHAIAH,506,83,6.91,80,48,55,43,83,92,92,93,3.0,3.0,3.0,3.0,1.5,1.5,1.5,72,57,100,95,57,59,51,20IT101/MA01 LINEAR ALGEBRA AND ODE,20IT102/CY01 ENGINEERING CHEMISTRY,20IT103/EE01 BASIC ELECTRONICS & ELECTRICAL ENGINEERING,20ITL101/MEL01 ENGINEERING GRAPHICS,20ITL102/CYL01 CHEMISTRY LAB,20ITL103/EEL01 BASIC ELECTRONICS & ELECTRICAL ENGINEERING LAB,20ITL104/MEL02 WORKSHOP
y20ait434,GOLLAPUDI VASISTA MAHARSHI,VENKATASATYA PRABHAKAR RAO,509,79,6.82,82,45,49,57,87,94,90,87,3.0,3.0,3.0,3.0,1.5,1.5,1.5,80,24,59,79,24,73,93,20IT101/MA01 LINEAR ALGEBRA AND ODE,20IT102/CY01 ENGINEERING CHEMISTRY,20IT103/EE01 BASIC ELECTRONICS & ELECTRICAL ENGINEERING,20ITL101/MEL01 ENGINEERING GRAPHICS,20ITL102/CYL01 CHEMISTRY LAB,20ITL103/EEL01 BASIC ELECTRONICS & ELECTRICAL ENGINEERING LAB,20ITL104/MEL02 WORKSHOP
y20ait435,GUDDETI SAI PAVAN,GUDDETI SATYA NARAYANA,563,44,8.36,42,86,54,60,86,91,92,94,3.0,3.0,3.0,3.0,1.5,1.5,1.5,16,70,56,83,70,64,25,20IT101/MA01 LINEAR ALGEBRA AND ODE,20IT102/CY01 ENGINEERING CHEMISTRY,20IT103/EE01 BASIC ELECTRONICS & ELECTRICAL ENGINEERING,20ITL101/MEL01 ENGINEERING GRAPHICS,20ITL102/CYL01 CHEMISTRY LAB,20ITL103/EEL01 BASIC ELECTRONICS & ELECTRICAL ENGINEERING LAB,20ITL104/MEL02 WORKSHOP
y20ait437,GURRAM JAHNAVI,GURRAM PHANINDRA KUMAR,441,108,4.82,111,40,34,27,72,86,92,90,3.0,3.0,3.0,3.0,1.5,1.5,1.5,99,108,105,119,108,62,78,20IT101/MA01 LINEAR ALGEBRA AND ODE,20IT102/CY01 ENGINEERING CHEMISTRY,20IT103/EE01 BASIC ELECTRONICS & ELECTRICAL ENGINEERING,20ITL101/MEL01 ENGINEERING GRAPHICS,20ITL102/CYL01 CHEMISTRY LAB,20ITL103/EEL01 BASIC ELECTRONICS & ELECTRICAL ENGINEERING LAB,20ITL104/MEL02 WORKSHOP
y20ait438,GURRAM SANGHAVI,GURRAM SAMBA SIVA RAO,544,53,8.0,53,61,52,64,96,89,94,88,3.0,3.0,3.0,3.0,1.5,1.5,1.5,50,103,44,18,103,47,90,20IT101/MA01 LINEAR ALGEBRA AND ODE,20IT102/CY01 ENGINEERING CHEMISTRY,20IT103/EE01 BASIC ELECTRONICS & ELECTRICAL ENGINEERING,20ITL101/MEL01 ENGINEERING GRAPHICS,20ITL102/CYL01 CHEMISTRY LAB,20ITL103/EEL01 BASIC ELECTRONICS & ELECTRICAL ENGINEERING LAB,20ITL104/MEL02 WORKSHOP
y20ait439,IMMADISETTY NAVEEN,IMMADISETTY SRINIVASA RAO,401,114,4.18,114,16,22,21,86,81,93,82,3.0,3.0,3.0,3.0,1.5,1.5,1.5,116,117,111,90,117,55,106,20IT101/MA01 LINEAR ALGEBRA AND ODE,20IT102/CY01 ENGINEERING CHEMISTRY,20IT103/EE01 BASIC ELECTRONICS & ELECTRICAL ENGINEERING,20ITL101/MEL01 ENGINEERING GRAPHICS,20ITL102/CYL01 CHEMISTRY LAB,20ITL103/EEL01 BASIC ELECTRONICS & ELECTRICAL ENGINEERING LAB,20ITL104/MEL02 WORKSHOP
y20ait440,IMMADISETTY VASANTHA LAKSHMI,IMMADISETTY VENKATA SUBBA RAO,531,60,7.73,60,53,66,55,86,84,93,94,3.0,3.0,3.0,3.0,1.5,1.5,1.5,61,111,66,89,111,51,26,20IT101/MA01 LINEAR ALGEBRA AND ODE,20IT102/CY01 ENGINEERING CHEMISTRY,20IT103/EE01 BASIC ELECTRONICS & ELECTRICAL ENGINEERING,20ITL101/MEL01 ENGINEERING GRAPHICS,20ITL102/CYL01 CHEMISTRY LAB,20ITL103/EEL01 BASIC ELECTRONICS & ELECTRICAL ENGINEERING LAB,20ITL104/MEL02 WORKSHOP
y20ait441,JONNAKUTI BALAJI,JONNAKUTI BUJJI BABU,411,113,3.82,118,21,39,43,84,75,72,77,3.0,3.0,3.0,3.0,1.5,1.5,1.5,108,119,101,92,119,112,114,20IT101/MA01 LINEAR ALGEBRA AND ODE,20IT102/CY01 ENGINEERING CHEMISTRY,20IT103/EE01 BASIC ELECTRONICS & ELECTRICAL ENGINEERING,20ITL101/MEL01 ENGINEERING GRAPHICS,20ITL102/CYL01 CHEMISTRY LAB,20ITL103/EEL01 BASIC ELECTRONICS & ELECTRICAL ENGINEERING LAB,20ITL104/MEL02 WORKSHOP
y20ait442,JONNALAGADDA SANDHYA,JONNALAGADDA RAVI KUMAR,479,97,6.73,87,44,50,47,90,78,77,93,3.0,3.0,3.0,3.0,1.5,1.5,1.5,85,118,90,65,118,106,45,20IT101/MA01 LINEAR ALGEBRA AND ODE,20IT102/CY01 ENGINEERING CHEMISTRY,20IT103/EE01 BASIC ELECTRONICS & ELECTRICAL ENGINEERING,20ITL101/MEL01 ENGINEERING GRAPHICS,20ITL102/CYL01 CHEMISTRY LAB,20ITL103/EEL01 BASIC ELECTRONICS & ELECTRICAL ENGINEERING LAB,20ITL104/MEL02 WORKSHOP
y20ait443,JONNALAGADDA VASUNDHARA,SRINIVASA RAO,574,41,8.55,39,73,61,64,95,93,97,91,3.0,3.0,3.0,3.0,1.5,1.5,1.5,30,49,46,30,49,15,66,20IT101/MA01 LINEAR ALGEBRA AND ODE,20IT102/CY01 ENGINEERING CHEMISTRY,20IT103/EE01 BASIC ELECTRONICS & ELECTRICAL ENGINEERING,20ITL101/MEL01 ENGINEERING GRAPHICS,20ITL102/CYL01 CHEMISTRY LAB,20ITL103/EEL01 BASIC ELECTRONICS & ELECTRICAL ENGINEERING LAB,20ITL104/MEL02 WORKSHOP
y20ait444,KAKARLA MEGHANA,KAKARLA SRI HARI SATYANARAYANA,650,4,9.64,7,89,96,87,95,94,92,97,3.0,3.0,3.0,3.0,1.5,1.5,1.5,12,34,6,25,34,58,1,20IT101/MA01 LINEAR ALGEBRA AND ODE,20IT102/CY01 ENGINEERING CHEMISTRY,20IT103/EE01 BASIC ELECTRONICS & ELECTRICAL ENGINEERING,20ITL101/MEL01 ENGINEERING GRAPHICS,20ITL102/CYL01 CHEMISTRY LAB,20ITL103/EEL01 BASIC ELECTRONICS & ELECTRICAL ENGINEERING LAB,20ITL104/MEL02 WORKSHOP
y20ait445,KAKI VENKATABHANUPRAKASH,KAKI SRINIVASARAO,535,57,8.0,51,65,50,52,92,91,93,92,3.0,3.0,3.0,3.0,1.5,1.5,1.5,43,78,71,45,78,49,59,20IT101/MA01 LINEAR ALGEBRA AND ODE,20IT102/CY01 ENGINEERING CHEMISTRY,20IT103/EE01 BASIC ELECTRONICS & ELECTRICAL ENGINEERING,20ITL101/MEL01 ENGINEERING GRAPHICS,20ITL102/CYL01 CHEMISTRY LAB,20ITL103/EEL01 BASIC ELECTRONICS & ELECTRICAL ENGINEERING LAB,20ITL104/MEL02 WORKSHOP
y20ait446,KAMPASATI MOHANA SAI CHANDU,KAMPASATI RAM KRISHNA,514,73,7.18,75,44,56,62,79,87,92,94,3.0,3.0,3.0,3.0,1.5,1.5,1.5,88,106,52,109,106,63,24,20IT101/MA01 LINEAR ALGEBRA AND ODE,20IT102/CY01 ENGINEERING CHEMISTRY,20IT103/EE01 BASIC ELECTRONICS & ELECTRICAL ENGINEERING,20ITL101/MEL01 ENGINEERING GRAPHICS,20ITL102/CYL01 CHEMISTRY LAB,20ITL103/EEL01 BASIC ELECTRONICS & ELECTRICAL ENGINEERING LAB,20ITL104/MEL02 WORKSHOP
y20ait447,KANAKAPUDI KARTHIK,KANAKAPUDI RAVI,551,49,8.18,46,61,54,62,97,94,93,90,3.0,3.0,3.0,3.0,1.5,1.5,1.5,51,27,50,10,27,54,82,20IT101/MA01 LINEAR ALGEBRA AND ODE,20IT102/CY01 ENGINEERING CHEMISTRY,20IT103/EE01 BASIC ELECTRONICS & ELECTRICAL ENGINEERING,20ITL101/MEL01 ENGINEERING GRAPHICS,20ITL102/CYL01 CHEMISTRY LAB,20ITL103/EEL01 BASIC ELECTRONICS & ELECTRICAL ENGINEERING LAB,20ITL104/MEL02 WORKSHOP
y20ait448,KANCHETI TRIVENI,KANCHETI KOTESWARARAO,591,35,9.0,27,80,71,72,96,93,85,94,3.0,3.0,3.0,3.0,1.5,1.5,1.5,24,38,30,17,38,92,35,20IT101/MA01 LINEAR ALGEBRA AND ODE,20IT102/CY01 ENGINEERING CHEMISTRY,20IT103/EE01 BASIC ELECTRONICS & ELECTRICAL ENGINEERING,20ITL101/MEL01 ENGINEERING GRAPHICS,20ITL102/CYL01 CHEMISTRY LAB,20ITL103/EEL01 BASIC ELECTRONICS & ELECTRICAL ENGINEERING LAB,20ITL104/MEL02 WORKSHOP
y20ait449,KANTAMNENI MEGHANA,KANTAMNENI KOTESWA RAO,630,10,9.64,5,86,91,80,97,93,90,93,3.0,3.0,3.0,3.0,1.5,1.5,1.5,15,55,19,11,55,77,46,20IT101/MA01 LINEAR ALGEBRA AND ODE,20IT102/CY01 ENGINEERING CHEMISTRY,20IT103/EE01 BASIC ELECTRONICS & ELECTRICAL ENGINEERING,20ITL101/MEL01 ENGINEERING GRAPHICS,20ITL102/CYL01 CHEMISTRY LAB,20ITL103/EEL01 BASIC ELECTRONICS & ELECTRICAL ENGINEERING LAB,20ITL104/MEL02 WORKSHOP
y20ait450,KARINI PRADEEP,K MALLIKARJUNA RAO,549,51,8.09,48,66,64,53,90,95,87,94,3.0,3.0,3.0,3.0,1.5,1.5,1.5,42,19,69,60,19,84,33,20IT101/MA01 LINEAR ALGEBRA AND ODE,20IT102/CY01 ENGINEERING CHEMISTRY,20IT103/EE01 BASIC ELECTRONICS & ELECTRICAL ENGINEERING,20ITL101/MEL01 ENGINEERING GRAPHICS,20ITL102/CYL01 CHEMISTRY LAB,20ITL103/EEL01 BASIC ELECTRONICS & ELECTRICAL ENGINEERING LAB,20ITL104/MEL02 WORKSHOP
y20ait451,KARRA SHANMUKH,KARRA RAM BABU,525,63,7.36,67,59,55,46,91,92,93,89,3.0,3.0,3.0,3.0,1.5,1.5,1.5,53,66,96,52,66,53,87,20IT101/MA01 LINEAR ALGEBRA AND ODE,20IT102/CY01 ENGINEERING CHEMISTRY,20IT103/EE01 BASIC ELECTRONICS & ELECTRICAL ENGINEERING,20ITL101/MEL01 ENGINEERING GRAPHICS,20ITL102/CYL01 CHEMISTRY LAB,20ITL103/EEL01 BASIC ELECTRONICS & ELECTRICAL ENGINEERING LAB,20ITL104/MEL02 WORKSHOP
y20ait452,KAVALA SATHVIKA,KAVALA YESURATNAM,538,55,7.91,55,50,63,52,92,88,97,96,3.0,3.0,3.0,3.0,1.5,1.5,1.5,65,104,70,44,104,14,8,20IT101/MA01 LINEAR ALGEBRA AND ODE,20IT102/CY01 ENGINEERING CHEMISTRY,20IT103/EE01 BASIC ELECTRONICS & ELECTRICAL ENGINEERING,20ITL101/MEL01 ENGINEERING GRAPHICS,20ITL102/CYL01 CHEMISTRY LAB,20ITL103/EEL01 BASIC ELECTRONICS & ELECTRICAL ENGINEERING LAB,20ITL104/MEL02 WORKSHOP
y20ait453,KOMMINENI BHARGAVA RAMA CHOWDARY,KOMMINENI RAGHU BABU,607,27,9.18,22,93,76,71,92,85,95,95,3.0,3.0,3.0,3.0,1.5,1.5,1.5,5,110,33,46,110,38,19,20IT101/MA01 LINEAR ALGEBRA AND ODE,20IT102/CY01 ENGINEERING CHEMISTRY,20IT103/EE01 BASIC ELECTRONICS & ELECTRICAL ENGINEERING,20ITL101/MEL01 ENGINEERING GRAPHICS,20ITL102/CYL01 CHEMISTRY LAB,20ITL103/EEL01 BASIC ELECTRONICS & ELECTRICAL ENGINEERING LAB,20ITL104/MEL02 WORKSHOP
y20ait454,KOMMINENI LIKHITH SAI,KOMMINENI ANIL CHOWDARY,436,109,5.09,104,15,47,21,90,92,85,86,3.0,3.0,3.0,3.0,1.5,1.5,1.5,118,64,112,59,64,93,98,20IT101/MA01 LINEAR ALGEBRA AND ODE,20IT102/CY01 ENGINEERING CHEMISTRY,20IT103/EE01 BASIC ELECTRONICS & ELECTRICAL ENGINEERING,20ITL101/MEL01 ENGINEERING GRAPHICS,20ITL102/CYL01 CHEMISTRY LAB,20ITL103/EEL01 BASIC ELECTRONICS & ELECTRICAL ENGINEERING LAB,20ITL104/MEL02 WORKSHOP
y20ait455,KOMMURU ASHOK,KOMMURU VENKATESWARARAO,522,67,7.45,66,46,64,59,91,91,82,89,3.0,3.0,3.0,3.0,1.5,1.5,1.5,74,75,58,53,75,97,83,20IT101/MA01 LINEAR ALGEBRA AND ODE,20IT102/CY01 ENGINEERING CHEMISTRY,20IT103/EE01 BASIC ELECTRONICS & ELECTRICAL ENGINEERING,20ITL101/MEL01 ENGINEERING GRAPHICS,20ITL102/CYL01 CHEMISTRY LAB,20ITL103/EEL01 BASIC ELECTRONICS & ELECTRICAL ENGINEERING LAB,20ITL104/MEL02 WORKSHOP
y20ait456,KONAKALA SAI TEJA,KONAKALA SRINIVASA RAO,425,112,4.82,112,17,24,49,87,83,81,84,3.0,3.0,3.0,3.0,1.5,1.5,1.5,114,114,84,81,114,100,103,20IT101/MA01 LINEAR ALGEBRA AND ODE,20IT102/CY01 ENGINEERING CHEMISTRY,20IT103/EE01 BASIC ELECTRONICS & ELECTRICAL ENGINEERING,20ITL101/MEL01 ENGINEERING GRAPHICS,20ITL102/CYL01 CHEMISTRY LAB,20ITL103/EEL01 BASIC ELECTRONICS & ELECTRICAL ENGINEERING LAB,20ITL104/MEL02 WORKSHOP
y20ait457,KOPPARAPU AKSHITHA,PRASAD,614,22,9.27,18,94,72,73,95,93,97,90,3.0,3.0,3.0,3.0,1.5,1.5,1.5,2,39,29,26,39,22,80,20IT101/MA01 LINEAR ALGEBRA AND ODE,20IT102/CY01 ENGINEERING CHEMISTRY,20IT103/EE01 BASIC ELECTRONICS & ELECTRICAL ENGINEERING,20ITL101/MEL01 ENGINEERING GRAPHICS,20ITL102/CYL01 CHEMISTRY LAB,20ITL103/EEL01 BASIC ELECTRONICS & ELECTRICAL ENGINEERING LAB,20ITL104/MEL02 WORKSHOP
y20ait458,KORIVI SUDEEP CHAND,KORIVI VEERAIAH,445,105,4.82,110,45,41,18,88,85,77,91,3.0,3.0,3.0,3.0,1.5,1.5,1.5,78,109,116,78,109,107,64,20IT101/MA01 LINEAR ALGEBRA AND ODE,20IT102/CY01 ENGINEERING CHEMISTRY,20IT103/EE01 BASIC ELECTRONICS & ELECTRICAL ENGINEERING,20ITL101/MEL01 ENGINEERING GRAPHICS,20ITL102/CYL01 CHEMISTRY LAB,20ITL103/EEL01 BASIC ELECTRONICS & ELECTRICAL ENGINEERING LAB,20ITL104/MEL02 WORKSHOP
y20ait459,KOYA VENKATA SIVA SAI DURGA PRASAD,KOYA RAGHU NADHA RAO,616,19,9.55,10,86,94,80,90,92,82,92,3.0,3.0,3.0,3.0,1.5,1.5,1.5,17,56,20,63,56,96,61,20IT101/MA01 LINEAR ALGEBRA AND ODE,20IT102/CY01 ENGINEERING CHEMISTRY,20IT103/EE01 BASIC ELECTRONICS & ELECTRICAL ENGINEERING,20ITL101/MEL01 ENGINEERING GRAPHICS,20ITL102/CYL01 CHEMISTRY LAB,20ITL103/EEL01 BASIC ELECTRONICS & ELECTRICAL ENGINEERING LAB,20ITL104/MEL02 WORKSHOP
y20ait460,KUNDETI MOUNIKA,KUNDETI MALLIKARJUNA,621,14,9.27,15,80,80,89,98,89,89,96,3.0,3.0,3.0,3.0,1.5,1.5,1.5,23,96,2,4,96,79,9,20IT101/MA01 LINEAR ALGEBRA AND ODE,20IT102/CY01 ENGINEERING CHEMISTRY,20IT103/EE01 BASIC ELECTRONICS & ELECTRICAL ENGINEERING,20ITL101/MEL01 ENGINEERING GRAPHICS,20ITL102/CYL01 CHEMISTRY LAB,20ITL103/EEL01 BASIC ELECTRONICS & ELECTRICAL ENGINEERING LAB,20ITL104/MEL02 WORKSHOP
y20ait461,KUPPALA RAM SAI SRINIVAS,KUPPALA VENKATA SAMBA SIVA RAO,389,116,4.45,113,15,40,26,74,89,63,82,3.0,3.0,3.0,3.0,1.5,1.5,1.5,119,97,107,117,97,116,105,20IT101/MA01 LINEAR ALGEBRA AND ODE,20IT102/CY01 ENGINEERING CHEMISTRY,20IT103/EE01 BASIC ELECTRONICS & ELECTRICAL ENGINEERING,20ITL101/MEL01 ENGINEERING GRAPHICS,20ITL102/CYL01 CHEMISTRY LAB,20ITL103/EEL01 BASIC ELECTRONICS & ELECTRICAL ENGINEERING LAB,20ITL104/MEL02 WORKSHOP
y20ait462,LEEMOJI REDDY APPALA,SRINIVASULA REDDY APPALA,634,9,9.55,9,92,87,88,90,95,87,95,3.0,3.0,3.0,3.0,1.5,1.5,1.5,7,16,3,57,16,87,23,20IT101/MA01 LINEAR ALGEBRA AND ODE,20IT102/CY01 ENGINEERING CHEMISTRY,20IT103/EE01 BASIC ELECTRONICS & ELECTRICAL ENGINEERING,20ITL101/MEL01 ENGINEERING GRAPHICS,20ITL102/CYL01 CHEMISTRY LAB,20ITL103/EEL01 BASIC ELECTRONICS & ELECTRICAL ENGINEERING LAB,20ITL104/MEL02 WORKSHOP
y20ait463,LELLA TANUJA,LELLA VITAL BABU,594,32,8.73,35,81,64,65,98,95,95,96,3.0,3.0,3.0,3.0,1.5,1.5,1.5,22,14,43,1,14,37,6,20IT101/MA01 LINEAR ALGEBRA AND ODE,20IT102/CY01 ENGINEERING CHEMISTRY,20IT103/EE01 BASIC ELECTRONICS & ELECTRICAL ENGINEERING,20ITL101/MEL01 ENGINEERING GRAPHICS,20ITL102/CYL01 CHEMISTRY LAB,20ITL103/EEL01 BASIC ELECTRONICS & ELECTRICAL ENGINEERING LAB,20ITL104/MEL02 WORKSHOP
y20ait464,LOKIREDDY PAVITHRA,LOKIREDDY SRINIVASA REDDY,625,11,9.09,26,89,77,78,96,96,96,93,3.0,3.0,3.0,3.0,1.5,1.5,1.5,11,11,22,20,11,26,56,20IT101/MA01 LINEAR ALGEBRA AND ODE,20IT102/CY01 ENGINEERING CHEMISTRY,20IT103/EE01 BASIC ELECTRONICS & ELECTRICAL ENGINEERING,20ITL101/MEL01 ENGINEERING GRAPHICS,20ITL102/CYL01 CHEMISTRY LAB,20ITL103/EEL01 BASIC ELECTRONICS & ELECTRICAL ENGINEERING LAB,20ITL104/MEL02 WORKSHOP
y20ait465,MANDAPALLI SAMBA SIVA RAO,MANDAPALLI BUJJI BABU,561,46,8.18,47,61,63,68,89,93,96,91,3.0,3.0,3.0,3.0,1.5,1.5,1.5,48,40,39,71,40,25,68,20IT101/MA01 LINEAR ALGEBRA AND ODE,20IT102/CY01 ENGINEERING CHEMISTRY,20IT103/EE01 BASIC ELECTRONICS & ELECTRICAL ENGINEERING,20ITL101/MEL01 ENGINEERING GRAPHICS,20ITL102/CYL01 CHEMISTRY LAB,20ITL103/EEL01 BASIC ELECTRONICS & ELECTRICAL ENGINEERING LAB,20ITL104/MEL02 WORKSHOP
y20ait466,MANDE SNEHA,MANDE VEERAIAH,564,42,8.36,43,61,63,68,94,92,95,91,3.0,3.0,3.0,3.0,1.5,1.5,1.5,49,62,38,34,62,30,67,20IT101/MA01 LINEAR ALGEBRA AND ODE,20IT102/CY01 ENGINEERING CHEMISTRY,20IT103/EE01 BASIC ELECTRONICS & ELECTRICAL ENGINEERING,20ITL101/MEL01 ENGINEERING GRAPHICS,20ITL102/CYL01 CHEMISTRY LAB,20ITL103/EEL01 BASIC ELECTRONICS & ELECTRICAL ENGINEERING LAB,20ITL104/MEL02 WORKSHOP
y20ait467,MARELLA PUJITHA,MARELLA SRINIVASA RAO,641,6,9.64,4,88,90,85,93,94,97,94,3.0,3.0,3.0,3.0,1.5,1.5,1.5,13,22,9,37,22,20,41,20IT101/MA01 LINEAR ALGEBRA AND ODE,20IT102/CY01 ENGINEERING CHEMISTRY,20IT103/EE01 BASIC ELECTRONICS & ELECTRICAL ENGINEERING,20ITL101/MEL01 ENGINEERING GRAPHICS,20ITL102/CYL01 CHEMISTRY LAB,20ITL103/EEL01 BASIC ELECTRONICS & ELECTRICAL ENGINEERING LAB,20ITL104/MEL02 WORKSHOP
y20ait468,MERIGALA MANOJ KUMAR,MERIGALA CHINNA RAO,511,76,6.91,79,49,45,52,88,90,97,90,3.0,3.0,3.0,3.0,1.5,1.5,1.5,68,90,74,75,90,16,71,20IT101/MA01 LINEAR ALGEBRA AND ODE,20IT102/CY01 ENGINEERING CHEMISTRY,20IT103/EE01 BASIC ELECTRONICS & ELECTRICAL ENGINEERING,20ITL101/MEL01 ENGINEERING GRAPHICS,20ITL102/CYL01 CHEMISTRY LAB,20ITL103/EEL01 BASIC ELECTRONICS & ELECTRICAL ENGINEERING LAB,20ITL104/MEL02 WORKSHOP
y20ait469,MIKKILI SUNNY,MIKKILI KOTESRWARARAO,489,90,6.27,98,46,60,20,88,89,96,90,3.0,3.0,3.0,3.0,1.5,1.5,1.5,75,99,114,76,99,24,81,20IT101/MA01 LINEAR ALGEBRA AND ODE,20IT102/CY01 ENGINEERING CHEMISTRY,20IT103/EE01 BASIC ELECTRONICS & ELECTRICAL ENGINEERING,20ITL101/MEL01 ENGINEERING GRAPHICS,20ITL102/CYL01 CHEMISTRY LAB,20ITL103/EEL01 BASIC ELECTRONICS & ELECTRICAL ENGINEERING LAB,20ITL104/MEL02 WORKSHOP
y20ait470,MULE VENKATA SIREESHA,MULE SRINIVASULU REDDY,614,23,9.09,24,72,85,75,97,94,97,94,3.0,3.0,3.0,3.0,1.5,1.5,1.5,32,33,24,9,33,17,40,20IT101/MA01 LINEAR ALGEBRA AND ODE,20IT102/CY01 ENGINEERING CHEMISTRY,20IT103/EE01 BASIC ELECTRONICS & ELECTRICAL ENGINEERING,20ITL101/MEL01 ENGINEERING GRAPHICS,20ITL102/CYL01 CHEMISTRY LAB,20ITL103/EEL01 BASIC ELECTRONICS & ELECTRICAL ENGINEERING LAB,20ITL104/MEL02 WORKSHOP
y20ait471,MUPPALLA SHAHIL KHAN,MUPPALA MAHABOOB KHAN,467,100,5.73,103,20,45,49,83,86,91,93,3.0,3.0,3.0,3.0,1.5,1.5,1.5,109,107,81,100,107,69,53,20IT101/MA01 LINEAR ALGEBRA AND ODE,20IT102/CY01 ENGINEERING CHEMISTRY,20IT103/EE01 BASIC ELECTRONICS & ELECTRICAL ENGINEERING,20ITL101/MEL01 ENGINEERING GRAPHICS,20ITL102/CYL01 CHEMISTRY LAB,20ITL103/EEL01 BASIC ELECTRONICS & ELECTRICAL ENGINEERING LAB,20ITL104/MEL02 WORKSHOP
y20ait472,MURUKURTHI LAXMI NARENDRA,MURUKURTHI ESWARA RAO,555,47,8.0,50,56,54,68,95,90,98,94,3.0,3.0,3.0,3.0,1.5,1.5,1.5,55,94,36,24,94,11,38,20IT101/MA01 LINEAR ALGEBRA AND ODE,20IT102/CY01 ENGINEERING CHEMISTRY,20IT103/EE01 BASIC ELECTRONICS & ELECTRICAL ENGINEERING,20ITL101/MEL01 ENGINEERING GRAPHICS,20ITL102/CYL01 CHEMISTRY LAB,20ITL103/EEL01 BASIC ELECTRONICS & ELECTRICAL ENGINEERING LAB,20ITL104/MEL02 WORKSHOP
y20ait473,MUVVALA S.V KATYAYANI,MUVVALA UDAY KUMAR,450,101,5.09,105,18,47,17,86,90,99,93,3.0,3.0,3.0,3.0,1.5,1.5,1.5,112,86,117,85,86,5,52,20IT101/MA01 LINEAR ALGEBRA AND ODE,20IT102/CY01 ENGINEERING CHEMISTRY,20IT103/EE01 BASIC ELECTRONICS & ELECTRICAL ENGINEERING,20ITL101/MEL01 ENGINEERING GRAPHICS,20ITL102/CYL01 CHEMISTRY LAB,20ITL103/EEL01 BASIC ELECTRONICS & ELECTRICAL ENGINEERING LAB,20ITL104/MEL02 WORKSHOP
y20ait474,NANNAPANENI PRANATHI,NANNAPANENI SRINIVASA RAO,525,64,7.27,69,45,58,51,87,91,99,94,3.0,3.0,3.0,3.0,1.5,1.5,1.5,83,71,76,82,71,4,43,20IT101/MA01 LINEAR ALGEBRA AND ODE,20IT102/CY01 ENGINEERING CHEMISTRY,20IT103/EE01 BASIC ELECTRONICS & ELECTRICAL ENGINEERING,20ITL101/MEL01 ENGINEERING GRAPHICS,20ITL102/CYL01 CHEMISTRY LAB,20ITL103/EEL01 BASIC ELECTRONICS & ELECTRICAL ENGINEERING LAB,20ITL104/MEL02 WORKSHOP
y20ait475,NARNE AKASH,NARNE HARIBABU,485,93,6.82,83,43,50,47,81,90,92,82,3.0,3.0,3.0,3.0,1.5,1.5,1.5,91,82,89,104,82,60,107,20IT101/MA01 LINEAR ALGEBRA AND ODE,20IT102/CY01 ENGINEERING CHEMISTRY,20IT103/EE01 BASIC ELECTRONICS & ELECTRICAL ENGINEERING,20ITL101/MEL01 ENGINEERING GRAPHICS,20ITL102/CYL01 CHEMISTRY LAB,20ITL103/EEL01 BASIC ELECTRONICS & ELECTRICAL ENGINEERING LAB,20ITL104/MEL02 WORKSHOP
y20ait476,NUTHI PURNA PAVAN,NUTHI VENKATA SIVA RAO,378,119,3.82,117,16,19,24,78,84,76,81,3.0,3.0,3.0,3.0,1.5,1.5,1.5,117,112,108,112,112,109,108,20IT101/MA01 LINEAR ALGEBRA AND ODE,20IT102/CY01 ENGINEERING CHEMISTRY,20IT103/EE01 BASIC ELECTRONICS & ELECTRICAL ENGINEERING,20ITL101/MEL01 ENGINEERING GRAPHICS,20ITL102/CYL01 CHEMISTRY LAB,20ITL103/EEL01 BASIC ELECTRONICS & ELECTRICAL ENGINEERING LAB,20ITL104/MEL02 WORKSHOP
y20ait477,PADALA VENKATA SAI BALAJI,PADALA VENKATA SRINIVASA RAO,641,7,9.82,2,93,90,83,90,94,98,93,3.0,3.0,3.0,3.0,1.5,1.5,1.5,4,26,13,66,26,10,50,20IT101/MA01 LINEAR ALGEBRA AND ODE,20IT102/CY01 ENGINEERING CHEMISTRY,20IT103/EE01 BASIC ELECTRONICS & ELECTRICAL ENGINEERING,20ITL101/MEL01 ENGINEERING GRAPHICS,20ITL102/CYL01 CHEMISTRY LAB,20ITL103/EEL01 BASIC ELECTRONICS & ELECTRICAL ENGINEERING LAB,20ITL104/MEL02 WORKSHOP
y20ait478,PALERU THRIVENI,PALERU SRINIVASARAO,393,115,4.18,115,19,22,15,84,93,90,70,3.0,3.0,3.0,3.0,1.5,1.5,1.5,110,48,119,94,48,76,117,20IT101/MA01 LINEAR ALGEBRA AND ODE,20IT102/CY01 ENGINEERING CHEMISTRY,20IT103/EE01 BASIC ELECTRONICS & ELECTRICAL ENGINEERING,20ITL101/MEL01 ENGINEERING GRAPHICS,20ITL102/CYL01 CHEMISTRY LAB,20ITL103/EEL01 BASIC ELECTRONICS & ELECTRICAL ENGINEERING LAB,20ITL104/MEL02 WORKSHOP
y20ait479,PALERU YASWANTH,PALERU HARI KRISHNA,388,117,3.82,119,17,33,18,76,90,66,88,3.0,3.0,3.0,3.0,1.5,1.5,1.5,115,93,115,114,93,115,89,20IT101/MA01 LINEAR ALGEBRA AND ODE,20IT102/CY01 ENGINEERING CHEMISTRY,20IT103/EE01 BASIC ELECTRONICS & ELECTRICAL ENGINEERING,20ITL101/MEL01 ENGINEERING GRAPHICS,20ITL102/CYL01 CHEMISTRY LAB,20ITL103/EEL01 BASIC ELECTRONICS & ELECTRICAL ENGINEERING LAB,20ITL104/MEL02 WORKSHOP
y20ait480,PANDI PRAVEEN,PANDI RAVI,612,24,9.27,14,87,87,72,92,94,90,90,3.0,3.0,3.0,3.0,1.5,1.5,1.5,14,29,32,47,29,74,74,20IT101/MA01 LINEAR ALGEBRA AND ODE,20IT102/CY01 ENGINEERING CHEMISTRY,20IT103/EE01 BASIC ELECTRONICS & ELECTRICAL ENGINEERING,20ITL101/MEL01 ENGINEERING GRAPHICS,20ITL102/CYL01 CHEMISTRY LAB,20ITL103/EEL01 BASIC ELECTRONICS & ELECTRICAL ENGINEERING LAB,20ITL104/MEL02 WORKSHOP
y20ait481,PARUCHURI SUPRAJA,PARUCHURI SRINU,656,1,9.82,3,93,95,86,97,95,95,95,3.0,3.0,3.0,3.0,1.5,1.5,1.5,3,20,7,13,20,39,20,20IT101/MA01 LINEAR ALGEBRA AND ODE,20IT102/CY01 ENGINEERING CHEMISTRY,20IT103/EE01 BASIC ELECTRONICS & ELECTRICAL ENGINEERING,20ITL101/MEL01 ENGINEERING GRAPHICS,20ITL102/CYL01 CHEMISTRY LAB,20ITL103/EEL01 BASIC ELECTRONICS & ELECTRICAL ENGINEERING LAB,20ITL104/MEL02 WORKSHOP
y20ait482,PASAM SURYA VAMSI,PASAM SRINIVASA RAO,587,37,8.55,41,79,74,57,93,96,91,97,3.0,3.0,3.0,3.0,1.5,1.5,1.5,27,13,61,40,13,68,2,20IT101/MA01 LINEAR ALGEBRA AND ODE,20IT102/CY01 ENGINEERING CHEMISTRY,20IT103/EE01 BASIC ELECTRONICS & ELECTRICAL ENGINEERING,20ITL101/MEL01 ENGINEERING GRAPHICS,20ITL102/CYL01 CHEMISTRY LAB,20ITL103/EEL01 BASIC ELECTRONICS & ELECTRICAL ENGINEERING LAB,20ITL104/MEL02 WORKSHOP
y20ait483,PATAPANTHULA NAVEEN,PATAPANTHULA PEDDA SAMBA SIVA RAO,503,84,6.64,91,23,54,57,91,94,97,87,3.0,3.0,3.0,3.0,1.5,1.5,1.5,104,28,60,54,28,19,94,20IT101/MA01 LINEAR ALGEBRA AND ODE,20IT102/CY01 ENGINEERING CHEMISTRY,20IT103/EE01 BASIC ELECTRONICS & ELECTRICAL ENGINEERING,20ITL101/MEL01 ENGINEERING GRAPHICS,20ITL102/CYL01 CHEMISTRY LAB,20ITL103/EEL01 BASIC ELECTRONICS & ELECTRICAL ENGINEERING LAB,20ITL104/MEL02 WORKSHOP
y20ait484,PEETHA BALAJI,PEETHA ANJANEYULU,607,26,9.09,25,70,90,71,88,95,99,94,3.0,3.0,3.0,3.0,1.5,1.5,1.5,36,17,34,74,17,1,36,20IT101/MA01 LINEAR ALGEBRA AND ODE,20IT102/CY01 ENGINEERING CHEMISTRY,20IT103/EE01 BASIC ELECTRONICS & ELECTRICAL ENGINEERING,20ITL101/MEL01 ENGINEERING GRAPHICS,20ITL102/CYL01 CHEMISTRY LAB,20ITL103/EEL01 BASIC ELECTRONICS & ELECTRICAL ENGINEERING LAB,20ITL104/MEL02 WORKSHOP
y20ait485,PERIKALA SRAVANTHI,PERIKALA gandhi,516,71,7.0,78,46,56,48,92,95,90,89,3.0,3.0,3.0,3.0,1.5,1.5,1.5,76,15,88,50,15,75,85,20IT101/MA01 LINEAR ALGEBRA AND ODE,20IT102/CY01 ENGINEERING CHEMISTRY,20IT103/EE01 BASIC ELECTRONICS & ELECTRICAL ENGINEERING,20ITL101/MEL01 ENGINEERING GRAPHICS,20ITL102/CYL01 CHEMISTRY LAB,20ITL103/EEL01 BASIC ELECTRONICS & ELECTRICAL ENGINEERING LAB,20ITL104/MEL02 WORKSHOP
y20ait486,PERUMALLA AKHIL,PERUMALLA KIRAN KUMAR,507,82,7.18,72,53,51,44,86,94,87,92,3.0,3.0,3.0,3.0,1.5,1.5,1.5,60,23,99,84,23,85,62,20IT101/MA01 LINEAR ALGEBRA AND ODE,20IT102/CY01 ENGINEERING CHEMISTRY,20IT103/EE01 BASIC ELECTRONICS & ELECTRICAL ENGINEERING,20ITL101/MEL01 ENGINEERING GRAPHICS,20ITL102/CYL01 CHEMISTRY LAB,20ITL103/EEL01 BASIC ELECTRONICS & ELECTRICAL ENGINEERING LAB,20ITL104/MEL02 WORKSHOP
y20ait487,PINJALA SASIDHAR,PINJALA LAKSHMI NARAYANA,584,38,8.73,34,75,79,62,91,92,93,92,3.0,3.0,3.0,3.0,1.5,1.5,1.5,28,68,51,56,68,52,63,20IT101/MA01 LINEAR ALGEBRA AND ODE,20IT102/CY01 ENGINEERING CHEMISTRY,20IT103/EE01 BASIC ELECTRONICS & ELECTRICAL ENGINEERING,20ITL101/MEL01 ENGINEERING GRAPHICS,20ITL102/CYL01 CHEMISTRY LAB,20ITL103/EEL01 BASIC ELECTRONICS & ELECTRICAL ENGINEERING LAB,20ITL104/MEL02 WORKSHOP
y20ait488,POLABATHINA SOUMYA,LAZARU,444,106,5.0,106,19,47,21,80,97,91,89,3.0,3.0,3.0,3.0,1.5,1.5,1.5,111,4,109,108,4,67,86,20IT101/MA01 LINEAR ALGEBRA AND ODE,20IT102/CY01 ENGINEERING CHEMISTRY,20IT103/EE01 BASIC ELECTRONICS & ELECTRICAL ENGINEERING,20ITL101/MEL01 ENGINEERING GRAPHICS,20ITL102/CYL01 CHEMISTRY LAB,20ITL103/EEL01 BASIC ELECTRONICS & ELECTRICAL ENGINEERING LAB,20ITL104/MEL02 WORKSHOP
y20ait489,POLEBOINA BHAVANI KUMAR,POLEBOINA RAMAIAH,592,34,8.91,30,80,77,64,93,93,92,93,3.0,3.0,3.0,3.0,1.5,1.5,1.5,26,51,47,41,51,61,54,20IT101/MA01 LINEAR ALGEBRA AND ODE,20IT102/CY01 ENGINEERING CHEMISTRY,20IT103/EE01 BASIC ELECTRONICS & ELECTRICAL ENGINEERING,20ITL101/MEL01 ENGINEERING GRAPHICS,20ITL102/CYL01 CHEMISTRY LAB,20ITL103/EEL01 BASIC ELECTRONICS & ELECTRICAL ENGINEERING LAB,20ITL104/MEL02 WORKSHOP
y20ait490,POTTURI SRIRAM,POTTURI NAGISETTY,534,58,7.73,61,57,59,56,92,91,86,93,3.0,3.0,3.0,3.0,1.5,1.5,1.5,54,73,64,42,73,90,48,20IT101/MA01 LINEAR ALGEBRA AND ODE,20IT102/CY01 ENGINEERING CHEMISTRY,20IT103/EE01 BASIC ELECTRONICS & ELECTRICAL ENGINEERING,20ITL101/MEL01 ENGINEERING GRAPHICS,20ITL102/CYL01 CHEMISTRY LAB,20ITL103/EEL01 BASIC ELECTRONICS & ELECTRICAL ENGINEERING LAB,20ITL104/MEL02 WORKSHOP
y20ait491,PUPPALA LEELA SUBHASH,PUPPALA PRASANNA KUMAR,429,111,4.91,108,22,44,16,84,90,79,94,3.0,3.0,3.0,3.0,1.5,1.5,1.5,106,83,118,93,83,105,32,20IT101/MA01 LINEAR ALGEBRA AND ODE,20IT102/CY01 ENGINEERING CHEMISTRY,20IT103/EE01 BASIC ELECTRONICS & ELECTRICAL ENGINEERING,20ITL101/MEL01 ENGINEERING GRAPHICS,20ITL102/CYL01 CHEMISTRY LAB,20ITL103/EEL01 BASIC ELECTRONICS & ELECTRICAL ENGINEERING LAB,20ITL104/MEL02 WORKSHOP
y20ait492,PURIMITLA BHASKAR,PURIMITLA VEERANARAYANA,605,28,9.09,23,90,80,60,88,93,98,96,3.0,3.0,3.0,3.0,1.5,1.5,1.5,9,37,57,77,37,9,11,20IT101/MA01 LINEAR ALGEBRA AND ODE,20IT102/CY01 ENGINEERING CHEMISTRY,20IT103/EE01 BASIC ELECTRONICS & ELECTRICAL ENGINEERING,20ITL101/MEL01 ENGINEERING GRAPHICS,20ITL102/CYL01 CHEMISTRY LAB,20ITL103/EEL01 BASIC ELECTRONICS & ELECTRICAL ENGINEERING LAB,20ITL104/MEL02 WORKSHOP
y20ait493,RAMANADHAM VENKATESH,RAMANADHAM VEERAANJANEYULU,495,86,6.55,93,43,59,48,76,88,89,92,3.0,3.0,3.0,3.0,1.5,1.5,1.5,94,105,86,115,105,80,58,20IT101/MA01 LINEAR ALGEBRA AND ODE,20IT102/CY01 ENGINEERING CHEMISTRY,20IT103/EE01 BASIC ELECTRONICS & ELECTRICAL ENGINEERING,20ITL101/MEL01 ENGINEERING GRAPHICS,20ITL102/CYL01 CHEMISTRY LAB,20ITL103/EEL01 BASIC ELECTRONICS & ELECTRICAL ENGINEERING LAB,20ITL104/MEL02 WORKSHOP
y20ait494,RAVURI MAHESH BABU,RAVURI HARI BABU,513,74,7.0,77,46,67,49,83,93,90,85,3.0,3.0,3.0,3.0,1.5,1.5,1.5,77,50,82,98,50,72,101,20IT101/MA01 LINEAR ALGEBRA AND ODE,20IT102/CY01 ENGINEERING CHEMISTRY,20IT103/EE01 BASIC ELECTRONICS & ELECTRICAL ENGINEERING,20ITL101/MEL01 ENGINEERING GRAPHICS,20ITL102/CYL01 CHEMISTRY LAB,20ITL103/EEL01 BASIC ELECTRONICS & ELECTRICAL ENGINEERING LAB,20ITL104/MEL02 WORKSHOP
y20ait495,RAYANI JYOTHI,RAYANI YEDUKONDALU,523,66,7.36,68,49,54,52,94,97,87,90,3.0,3.0,3.0,3.0,1.5,1.5,1.5,70,9,72,33,9,88,69,20IT101/MA01 LINEAR ALGEBRA AND ODE,20IT102/CY01 ENGINEERING CHEMISTRY,20IT103/EE01 BASIC ELECTRONICS & ELECTRICAL ENGINEERING,20ITL101/MEL01 ENGINEERING GRAPHICS,20ITL102/CYL01 CHEMISTRY LAB,20ITL103/EEL01 BASIC ELECTRONICS & ELECTRICAL ENGINEERING LAB,20ITL104/MEL02 WORKSHOP
y20ait496,SALAGALA TERESA,SALAGALA SHALAM RAJU,531,59,7.45,64,43,58,53,90,96,95,96,3.0,3.0,3.0,3.0,1.5,1.5,1.5,93,12,68,61,12,35,13,20IT101/MA01 LINEAR ALGEBRA AND ODE,20IT102/CY01 ENGINEERING CHEMISTRY,20IT103/EE01 BASIC ELECTRONICS & ELECTRICAL ENGINEERING,20ITL101/MEL01 ENGINEERING GRAPHICS,20ITL102/CYL01 CHEMISTRY LAB,20ITL103/EEL01 BASIC ELECTRONICS & ELECTRICAL ENGINEERING LAB,20ITL104/MEL02 WORKSHOP
y20ait497,SANNAMURI SRI NAGA POOJITHA,SANNAMURI SIVA PRASAD,617,18,8.91,32,67,89,76,97,98,95,95,3.0,3.0,3.0,3.0,1.5,1.5,1.5,41,3,23,7,3,36,21,20IT101/MA01 LINEAR ALGEBRA AND ODE,20IT102/CY01 ENGINEERING CHEMISTRY,20IT103/EE01 BASIC ELECTRONICS & ELECTRICAL ENGINEERING,20ITL101/MEL01 ENGINEERING GRAPHICS,20ITL102/CYL01 CHEMISTRY LAB,20ITL103/EEL01 BASIC ELECTRONICS & ELECTRICAL ENGINEERING LAB,20ITL104/MEL02 WORKSHOP
y20ait498,SANNAPUREDDY BALA KRISHNA REDDY,SANNAPUREDDY thimma reddy,609,25,8.91,31,64,92,75,89,97,98,94,3.0,3.0,3.0,3.0,1.5,1.5,1.5,46,8,25,70,8,8,39,20IT101/MA01 LINEAR ALGEBRA AND ODE,20IT102/CY01 ENGINEERING CHEMISTRY,20IT103/EE01 BASIC ELECTRONICS & ELECTRICAL ENGINEERING,20ITL101/MEL01 ENGINEERING GRAPHICS,20ITL102/CYL01 CHEMISTRY LAB,20ITL103/EEL01 BASIC ELECTRONICS & ELECTRICAL ENGINEERING LAB,20ITL104/MEL02 WORKSHOP
y20ait499,SEELAM YASWANTH REDDY,VENKAT REDDY,654,3,9.64,8,97,95,74,97,97,97,97,3.0,3.0,3.0,3.0,1.5,1.5,1.5,1,6,27,5,6,13,3,20IT101/MA01 LINEAR ALGEBRA AND ODE,20IT102/CY01 ENGINEERING CHEMISTRY,20IT103/EE01 BASIC ELECTRONICS & ELECTRICAL ENGINEERING,20ITL101/MEL01 ENGINEERING GRAPHICS,20ITL102/CYL01 CHEMISTRY LAB,20ITL103/EEL01 BASIC ELECTRONICS & ELECTRICAL ENGINEERING LAB,20ITL104/MEL02 WORKSHOP
y20ait500,SHAIK ALTAF,SHAIK MAHABOOB SUBANI,518,69,7.91,56,71,69,70,74,82,75,77,3.0,3.0,3.0,3.0,1.5,1.5,1.5,33,116,35,116,116,110,115,20IT101/MA01 LINEAR ALGEBRA AND ODE,20IT102/CY01 ENGINEERING CHEMISTRY,20IT103/EE01 BASIC ELECTRONICS & ELECTRICAL ENGINEERING,20ITL101/MEL01 ENGINEERING GRAPHICS,20ITL102/CYL01 CHEMISTRY LAB,20ITL103/EEL01 BASIC ELECTRONICS & ELECTRICAL ENGINEERING LAB,20ITL104/MEL02 WORKSHOP
y20ait501,SHAIK AMAN SIDDIQUE,SHAIK MOULALI,496,85,6.73,86,50,46,46,79,93,90,92,3.0,3.0,3.0,3.0,1.5,1.5,1.5,66,54,95,110,54,78,60,20IT101/MA01 LINEAR ALGEBRA AND ODE,20IT102/CY01 ENGINEERING CHEMISTRY,20IT103/EE01 BASIC ELECTRONICS & ELECTRICAL ENGINEERING,20ITL101/MEL01 ENGINEERING GRAPHICS,20ITL102/CYL01 CHEMISTRY LAB,20ITL103/EEL01 BASIC ELECTRONICS & ELECTRICAL ENGINEERING LAB,20ITL104/MEL02 WORKSHOP
y20ait502,SHAIK AMOON TABASSUM,SHAIK KHADAR MASTAN,524,65,7.73,59,50,59,52,95,91,91,86,3.0,3.0,3.0,3.0,1.5,1.5,1.5,67,79,75,31,79,65,97,20IT101/MA01 LINEAR ALGEBRA AND ODE,20IT102/CY01 ENGINEERING CHEMISTRY,20IT103/EE01 BASIC ELECTRONICS & ELECTRICAL ENGINEERING,20ITL101/MEL01 ENGINEERING GRAPHICS,20ITL102/CYL01 CHEMISTRY LAB,20ITL103/EEL01 BASIC ELECTRONICS & ELECTRICAL ENGINEERING LAB,20ITL104/MEL02 WORKSHOP
y20ait503,SHAIK CHANDINI,SHAIK MOULA SAHEB,510,78,7.0,76,49,50,47,96,91,87,90,3.0,3.0,3.0,3.0,1.5,1.5,1.5,71,77,91,21,77,89,70,20IT101/MA01 LINEAR ALGEBRA AND ODE,20IT102/CY01 ENGINEERING CHEMISTRY,20IT103/EE01 BASIC ELECTRONICS & ELECTRICAL ENGINEERING,20ITL101/MEL01 ENGINEERING GRAPHICS,20ITL102/CYL01 CHEMISTRY LAB,20ITL103/EEL01 BASIC ELECTRONICS & ELECTRICAL ENGINEERING LAB,20ITL104/MEL02 WORKSHOP
y20ait504,SHAIK MOHAMMAD SAIFULLA,SHAIK ABDUL HAMEED,482,94,6.27,97,44,47,46,79,90,83,93,3.0,3.0,3.0,3.0,1.5,1.5,1.5,89,92,94,111,92,95,44,20IT101/MA01 LINEAR ALGEBRA AND ODE,20IT102/CY01 ENGINEERING CHEMISTRY,20IT103/EE01 BASIC ELECTRONICS & ELECTRICAL ENGINEERING,20ITL101/MEL01 ENGINEERING GRAPHICS,20ITL102/CYL01 CHEMISTRY LAB,20ITL103/EEL01 BASIC ELECTRONICS & ELECTRICAL ENGINEERING LAB,20ITL104/MEL02 WORKSHOP
y20ait505,SIDDABATHUNI BHARGAV,SIDDABATHUNI VENKATA RAJA SEKHAR,448,104,6.27,95,43,44,40,80,90,70,81,3.0,3.0,3.0,3.0,1.5,1.5,1.5,90,87,104,105,87,113,109,20IT101/MA01 LINEAR ALGEBRA AND ODE,20IT102/CY01 ENGINEERING CHEMISTRY,20IT103/EE01 BASIC ELECTRONICS & ELECTRICAL ENGINEERING,20ITL101/MEL01 ENGINEERING GRAPHICS,20ITL102/CYL01 CHEMISTRY LAB,20ITL103/EEL01 BASIC ELECTRONICS & ELECTRICAL ENGINEERING LAB,20ITL104/MEL02 WORKSHOP
y20ait506,SIDDAPAREDDY ANUPAMA,SIDDAPAREDDY VENKATA SUBBARAMI REDDY,590,36,8.64,37,65,86,66,95,94,87,97,3.0,3.0,3.0,3.0,1.5,1.5,1.5,45,35,42,23,35,86,4,20IT101/MA01 LINEAR ALGEBRA AND ODE,20IT102/CY01 ENGINEERING CHEMISTRY,20IT103/EE01 BASIC ELECTRONICS & ELECTRICAL ENGINEERING,20ITL101/MEL01 ENGINEERING GRAPHICS,20ITL102/CYL01 CHEMISTRY LAB,20ITL103/EEL01 BASIC ELECTRONICS & ELECTRICAL ENGINEERING LAB,20ITL104/MEL02 WORKSHOP
y20ait507,SRIHARI MADDINENI,RAVI MADDINENI,624,12,9.27,21,70,99,72,95,95,97,96,3.0,3.0,3.0,3.0,1.5,1.5,1.5,37,18,31,28,18,18,7,20IT101/MA01 LINEAR ALGEBRA AND ODE,20IT102/CY01 ENGINEERING CHEMISTRY,20IT103/EE01 BASIC ELECTRONICS & ELECTRICAL ENGINEERING,20ITL101/MEL01 ENGINEERING GRAPHICS,20ITL102/CYL01 CHEMISTRY LAB,20ITL103/EEL01 BASIC ELECTRONICS & ELECTRICAL ENGINEERING LAB,20ITL104/MEL02 WORKSHOP
y20ait508,SUNKARA KIRAN SAI,SUNKARA KRUPANANDHAM,578,39,8.55,40,65,73,62,92,93,98,95,3.0,3.0,3.0,3.0,1.5,1.5,1.5,44,45,54,49,45,7,22,20IT101/MA01 LINEAR ALGEBRA AND ODE,20IT102/CY01 ENGINEERING CHEMISTRY,20IT103/EE01 BASIC ELECTRONICS & ELECTRICAL ENGINEERING,20ITL101/MEL01 ENGINEERING GRAPHICS,20ITL102/CYL01 CHEMISTRY LAB,20ITL103/EEL01 BASIC ELECTRONICS & ELECTRICAL ENGINEERING LAB,20ITL104/MEL02 WORKSHOP
y20ait509,SUNKARA SAI DIVYA SRI,SUNKARA PURNA CHANDRA RAO,494,88,6.55,92,42,45,40,87,90,95,95,3.0,3.0,3.0,3.0,1.5,1.5,1.5,95,85,103,80,85,29,17,20IT101/MA01 LINEAR ALGEBRA AND ODE,20IT102/CY01 ENGINEERING CHEMISTRY,20IT103/EE01 BASIC ELECTRONICS & ELECTRICAL ENGINEERING,20ITL101/MEL01 ENGINEERING GRAPHICS,20ITL102/CYL01 CHEMISTRY LAB,20ITL103/EEL01 BASIC ELECTRONICS & ELECTRICAL ENGINEERING LAB,20ITL104/MEL02 WORKSHOP
y20ait510,TEKKEM JAHNAVI,SRINIVASARAO,490,89,6.82,81,46,57,41,94,92,73,87,3.0,3.0,3.0,3.0,1.5,1.5,1.5,73,67,102,32,67,111,92,20IT101/MA01 LINEAR ALGEBRA AND ODE,20IT102/CY01 ENGINEERING CHEMISTRY,20IT103/EE01 BASIC ELECTRONICS & ELECTRICAL ENGINEERING,20ITL101/MEL01 ENGINEERING GRAPHICS,20ITL102/CYL01 CHEMISTRY LAB,20ITL103/EEL01 BASIC ELECTRONICS & ELECTRICAL ENGINEERING LAB,20ITL104/MEL02 WORKSHOP
y20ait511,T GOPI CHAND,THUMATI CHINA KOTAIAH,520,68,7.27,70,45,68,56,86,93,85,87,3.0,3.0,3.0,3.0,1.5,1.5,1.5,79,46,63,87,46,94,96,20IT101/MA01 LINEAR ALGEBRA AND ODE,20IT102/CY01 ENGINEERING CHEMISTRY,20IT103/EE01 BASIC ELECTRONICS & ELECTRICAL ENGINEERING,20ITL101/MEL01 ENGINEERING GRAPHICS,20ITL102/CYL01 CHEMISTRY LAB,20ITL103/EEL01 BASIC ELECTRONICS & ELECTRICAL ENGINEERING LAB,20ITL104/MEL02 WORKSHOP
y20ait512,VADITHE BRAMYYA NAYAK,ANANTHA RAMULU NAYAK,513,75,7.18,74,42,59,50,89,89,90,94,3.0,3.0,3.0,3.0,1.5,1.5,1.5,97,102,77,72,102,70,29,20IT101/MA01 LINEAR ALGEBRA AND ODE,20IT102/CY01 ENGINEERING CHEMISTRY,20IT103/EE01 BASIC ELECTRONICS & ELECTRICAL ENGINEERING,20ITL101/MEL01 ENGINEERING GRAPHICS,20ITL102/CYL01 CHEMISTRY LAB,20ITL103/EEL01 BASIC ELECTRONICS & ELECTRICAL ENGINEERING LAB,20ITL104/MEL02 WORKSHOP
y20ait513,VALLABHUNI SAI SAMPADHA,VALLABHUNI SABHAPATHI,536,56,7.64,62,49,61,52,94,90,95,95,3.0,3.0,3.0,3.0,1.5,1.5,1.5,69,91,73,36,91,31,15,20IT101/MA01 LINEAR ALGEBRA AND ODE,20IT102/CY01 ENGINEERING CHEMISTRY,20IT103/EE01 BASIC ELECTRONICS & ELECTRICAL ENGINEERING,20ITL101/MEL01 ENGINEERING GRAPHICS,20ITL102/CYL01 CHEMISTRY LAB,20ITL103/EEL01 BASIC ELECTRONICS & ELECTRICAL ENGINEERING LAB,20ITL104/MEL02 WORKSHOP
y20ait514,VANDANAPU LALITHA SAI KUMAR,VANDANAPU SRINIVASA RAO,616,20,9.27,16,82,87,83,88,92,90,94,3.0,3.0,3.0,3.0,1.5,1.5,1.5,18,60,12,73,60,71,31,20IT101/MA01 LINEAR ALGEBRA AND ODE,20IT102/CY01 ENGINEERING CHEMISTRY,20IT103/EE01 BASIC ELECTRONICS & ELECTRICAL ENGINEERING,20ITL101/MEL01 ENGINEERING GRAPHICS,20ITL102/CYL01 CHEMISTRY LAB,20ITL103/EEL01 BASIC ELECTRONICS & ELECTRICAL ENGINEERING LAB,20ITL104/MEL02 WORKSHOP
y20ait515,VARIKUTI VENKAT SRINIVAS,VARIKUTI SIVA NAGA PRASAD,528,62,7.45,65,44,59,63,83,92,91,96,3.0,3.0,3.0,3.0,1.5,1.5,1.5,86,58,49,99,58,66,5,20IT101/MA01 LINEAR ALGEBRA AND ODE,20IT102/CY01 ENGINEERING CHEMISTRY,20IT103/EE01 BASIC ELECTRONICS & ELECTRICAL ENGINEERING,20ITL101/MEL01 ENGINEERING GRAPHICS,20ITL102/CYL01 CHEMISTRY LAB,20ITL103/EEL01 BASIC ELECTRONICS & ELECTRICAL ENGINEERING LAB,20ITL104/MEL02 WORKSHOP
y20ait516,VEMURI JASWANTH,V. MADHU SUDHANA RAO,655,2,10.0,1,93,96,91,92,94,93,96,3.0,3.0,3.0,3.0,1.5,1.5,1.5,6,30,1,43,30,56,10,20IT101/MA01 LINEAR ALGEBRA AND ODE,20IT102/CY01 ENGINEERING CHEMISTRY,20IT103/EE01 BASIC ELECTRONICS & ELECTRICAL ENGINEERING,20ITL101/MEL01 ENGINEERING GRAPHICS,20ITL102/CYL01 CHEMISTRY LAB,20ITL103/EEL01 BASIC ELECTRONICS & ELECTRICAL ENGINEERING LAB,20ITL104/MEL02 WORKSHOP
y20ait517,VIPPADAPU DIVYA SAHITHI,VIPPADAPU VENKATA RAMAIAH,495,87,6.0,101,24,49,49,91,92,96,94,3.0,3.0,3.0,3.0,1.5,1.5,1.5,103,65,78,51,65,23,42,20IT101/MA01 LINEAR ALGEBRA AND ODE,20IT102/CY01 ENGINEERING CHEMISTRY,20IT103/EE01 BASIC ELECTRONICS & ELECTRICAL ENGINEERING,20ITL101/MEL01 ENGINEERING GRAPHICS,20ITL102/CYL01 CHEMISTRY LAB,20ITL103/EEL01 BASIC ELECTRONICS & ELECTRICAL ENGINEERING LAB,20ITL104/MEL02 WORKSHOP
y20ait518,VIPPADAPU PRAVEEN,VIPPADAPU VENKATA RAMAIAH,386,118,4.09,116,21,18,20,80,90,63,94,3.0,3.0,3.0,3.0,1.5,1.5,1.5,107,88,113,107,88,117,30,20IT101/MA01 LINEAR ALGEBRA AND ODE,20IT102/CY01 ENGINEERING CHEMISTRY,20IT103/EE01 BASIC ELECTRONICS & ELECTRICAL ENGINEERING,20ITL101/MEL01 ENGINEERING GRAPHICS,20ITL102/CYL01 CHEMISTRY LAB,20ITL103/EEL01 BASIC ELECTRONICS & ELECTRICAL ENGINEERING LAB,20ITL104/MEL02 WORKSHOP
y20ait519,YAKKALA SAI AKHIL,YAKKALA HARI HARA NATH BABU,518,70,7.91,54,54,73,62,83,90,66,90,3.0,3.0,3.0,3.0,1.5,1.5,1.5,58,95,53,97,95,114,73,20IT101/MA01 LINEAR ALGEBRA AND ODE,20IT102/CY01 ENGINEERING CHEMISTRY,20IT103/EE01 BASIC ELECTRONICS & ELECTRICAL ENGINEERING,20ITL101/MEL01 ENGINEERING GRAPHICS,20ITL102/CYL01 CHEMISTRY LAB,20ITL103/EEL01 BASIC ELECTRONICS & ELECTRICAL ENGINEERING LAB,20ITL104/MEL02 WORKSHOP
y20ait520,YENUGANTI JESHNAVI,YENUGANTI SRINIVASARAO,592,33,8.64,36,69,85,68,97,99,80,94,3.0,3.0,3.0,3.0,1.5,1.5,1.5,40,2,37,14,2,103,34,20IT101/MA01 LINEAR ALGEBRA AND ODE,20IT102/CY01 ENGINEERING CHEMISTRY,20IT103/EE01 BASIC ELECTRONICS & ELECTRICAL ENGINEERING,20ITL101/MEL01 ENGINEERING GRAPHICS,20ITL102/CYL01 CHEMISTRY LAB,20ITL103/EEL01 BASIC ELECTRONICS & ELECTRICAL ENGINEERING LAB,20ITL104/MEL02 WORKSHOP
