Reg No,Name,Father Name,total,total_rank,sgpa,sgpa_rank,M3,WT,DBMS,DAA,PP,WT_LAB,RDBMS_LAB,C1,C2,C3,C4,C5,C6,C7,m3_rank,wt_rank,dbms_rank,daa_rank,pp_rank,wt_lab_rank,rdbms_lab_rank,sub1,sub2,sub3,sub4,sub5,sub6,sub7
l21ait401,BOMMASANI GOPI CHAND,BOMMASANI SESHAIAH,374,90,5.76,84,51,55,44,61,53,42,68,3.0,3.0,3.0,3.0,3.5,1.5,1.5,94,92,98,80,84,114,54,20IT401/MA 03 PROBABILITY AND STATISTICS,20IT402 WEB TECHNOLOGIES,20IT403 DATABASE MANAGEMENT SYSTEMS,20IT404 DESIGN AND ANALYSIS OF ALGORITHMS,20ITL401/SO02 PYTHON PROGRAMMING,20ITL402 WEB TECHNOLOGIES LAB,20ITL403 RDBMS LAB
l21ait402,BONTHU LAKSHMI ANITHA,BONTHU SAMPATH KUMAR,425,68,6.68,65,76,64,51,71,67,48,48,3.0,3.0,3.0,3.0,3.5,1.5,1.5,43,75,76,56,58,92,87,20IT401/MA 03 PROBABILITY AND STATISTICS,20IT402 WEB TECHNOLOGIES,20IT403 DATABASE MANAGEMENT SYSTEMS,20IT404 DESIGN AND ANALYSIS OF ALGORITHMS,20ITL401/SO02 PYTHON PROGRAMMING,20ITL402 WEB TECHNOLOGIES LAB,20ITL403 RDBMS LAB
l21ait403,BUDIGAPOGU VIJAY KUMAR,BUDIGAPOGU VENKATESH,521,40,7.73,48,68,84,54,70,67,81,97,3.0,3.0,3.0,3.0,3.5,1.5,1.5,63,12,68,58,59,23,1,20IT401/MA 03 PROBABILITY AND STATISTICS,20IT402 WEB TECHNOLOGIES,20IT403 DATABASE MANAGEMENT SYSTEMS,20IT404 DESIGN AND ANALYSIS OF ALGORITHMS,20ITL401/SO02 PYTHON PROGRAMMING,20ITL402 WEB TECHNOLOGIES LAB,20ITL403 RDBMS LAB
l21ait404,CHUKKA SAI PRAMOD,CHUKKA NARASINGA RAO,469,55,7.24,56,74,73,50,69,64,86,53,3.0,3.0,3.0,3.0,3.5,1.5,1.5,51,50,81,60,67,20,78,20IT401/MA 03 PROBABILITY AND STATISTICS,20IT402 WEB TECHNOLOGIES,20IT403 DATABASE MANAGEMENT SYSTEMS,20IT404 DESIGN AND ANALYSIS OF ALGORITHMS,20ITL401/SO02 PYTHON PROGRAMMING,20ITL402 WEB TECHNOLOGIES LAB,20ITL403 RDBMS LAB
l21ait406,GOKADA SYAM KUMAR,GOKADA SANYASI RAO,511,46,7.76,47,78,77,65,87,75,87,42,3.0,3.0,3.0,3.0,3.5,1.5,1.5,37,36,35,5,48,16,106,20IT401/MA 03 PROBABILITY AND STATISTICS,20IT402 WEB TECHNOLOGIES,20IT403 DATABASE MANAGEMENT SYSTEMS,20IT404 DESIGN AND ANALYSIS OF ALGORITHMS,20ITL401/SO02 PYTHON PROGRAMMING,20ITL402 WEB TECHNOLOGIES LAB,20ITL403 RDBMS LAB
l21ait407,KULUKURI VENKATA SHANMUKHA,KULUKURI PYDIRAJU,589,9,8.78,13,87,74,67,84,94,89,94,3.0,3.0,3.0,3.0,3.5,1.5,1.5,14,43,28,8,12,11,9,20IT401/MA 03 PROBABILITY AND STATISTICS,20IT402 WEB TECHNOLOGIES,20IT403 DATABASE MANAGEMENT SYSTEMS,20IT404 DESIGN AND ANALYSIS OF ALGORITHMS,20ITL401/SO02 PYTHON PROGRAMMING,20ITL402 WEB TECHNOLOGIES LAB,20ITL403 RDBMS LAB
l21ait408,MARRIBOYINA TARUN BABU,MARRIBOYINA NAGESWARA RAO,493,50,7.49,51,85,68,69,75,68,68,60,3.0,3.0,3.0,3.0,3.5,1.5,1.5,17,61,23,39,55,51,65,20IT401/MA 03 PROBABILITY AND STATISTICS,20IT402 WEB TECHNOLOGIES,20IT403 DATABASE MANAGEMENT SYSTEMS,20IT404 DESIGN AND ANALYSIS OF ALGORITHMS,20ITL401/SO02 PYTHON PROGRAMMING,20ITL402 WEB TECHNOLOGIES LAB,20ITL403 RDBMS LAB
l21ait409,MOHAMMAD MUNAWAR ZAKIRUDDIN,MOHAMMAD RAFI,524,39,8.03,37,77,73,62,75,83,78,76,3.0,3.0,3.0,3.0,3.5,1.5,1.5,40,47,43,41,36,32,43,20IT401/MA 03 PROBABILITY AND STATISTICS,20IT402 WEB TECHNOLOGIES,20IT403 DATABASE MANAGEMENT SYSTEMS,20IT404 DESIGN AND ANALYSIS OF ALGORITHMS,20ITL401/SO02 PYTHON PROGRAMMING,20ITL402 WEB TECHNOLOGIES LAB,20ITL403 RDBMS LAB
l21ait410,MORLA SRIKANTH,MORLA VENKATA RAMANARAO,282,111,4.0,109,52,53,49,0,43,43,42,3.0,3.0,3.0,3.0,3.5,1.5,1.5,91,96,84,126,103,106,108,20IT401/MA 03 PROBABILITY AND STATISTICS,20IT402 WEB TECHNOLOGIES,20IT403 DATABASE MANAGEMENT SYSTEMS,20IT404 DESIGN AND ANALYSIS OF ALGORITHMS,20ITL401/SO02 PYTHON PROGRAMMING,20ITL402 WEB TECHNOLOGIES LAB,20ITL403 RDBMS LAB
l21ait411,MUTLURI HIMAVANTH,MUTLURI TULASI RAM,410,75,6.35,75,54,68,59,64,66,53,46,3.0,3.0,3.0,3.0,3.5,1.5,1.5,88,62,55,69,65,77,95,20IT401/MA 03 PROBABILITY AND STATISTICS,20IT402 WEB TECHNOLOGIES,20IT403 DATABASE MANAGEMENT SYSTEMS,20IT404 DESIGN AND ANALYSIS OF ALGORITHMS,20ITL401/SO02 PYTHON PROGRAMMING,20ITL402 WEB TECHNOLOGIES LAB,20ITL403 RDBMS LAB
l21ait412,NAGANDLA CHAITANYA,NAGANDLA SRINIVASARAO,425,69,6.38,73,57,60,45,51,79,58,75,3.0,3.0,3.0,3.0,3.5,1.5,1.5,81,85,93,106,42,68,46,20IT401/MA 03 PROBABILITY AND STATISTICS,20IT402 WEB TECHNOLOGIES,20IT403 DATABASE MANAGEMENT SYSTEMS,20IT404 DESIGN AND ANALYSIS OF ALGORITHMS,20ITL401/SO02 PYTHON PROGRAMMING,20ITL402 WEB TECHNOLOGIES LAB,20ITL403 RDBMS LAB
l21ait413,KARI LOKESH,KARI VENKATA PRASAD,368,92,5.62,87,51,62,55,62,49,46,43,3.0,3.0,3.0,3.0,3.5,1.5,1.5,95,80,63,77,90,99,103,20IT401/MA 03 PROBABILITY AND STATISTICS,20IT402 WEB TECHNOLOGIES,20IT403 DATABASE MANAGEMENT SYSTEMS,20IT404 DESIGN AND ANALYSIS OF ALGORITHMS,20ITL401/SO02 PYTHON PROGRAMMING,20ITL402 WEB TECHNOLOGIES LAB,20ITL403 RDBMS LAB
l21ait414,PENDEM CHENNAKESAVA,PENDEM DRONASWARARAO,517,43,8.19,32,74,79,73,80,85,56,70,3.0,3.0,3.0,3.0,3.5,1.5,1.5,52,30,14,18,31,72,52,20IT401/MA 03 PROBABILITY AND STATISTICS,20IT402 WEB TECHNOLOGIES,20IT403 DATABASE MANAGEMENT SYSTEMS,20IT404 DESIGN AND ANALYSIS OF ALGORITHMS,20ITL401/SO02 PYTHON PROGRAMMING,20ITL402 WEB TECHNOLOGIES LAB,20ITL403 RDBMS LAB
l21ait415,TADISETTI SURESH,TADISETTI ESWARA RAO,433,64,6.81,62,67,73,66,74,57,54,42,3.0,3.0,3.0,3.0,3.5,1.5,1.5,65,48,30,47,76,75,105,20IT401/MA 03 PROBABILITY AND STATISTICS,20IT402 WEB TECHNOLOGIES,20IT403 DATABASE MANAGEMENT SYSTEMS,20IT404 DESIGN AND ANALYSIS OF ALGORITHMS,20ITL401/SO02 PYTHON PROGRAMMING,20ITL402 WEB TECHNOLOGIES LAB,20ITL403 RDBMS LAB
l21ait417,VIJAYA RAO PRUDHVI SURESH,VIJAYA RAO VENKATESWARLU,429,66,6.43,72,46,66,64,57,60,54,82,3.0,3.0,3.0,3.0,3.5,1.5,1.5,103,71,37,94,69,76,31,20IT401/MA 03 PROBABILITY AND STATISTICS,20IT402 WEB TECHNOLOGIES,20IT403 DATABASE MANAGEMENT SYSTEMS,20IT404 DESIGN AND ANALYSIS OF ALGORITHMS,20ITL401/SO02 PYTHON PROGRAMMING,20ITL402 WEB TECHNOLOGIES LAB,20ITL403 RDBMS LAB
l21ait418,YARASANI MANIKANTA,Y V SATYANARAYANA VARA PRASAD,415,72,6.35,76,44,67,51,60,66,61,66,3.0,3.0,3.0,3.0,3.5,1.5,1.5,106,69,77,86,62,61,58,20IT401/MA 03 PROBABILITY AND STATISTICS,20IT402 WEB TECHNOLOGIES,20IT403 DATABASE MANAGEMENT SYSTEMS,20IT404 DESIGN AND ANALYSIS OF ALGORITHMS,20ITL401/SO02 PYTHON PROGRAMMING,20ITL402 WEB TECHNOLOGIES LAB,20ITL403 RDBMS LAB
l21ait419,YARLAGADDA MADHU SAGAR,YARLAGADDA VENKATESWARA RAO,542,28,7.95,41,72,67,58,74,88,87,96,3.0,3.0,3.0,3.0,3.5,1.5,1.5,56,68,56,49,19,19,6,20IT401/MA 03 PROBABILITY AND STATISTICS,20IT402 WEB TECHNOLOGIES,20IT403 DATABASE MANAGEMENT SYSTEMS,20IT404 DESIGN AND ANALYSIS OF ALGORITHMS,20ITL401/SO02 PYTHON PROGRAMMING,20ITL402 WEB TECHNOLOGIES LAB,20ITL403 RDBMS LAB
y20ait401,ACHUTA VENKATA SIVA TEJASWINI,ACHUTA VENKATA SUBBA RAO,440,62,7.0,58,65,80,59,62,65,55,54,3.0,3.0,3.0,3.0,3.5,1.5,1.5,72,25,52,74,66,73,75,20IT401/MA 03 PROBABILITY AND STATISTICS,20IT402 WEB TECHNOLOGIES,20IT403 DATABASE MANAGEMENT SYSTEMS,20IT404 DESIGN AND ANALYSIS OF ALGORITHMS,20ITL401/SO02 PYTHON PROGRAMMING,20ITL402 WEB TECHNOLOGIES LAB,20ITL403 RDBMS LAB
y20ait402,AKUMALLA SIDDU,KHASIM,612,4,9.35,4,90,93,78,74,95,91,91,3.0,3.0,3.0,3.0,3.5,1.5,1.5,8,1,3,45,11,8,14,20IT401/MA 03 PROBABILITY AND STATISTICS,20IT402 WEB TECHNOLOGIES,20IT403 DATABASE MANAGEMENT SYSTEMS,20IT404 DESIGN AND ANALYSIS OF ALGORITHMS,20ITL401/SO02 PYTHON PROGRAMMING,20ITL402 WEB TECHNOLOGIES LAB,20ITL403 RDBMS LAB
y20ait403,ALTHAF SYED,ISMAIL SYED,122,123,1.41,123,0,0,0,0,42,40,40,3.0,3.0,3.0,3.0,3.5,1.5,1.5,125,122,126,123,108,123,115,20IT401/MA 03 PROBABILITY AND STATISTICS,20IT402 WEB TECHNOLOGIES,20IT403 DATABASE MANAGEMENT SYSTEMS,20IT404 DESIGN AND ANALYSIS OF ALGORITHMS,20ITL401/SO02 PYTHON PROGRAMMING,20ITL402 WEB TECHNOLOGIES LAB,20ITL403 RDBMS LAB
y20ait404,ATCHUTA RANGA PAVAN KUMAR,ATCHUTA BALA SUBRAHMANYAM,571,16,8.68,16,80,87,78,86,89,65,86,3.0,3.0,3.0,3.0,3.5,1.5,1.5,32,5,5,6,18,57,20,20IT401/MA 03 PROBABILITY AND STATISTICS,20IT402 WEB TECHNOLOGIES,20IT403 DATABASE MANAGEMENT SYSTEMS,20IT404 DESIGN AND ANALYSIS OF ALGORITHMS,20ITL401/SO02 PYTHON PROGRAMMING,20ITL402 WEB TECHNOLOGIES LAB,20ITL403 RDBMS LAB
y20ait405,AVULA MANEESHA,AVULA SAMBASIVA RAO,611,5,9.19,6,92,84,78,84,97,87,89,3.0,3.0,3.0,3.0,3.5,1.5,1.5,5,13,4,9,6,17,15,20IT401/MA 03 PROBABILITY AND STATISTICS,20IT402 WEB TECHNOLOGIES,20IT403 DATABASE MANAGEMENT SYSTEMS,20IT404 DESIGN AND ANALYSIS OF ALGORITHMS,20ITL401/SO02 PYTHON PROGRAMMING,20ITL402 WEB TECHNOLOGIES LAB,20ITL403 RDBMS LAB
y20ait406,BACHALAKURI HARSHAVARDHAN,BACHALAKURI RAVI KUMAR,352,97,5.3,93,45,60,59,61,42,40,45,3.0,3.0,3.0,3.0,3.5,1.5,1.5,104,87,53,81,110,120,97,20IT401/MA 03 PROBABILITY AND STATISTICS,20IT402 WEB TECHNOLOGIES,20IT403 DATABASE MANAGEMENT SYSTEMS,20IT404 DESIGN AND ANALYSIS OF ALGORITHMS,20ITL401/SO02 PYTHON PROGRAMMING,20ITL402 WEB TECHNOLOGIES LAB,20ITL403 RDBMS LAB
y20ait407,BAIG IMRAN,ALEEM BAIG,514,45,7.86,45,76,68,74,77,87,66,66,3.0,3.0,3.0,3.0,3.5,1.5,1.5,45,65,11,32,23,53,57,20IT401/MA 03 PROBABILITY AND STATISTICS,20IT402 WEB TECHNOLOGIES,20IT403 DATABASE MANAGEMENT SYSTEMS,20IT404 DESIGN AND ANALYSIS OF ALGORITHMS,20ITL401/SO02 PYTHON PROGRAMMING,20ITL402 WEB TECHNOLOGIES LAB,20ITL403 RDBMS LAB
y20ait408,BANDARU VAISHNAVI,BANDARU ANJANEYA PRASAD,603,7,9.19,5,80,80,76,82,96,92,97,3.0,3.0,3.0,3.0,3.5,1.5,1.5,34,27,9,10,10,7,4,20IT401/MA 03 PROBABILITY AND STATISTICS,20IT402 WEB TECHNOLOGIES,20IT403 DATABASE MANAGEMENT SYSTEMS,20IT404 DESIGN AND ANALYSIS OF ALGORITHMS,20ITL401/SO02 PYTHON PROGRAMMING,20ITL402 WEB TECHNOLOGIES LAB,20ITL403 RDBMS LAB
y20ait409,BHUVANAGIRI CHIRANJEEVI SAI,BHUVANAGIRI CHINA VENKATESWARLU,412,73,6.49,71,65,58,67,62,55,51,54,3.0,3.0,3.0,3.0,3.5,1.5,1.5,70,90,26,75,79,83,76,20IT401/MA 03 PROBABILITY AND STATISTICS,20IT402 WEB TECHNOLOGIES,20IT403 DATABASE MANAGEMENT SYSTEMS,20IT404 DESIGN AND ANALYSIS OF ALGORITHMS,20ITL401/SO02 PYTHON PROGRAMMING,20ITL402 WEB TECHNOLOGIES LAB,20ITL403 RDBMS LAB
y20ait410,BOBBILI HARIKA,BOBBILI ESWARA RAO,553,23,8.78,10,85,81,61,80,93,80,73,3.0,3.0,3.0,3.0,3.5,1.5,1.5,19,24,46,17,15,25,48,20IT401/MA 03 PROBABILITY AND STATISTICS,20IT402 WEB TECHNOLOGIES,20IT403 DATABASE MANAGEMENT SYSTEMS,20IT404 DESIGN AND ANALYSIS OF ALGORITHMS,20ITL401/SO02 PYTHON PROGRAMMING,20ITL402 WEB TECHNOLOGIES LAB,20ITL403 RDBMS LAB
y20ait411,BONDI VIJAY,BONDI RAMANA,489,51,7.57,49,71,78,73,72,67,69,59,3.0,3.0,3.0,3.0,3.5,1.5,1.5,58,35,13,54,57,49,70,20IT401/MA 03 PROBABILITY AND STATISTICS,20IT402 WEB TECHNOLOGIES,20IT403 DATABASE MANAGEMENT SYSTEMS,20IT404 DESIGN AND ANALYSIS OF ALGORITHMS,20ITL401/SO02 PYTHON PROGRAMMING,20ITL402 WEB TECHNOLOGIES LAB,20ITL403 RDBMS LAB
y20ait412,BORRA DURGA SREE,BORRA SREE RAMULU,556,21,8.51,20,80,83,77,79,87,74,76,3.0,3.0,3.0,3.0,3.5,1.5,1.5,30,15,7,26,21,41,45,20IT401/MA 03 PROBABILITY AND STATISTICS,20IT402 WEB TECHNOLOGIES,20IT403 DATABASE MANAGEMENT SYSTEMS,20IT404 DESIGN AND ANALYSIS OF ALGORITHMS,20ITL401/SO02 PYTHON PROGRAMMING,20ITL402 WEB TECHNOLOGIES LAB,20ITL403 RDBMS LAB
y20ait413,BYLAPUDI GOWTHAMI PRIYA,BYLAPUDI HARNADH,466,56,7.35,55,73,72,69,72,76,56,48,3.0,3.0,3.0,3.0,3.5,1.5,1.5,54,52,22,55,44,71,86,20IT401/MA 03 PROBABILITY AND STATISTICS,20IT402 WEB TECHNOLOGIES,20IT403 DATABASE MANAGEMENT SYSTEMS,20IT404 DESIGN AND ANALYSIS OF ALGORITHMS,20ITL401/SO02 PYTHON PROGRAMMING,20ITL402 WEB TECHNOLOGIES LAB,20ITL403 RDBMS LAB
y20ait414,CHALLA MAMATHA,CHALLA ANJIREDDY,310,105,4.16,107,51,61,15,49,45,49,40,3.0,3.0,3.0,3.0,3.5,1.5,1.5,96,82,115,109,96,91,122,20IT401/MA 03 PROBABILITY AND STATISTICS,20IT402 WEB TECHNOLOGIES,20IT403 DATABASE MANAGEMENT SYSTEMS,20IT404 DESIGN AND ANALYSIS OF ALGORITHMS,20ITL401/SO02 PYTHON PROGRAMMING,20ITL402 WEB TECHNOLOGIES LAB,20ITL403 RDBMS LAB
y20ait415,CHEEDELLA V N S S L PALLAVI,CHEEDELLA JANARDHANA RAO,576,12,8.78,12,71,85,79,81,96,76,88,3.0,3.0,3.0,3.0,3.5,1.5,1.5,59,8,2,16,9,36,16,20IT401/MA 03 PROBABILITY AND STATISTICS,20IT402 WEB TECHNOLOGIES,20IT403 DATABASE MANAGEMENT SYSTEMS,20IT404 DESIGN AND ANALYSIS OF ALGORITHMS,20ITL401/SO02 PYTHON PROGRAMMING,20ITL402 WEB TECHNOLOGIES LAB,20ITL403 RDBMS LAB
y20ait416,CHIGURUPATI MOHAN,CHIGURUPATI RAM PRASAD,114,124,0.97,124,40,0,0,18,15,0,41,3.0,3.0,3.0,3.0,3.5,1.5,1.5,113,130,118,117,126,129,111,20IT401/MA 03 PROBABILITY AND STATISTICS,20IT402 WEB TECHNOLOGIES,20IT403 DATABASE MANAGEMENT SYSTEMS,20IT404 DESIGN AND ANALYSIS OF ALGORITHMS,20ITL401/SO02 PYTHON PROGRAMMING,20ITL402 WEB TECHNOLOGIES LAB,20ITL403 RDBMS LAB
y20ait417,CHIKKALA ANANDA VENI,CHIKKALA SATYANARAYANA,299,109,4.0,108,40,64,48,0,56,42,49,3.0,3.0,3.0,3.0,3.5,1.5,1.5,112,76,85,128,77,111,82,20IT401/MA 03 PROBABILITY AND STATISTICS,20IT402 WEB TECHNOLOGIES,20IT403 DATABASE MANAGEMENT SYSTEMS,20IT404 DESIGN AND ANALYSIS OF ALGORITHMS,20ITL401/SO02 PYTHON PROGRAMMING,20ITL402 WEB TECHNOLOGIES LAB,20ITL403 RDBMS LAB
y20ait418,CHIKKALA LAKSHMIPRIYA,CHIKKALA CHANDRA MOHAN,502,49,7.97,38,73,81,55,74,93,69,57,3.0,3.0,3.0,3.0,3.5,1.5,1.5,53,21,65,44,16,48,71,20IT401/MA 03 PROBABILITY AND STATISTICS,20IT402 WEB TECHNOLOGIES,20IT403 DATABASE MANAGEMENT SYSTEMS,20IT404 DESIGN AND ANALYSIS OF ALGORITHMS,20ITL401/SO02 PYTHON PROGRAMMING,20ITL402 WEB TECHNOLOGIES LAB,20ITL403 RDBMS LAB
y20ait419,CHINTHA MAHESH BABU,CHINTHA VEERA RAJU,379,86,5.62,88,56,61,45,61,45,52,59,3.0,3.0,3.0,3.0,3.5,1.5,1.5,83,84,91,79,95,81,68,20IT401/MA 03 PROBABILITY AND STATISTICS,20IT402 WEB TECHNOLOGIES,20IT403 DATABASE MANAGEMENT SYSTEMS,20IT404 DESIGN AND ANALYSIS OF ALGORITHMS,20ITL401/SO02 PYTHON PROGRAMMING,20ITL402 WEB TECHNOLOGIES LAB,20ITL403 RDBMS LAB
y20ait420,D VENKATA SRINADH,D RAMANJANEYULU,571,15,8.76,14,87,86,70,86,82,81,79,3.0,3.0,3.0,3.0,3.5,1.5,1.5,12,7,20,7,37,22,38,20IT401/MA 03 PROBABILITY AND STATISTICS,20IT402 WEB TECHNOLOGIES,20IT403 DATABASE MANAGEMENT SYSTEMS,20IT404 DESIGN AND ANALYSIS OF ALGORITHMS,20ITL401/SO02 PYTHON PROGRAMMING,20ITL402 WEB TECHNOLOGIES LAB,20ITL403 RDBMS LAB
y20ait421,DASARI SYAMSUNDAR,DASARI ABRAHAM,444,60,6.84,61,69,73,51,58,69,50,74,3.0,3.0,3.0,3.0,3.5,1.5,1.5,62,46,78,89,54,87,47,20IT401/MA 03 PROBABILITY AND STATISTICS,20IT402 WEB TECHNOLOGIES,20IT403 DATABASE MANAGEMENT SYSTEMS,20IT404 DESIGN AND ANALYSIS OF ALGORITHMS,20ITL401/SO02 PYTHON PROGRAMMING,20ITL402 WEB TECHNOLOGIES LAB,20ITL403 RDBMS LAB
y20ait422,DASARI VENKATA SAI ADITHYA,RAMA KRISHNA PRASAD DASARI,309,108,4.32,106,0,51,65,46,50,49,48,3.0,3.0,3.0,3.0,3.5,1.5,1.5,124,98,36,110,86,89,85,20IT401/MA 03 PROBABILITY AND STATISTICS,20IT402 WEB TECHNOLOGIES,20IT403 DATABASE MANAGEMENT SYSTEMS,20IT404 DESIGN AND ANALYSIS OF ALGORITHMS,20ITL401/SO02 PYTHON PROGRAMMING,20ITL402 WEB TECHNOLOGIES LAB,20ITL403 RDBMS LAB
y20ait423,DASARI VIGNA NAGA SHANMUKH RAJ,DASARI KANAKA RATNAM,378,87,5.22,97,64,40,47,55,44,45,83,3.0,3.0,3.0,3.0,3.5,1.5,1.5,74,113,87,98,102,103,28,20IT401/MA 03 PROBABILITY AND STATISTICS,20IT402 WEB TECHNOLOGIES,20IT403 DATABASE MANAGEMENT SYSTEMS,20IT404 DESIGN AND ANALYSIS OF ALGORITHMS,20ITL401/SO02 PYTHON PROGRAMMING,20ITL402 WEB TECHNOLOGIES LAB,20ITL403 RDBMS LAB
y20ait424,DASINENI ANJANEYA VAMSI KRISHNA,DASINENI SRINIVASA RAO,447,59,6.89,60,75,75,55,77,53,64,48,3.0,3.0,3.0,3.0,3.5,1.5,1.5,49,41,66,31,83,58,91,20IT401/MA 03 PROBABILITY AND STATISTICS,20IT402 WEB TECHNOLOGIES,20IT403 DATABASE MANAGEMENT SYSTEMS,20IT404 DESIGN AND ANALYSIS OF ALGORITHMS,20ITL401/SO02 PYTHON PROGRAMMING,20ITL402 WEB TECHNOLOGIES LAB,20ITL403 RDBMS LAB
y20ait425,DEGALA SASIKALA,DEGALA KOTESWARA RAO,425,67,6.51,68,78,80,40,57,66,56,48,3.0,3.0,3.0,3.0,3.5,1.5,1.5,38,26,110,93,63,70,89,20IT401/MA 03 PROBABILITY AND STATISTICS,20IT402 WEB TECHNOLOGIES,20IT403 DATABASE MANAGEMENT SYSTEMS,20IT404 DESIGN AND ANALYSIS OF ALGORITHMS,20ITL401/SO02 PYTHON PROGRAMMING,20ITL402 WEB TECHNOLOGIES LAB,20ITL403 RDBMS LAB
y20ait426,DEVINA SATHVIK,D NAGENDRA KUMAR,407,77,6.38,74,60,59,45,62,71,55,55,3.0,3.0,3.0,3.0,3.5,1.5,1.5,79,89,92,76,51,74,74,20IT401/MA 03 PROBABILITY AND STATISTICS,20IT402 WEB TECHNOLOGIES,20IT403 DATABASE MANAGEMENT SYSTEMS,20IT404 DESIGN AND ANALYSIS OF ALGORITHMS,20ITL401/SO02 PYTHON PROGRAMMING,20ITL402 WEB TECHNOLOGIES LAB,20ITL403 RDBMS LAB
y20ait427,DHARMAVARAPU LOKESH KUMAR,D.SRINIVASA RAO,15,131,0.0,129,0,0,0,0,0,0,15,3.0,3.0,3.0,3.0,1.5,1.5,3.5,120,125,123,124,129,131,125,20IT401/MA 03 PROBABILITY AND STATISTICS,20IT402 WEB TECHNOLOGIES,20IT403 DATABASE MANAGEMENT SYSTEMS,20IT404 DESIGN AND ANALYSIS OF ALGORITHMS,20ITL401/SO02 PYTHON PROGRAMMING,20ITL402 WEB TECHNOLOGIES LAB,20ITL403 RDBMS LAB
y20ait428,DOPPALAPUDI N.L SRUJANA,D.SRINIVASA RAO,318,104,4.65,102,51,44,40,51,44,48,40,3.0,3.0,3.0,3.0,3.5,1.5,1.5,93,110,108,105,97,93,117,20IT401/MA 03 PROBABILITY AND STATISTICS,20IT402 WEB TECHNOLOGIES,20IT403 DATABASE MANAGEMENT SYSTEMS,20IT404 DESIGN AND ANALYSIS OF ALGORITHMS,20ITL401/SO02 PYTHON PROGRAMMING,20ITL402 WEB TECHNOLOGIES LAB,20ITL403 RDBMS LAB
y20ait429,DUDDU CHARLES,DUDDU BENJIMEN,214,116,2.7,115,47,45,0,0,42,40,40,3.0,3.0,3.0,3.0,3.5,1.5,1.5,100,109,116,131,109,118,113,20IT401/MA 03 PROBABILITY AND STATISTICS,20IT402 WEB TECHNOLOGIES,20IT403 DATABASE MANAGEMENT SYSTEMS,20IT404 DESIGN AND ANALYSIS OF ALGORITHMS,20ITL401/SO02 PYTHON PROGRAMMING,20ITL402 WEB TECHNOLOGIES LAB,20ITL403 RDBMS LAB
y20ait430,DUMPALA JATHIN,DUMPALA SANJAY KUMAR,369,91,5.3,95,55,54,44,55,41,44,76,3.0,3.0,3.0,3.0,3.5,1.5,1.5,86,93,94,100,112,104,44,20IT401/MA 03 PROBABILITY AND STATISTICS,20IT402 WEB TECHNOLOGIES,20IT403 DATABASE MANAGEMENT SYSTEMS,20IT404 DESIGN AND ANALYSIS OF ALGORITHMS,20ITL401/SO02 PYTHON PROGRAMMING,20ITL402 WEB TECHNOLOGIES LAB,20ITL403 RDBMS LAB
y20ait431,GORANTLA SRI HARSHA VARDHAN,G GURUNADHAM,333,100,4.97,100,55,53,45,57,41,42,40,3.0,3.0,3.0,3.0,3.5,1.5,1.5,84,95,89,96,113,110,123,20IT401/MA 03 PROBABILITY AND STATISTICS,20IT402 WEB TECHNOLOGIES,20IT403 DATABASE MANAGEMENT SYSTEMS,20IT404 DESIGN AND ANALYSIS OF ALGORITHMS,20ITL401/SO02 PYTHON PROGRAMMING,20ITL402 WEB TECHNOLOGIES LAB,20ITL403 RDBMS LAB
y20ait432,GADDE THARANMAI,GADDE SATYANARAYANA,565,18,8.62,18,76,76,76,81,97,75,84,3.0,3.0,3.0,3.0,3.5,1.5,1.5,46,39,8,15,5,37,26,20IT401/MA 03 PROBABILITY AND STATISTICS,20IT402 WEB TECHNOLOGIES,20IT403 DATABASE MANAGEMENT SYSTEMS,20IT404 DESIGN AND ANALYSIS OF ALGORITHMS,20ITL401/SO02 PYTHON PROGRAMMING,20ITL402 WEB TECHNOLOGIES LAB,20ITL403 RDBMS LAB
y20ait433,GAVINI DINESH KUMAR,GAVINI THIRUPATHAIAH,310,107,4.32,105,50,47,45,43,45,40,40,3.0,3.0,3.0,3.0,3.5,1.5,1.5,97,105,90,113,93,121,116,20IT401/MA 03 PROBABILITY AND STATISTICS,20IT402 WEB TECHNOLOGIES,20IT403 DATABASE MANAGEMENT SYSTEMS,20IT404 DESIGN AND ANALYSIS OF ALGORITHMS,20ITL401/SO02 PYTHON PROGRAMMING,20ITL402 WEB TECHNOLOGIES LAB,20ITL403 RDBMS LAB
y20ait434,GOLLAPUDI VASISTA MAHARSHI,VENKATASATYA PRABHAKAR RAO,377,88,5.46,91,65,62,49,58,43,57,43,3.0,3.0,3.0,3.0,3.5,1.5,1.5,69,79,82,90,106,69,104,20IT401/MA 03 PROBABILITY AND STATISTICS,20IT402 WEB TECHNOLOGIES,20IT403 DATABASE MANAGEMENT SYSTEMS,20IT404 DESIGN AND ANALYSIS OF ALGORITHMS,20ITL401/SO02 PYTHON PROGRAMMING,20ITL402 WEB TECHNOLOGIES LAB,20ITL403 RDBMS LAB
y20ait435,GUDDETI SAI PAVAN,GUDDETI SATYA NARAYANA,355,95,5.3,92,50,63,43,60,44,48,47,3.0,3.0,3.0,3.0,3.5,1.5,1.5,98,77,105,83,98,94,94,20IT401/MA 03 PROBABILITY AND STATISTICS,20IT402 WEB TECHNOLOGIES,20IT403 DATABASE MANAGEMENT SYSTEMS,20IT404 DESIGN AND ANALYSIS OF ALGORITHMS,20ITL401/SO02 PYTHON PROGRAMMING,20ITL402 WEB TECHNOLOGIES LAB,20ITL403 RDBMS LAB
y20ait437,GURRAM JAHNAVI,GURRAM PHANINDRA KUMAR,133,122,1.89,120,43,0,0,0,40,50,0,3.0,3.0,3.0,3.0,3.5,1.5,1.5,108,131,117,130,116,88,127,20IT401/MA 03 PROBABILITY AND STATISTICS,20IT402 WEB TECHNOLOGIES,20IT403 DATABASE MANAGEMENT SYSTEMS,20IT404 DESIGN AND ANALYSIS OF ALGORITHMS,20ITL401/SO02 PYTHON PROGRAMMING,20ITL402 WEB TECHNOLOGIES LAB,20ITL403 RDBMS LAB
y20ait438,GURRAM SANGHAVI,GURRAM SAMBA SIVA RAO,538,30,8.08,35,76,85,66,79,70,76,86,3.0,3.0,3.0,3.0,3.5,1.5,1.5,44,10,31,25,53,35,19,20IT401/MA 03 PROBABILITY AND STATISTICS,20IT402 WEB TECHNOLOGIES,20IT403 DATABASE MANAGEMENT SYSTEMS,20IT404 DESIGN AND ANALYSIS OF ALGORITHMS,20ITL401/SO02 PYTHON PROGRAMMING,20ITL402 WEB TECHNOLOGIES LAB,20ITL403 RDBMS LAB
y20ait440,IMMADISETTY VASANTHA LAKSHMI,IMMADISETTY VENKATA SUBBA RAO,375,89,5.46,89,67,46,51,78,46,47,40,3.0,3.0,3.0,3.0,3.5,1.5,1.5,67,108,75,27,92,98,120,20IT401/MA 03 PROBABILITY AND STATISTICS,20IT402 WEB TECHNOLOGIES,20IT403 DATABASE MANAGEMENT SYSTEMS,20IT404 DESIGN AND ANALYSIS OF ALGORITHMS,20ITL401/SO02 PYTHON PROGRAMMING,20ITL402 WEB TECHNOLOGIES LAB,20ITL403 RDBMS LAB
y20ait441,JONNAKUTI BALAJI,JONNAKUTI BUJJI BABU,40,129,0.0,130,25,0,0,0,15,0,0,3.0,3.0,3.0,3.0,3.5,1.5,1.5,115,129,119,129,127,130,126,20IT401/MA 03 PROBABILITY AND STATISTICS,20IT402 WEB TECHNOLOGIES,20IT403 DATABASE MANAGEMENT SYSTEMS,20IT404 DESIGN AND ANALYSIS OF ALGORITHMS,20ITL401/SO02 PYTHON PROGRAMMING,20ITL402 WEB TECHNOLOGIES LAB,20ITL403 RDBMS LAB
y20ait442,JONNALAGADDA SANDHYA,JONNALAGADDA RAVI KUMAR,140,121,1.95,119,0,0,0,0,40,50,50,3.0,3.0,3.0,3.0,3.5,1.5,1.5,126,121,124,125,115,86,81,20IT401/MA 03 PROBABILITY AND STATISTICS,20IT402 WEB TECHNOLOGIES,20IT403 DATABASE MANAGEMENT SYSTEMS,20IT404 DESIGN AND ANALYSIS OF ALGORITHMS,20ITL401/SO02 PYTHON PROGRAMMING,20ITL402 WEB TECHNOLOGIES LAB,20ITL403 RDBMS LAB
y20ait443,JONNALAGADDA VASUNDHARA,SRINIVASA RAO,465,57,7.43,53,65,74,63,73,76,50,64,3.0,3.0,3.0,3.0,3.5,1.5,1.5,73,44,39,52,45,85,60,20IT401/MA 03 PROBABILITY AND STATISTICS,20IT402 WEB TECHNOLOGIES,20IT403 DATABASE MANAGEMENT SYSTEMS,20IT404 DESIGN AND ANALYSIS OF ALGORITHMS,20ITL401/SO02 PYTHON PROGRAMMING,20ITL402 WEB TECHNOLOGIES LAB,20ITL403 RDBMS LAB
y20ait444,KAKARLA MEGHANA,KAKARLA SRI HARI SATYANARAYANA,548,24,8.43,23,95,82,66,76,86,78,65,3.0,3.0,3.0,3.0,3.5,1.5,1.5,3,17,34,36,28,29,59,20IT401/MA 03 PROBABILITY AND STATISTICS,20IT402 WEB TECHNOLOGIES,20IT403 DATABASE MANAGEMENT SYSTEMS,20IT404 DESIGN AND ANALYSIS OF ALGORITHMS,20ITL401/SO02 PYTHON PROGRAMMING,20ITL402 WEB TECHNOLOGIES LAB,20ITL403 RDBMS LAB
y20ait445,KAKI VENKATABHANUPRAKASH,KAKI SRINIVASARAO,407,78,6.32,78,75,68,44,70,50,52,48,3.0,3.0,3.0,3.0,3.5,1.5,1.5,50,64,99,57,88,80,90,20IT401/MA 03 PROBABILITY AND STATISTICS,20IT402 WEB TECHNOLOGIES,20IT403 DATABASE MANAGEMENT SYSTEMS,20IT404 DESIGN AND ANALYSIS OF ALGORITHMS,20ITL401/SO02 PYTHON PROGRAMMING,20ITL402 WEB TECHNOLOGIES LAB,20ITL403 RDBMS LAB
y20ait446,KAMPASATI MOHANA SAI CHANDU,KAMPASATI RAM KRISHNA,405,80,6.24,80,72,67,40,63,59,64,40,3.0,3.0,3.0,3.0,3.5,1.5,1.5,55,67,109,71,71,59,121,20IT401/MA 03 PROBABILITY AND STATISTICS,20IT402 WEB TECHNOLOGIES,20IT403 DATABASE MANAGEMENT SYSTEMS,20IT404 DESIGN AND ANALYSIS OF ALGORITHMS,20ITL401/SO02 PYTHON PROGRAMMING,20ITL402 WEB TECHNOLOGIES LAB,20ITL403 RDBMS LAB
y20ait447,KANAKAPUDI KARTHIK,KANAKAPUDI RAVI,439,63,6.97,59,82,66,58,72,50,58,53,3.0,3.0,3.0,3.0,3.5,1.5,1.5,27,72,57,53,87,66,77,20IT401/MA 03 PROBABILITY AND STATISTICS,20IT402 WEB TECHNOLOGIES,20IT403 DATABASE MANAGEMENT SYSTEMS,20IT404 DESIGN AND ANALYSIS OF ALGORITHMS,20ITL401/SO02 PYTHON PROGRAMMING,20ITL402 WEB TECHNOLOGIES LAB,20ITL403 RDBMS LAB
y20ait448,KANCHETI TRIVENI,KANCHETI KOTESWARARAO,553,22,8.46,21,86,82,63,79,96,79,68,3.0,3.0,3.0,3.0,3.5,1.5,1.5,16,18,40,23,7,27,55,20IT401/MA 03 PROBABILITY AND STATISTICS,20IT402 WEB TECHNOLOGIES,20IT403 DATABASE MANAGEMENT SYSTEMS,20IT404 DESIGN AND ANALYSIS OF ALGORITHMS,20ITL401/SO02 PYTHON PROGRAMMING,20ITL402 WEB TECHNOLOGIES LAB,20ITL403 RDBMS LAB
y20ait449,KANTAMNENI MEGHANA,KANTAMNENI KOTESWA RAO,604,6,9.11,7,95,81,67,82,98,94,87,3.0,3.0,3.0,3.0,3.5,1.5,1.5,1,22,27,12,3,3,18,20IT401/MA 03 PROBABILITY AND STATISTICS,20IT402 WEB TECHNOLOGIES,20IT403 DATABASE MANAGEMENT SYSTEMS,20IT404 DESIGN AND ANALYSIS OF ALGORITHMS,20ITL401/SO02 PYTHON PROGRAMMING,20ITL402 WEB TECHNOLOGIES LAB,20ITL403 RDBMS LAB
y20ait450,KARINI PRADEEP,K MALLIKARJUNA RAO,527,38,8.27,28,81,65,61,82,80,77,81,3.0,3.0,3.0,3.0,3.5,1.5,1.5,28,73,48,11,41,33,35,20IT401/MA 03 PROBABILITY AND STATISTICS,20IT402 WEB TECHNOLOGIES,20IT403 DATABASE MANAGEMENT SYSTEMS,20IT404 DESIGN AND ANALYSIS OF ALGORITHMS,20ITL401/SO02 PYTHON PROGRAMMING,20ITL402 WEB TECHNOLOGIES LAB,20ITL403 RDBMS LAB
y20ait451,KARRA SHANMUKH,KARRA RAM BABU,390,83,5.76,85,49,51,43,60,55,72,60,3.0,3.0,3.0,3.0,3.5,1.5,1.5,99,99,101,85,81,43,66,20IT401/MA 03 PROBABILITY AND STATISTICS,20IT402 WEB TECHNOLOGIES,20IT403 DATABASE MANAGEMENT SYSTEMS,20IT404 DESIGN AND ANALYSIS OF ALGORITHMS,20ITL401/SO02 PYTHON PROGRAMMING,20ITL402 WEB TECHNOLOGIES LAB,20ITL403 RDBMS LAB
y20ait452,KAVALA SATHVIKA,KAVALA YESURATNAM,441,61,6.76,64,63,65,56,56,68,61,72,3.0,3.0,3.0,3.0,3.5,1.5,1.5,75,74,62,97,56,62,49,20IT401/MA 03 PROBABILITY AND STATISTICS,20IT402 WEB TECHNOLOGIES,20IT403 DATABASE MANAGEMENT SYSTEMS,20IT404 DESIGN AND ANALYSIS OF ALGORITHMS,20ITL401/SO02 PYTHON PROGRAMMING,20ITL402 WEB TECHNOLOGIES LAB,20ITL403 RDBMS LAB
y20ait453,KOMMINENI BHARGAVA RAMA CHOWDARY,KOMMINENI RAGHU BABU,527,37,7.89,44,70,70,62,79,66,84,96,3.0,3.0,3.0,3.0,3.5,1.5,1.5,60,56,44,22,64,21,5,20IT401/MA 03 PROBABILITY AND STATISTICS,20IT402 WEB TECHNOLOGIES,20IT403 DATABASE MANAGEMENT SYSTEMS,20IT404 DESIGN AND ANALYSIS OF ALGORITHMS,20ITL401/SO02 PYTHON PROGRAMMING,20ITL402 WEB TECHNOLOGIES LAB,20ITL403 RDBMS LAB
y20ait454,KOMMINENI LIKHITH SAI,KOMMINENI ANIL CHOWDARY,0,132,0.0,132,0,0,0,0,0,0,0,3.0,3.0,3.0,3.0,3.5,1.5,1.5,132,132,132,132,132,132,132,20IT401/MA 03 PROBABILITY AND STATISTICS,20IT402 WEB TECHNOLOGIES,20IT403 DATABASE MANAGEMENT SYSTEMS,20IT404 DESIGN AND ANALYSIS OF ALGORITHMS,20ITL401/SO02 PYTHON PROGRAMMING,20ITL402 WEB TECHNOLOGIES LAB,20ITL403 RDBMS LAB
y20ait455,KOMMURU ASHOK,KOMMURU VENKATESWARARAO,411,74,6.32,77,68,68,54,75,59,43,44,3.0,3.0,3.0,3.0,3.5,1.5,1.5,64,60,69,40,72,109,101,20IT401/MA 03 PROBABILITY AND STATISTICS,20IT402 WEB TECHNOLOGIES,20IT403 DATABASE MANAGEMENT SYSTEMS,20IT404 DESIGN AND ANALYSIS OF ALGORITHMS,20ITL401/SO02 PYTHON PROGRAMMING,20ITL402 WEB TECHNOLOGIES LAB,20ITL403 RDBMS LAB
y20ait456,KONAKALA SAI TEJA,KONAKALA SRINIVASA RAO,95,125,0.65,125,15,0,0,0,40,40,0,3.0,3.0,3.0,3.0,3.5,1.5,1.5,118,127,121,127,118,122,130,20IT401/MA 03 PROBABILITY AND STATISTICS,20IT402 WEB TECHNOLOGIES,20IT403 DATABASE MANAGEMENT SYSTEMS,20IT404 DESIGN AND ANALYSIS OF ALGORITHMS,20ITL401/SO02 PYTHON PROGRAMMING,20ITL402 WEB TECHNOLOGIES LAB,20ITL403 RDBMS LAB
y20ait457,KOPPARAPU AKSHITHA,PRASAD,577,11,8.78,11,95,75,73,74,96,78,86,3.0,3.0,3.0,3.0,3.5,1.5,1.5,4,42,12,48,8,31,21,20IT401/MA 03 PROBABILITY AND STATISTICS,20IT402 WEB TECHNOLOGIES,20IT403 DATABASE MANAGEMENT SYSTEMS,20IT404 DESIGN AND ANALYSIS OF ALGORITHMS,20ITL401/SO02 PYTHON PROGRAMMING,20ITL402 WEB TECHNOLOGIES LAB,20ITL403 RDBMS LAB
y20ait458,KORIVI SUDEEP CHAND,KORIVI VEERAIAH,206,118,2.54,117,22,0,0,52,41,51,40,3.0,3.0,3.0,3.0,3.5,1.5,1.5,116,128,120,104,111,84,114,20IT401/MA 03 PROBABILITY AND STATISTICS,20IT402 WEB TECHNOLOGIES,20IT403 DATABASE MANAGEMENT SYSTEMS,20IT404 DESIGN AND ANALYSIS OF ALGORITHMS,20ITL401/SO02 PYTHON PROGRAMMING,20ITL402 WEB TECHNOLOGIES LAB,20ITL403 RDBMS LAB
y20ait459,KOYA VENKATA SIVA SAI DURGA PRASAD,KOYA RAGHU NADHA RAO,565,17,8.54,19,79,80,70,68,94,89,85,3.0,3.0,3.0,3.0,3.5,1.5,1.5,35,28,21,61,13,12,24,20IT401/MA 03 PROBABILITY AND STATISTICS,20IT402 WEB TECHNOLOGIES,20IT403 DATABASE MANAGEMENT SYSTEMS,20IT404 DESIGN AND ANALYSIS OF ALGORITHMS,20ITL401/SO02 PYTHON PROGRAMMING,20ITL402 WEB TECHNOLOGIES LAB,20ITL403 RDBMS LAB
y20ait460,KUNDETI MOUNIKA,KUNDETI MALLIKARJUNA,535,32,8.27,26,85,79,72,76,85,61,77,3.0,3.0,3.0,3.0,3.5,1.5,1.5,18,31,18,37,33,64,40,20IT401/MA 03 PROBABILITY AND STATISTICS,20IT402 WEB TECHNOLOGIES,20IT403 DATABASE MANAGEMENT SYSTEMS,20IT404 DESIGN AND ANALYSIS OF ALGORITHMS,20ITL401/SO02 PYTHON PROGRAMMING,20ITL402 WEB TECHNOLOGIES LAB,20ITL403 RDBMS LAB
y20ait461,KUPPALA RAM SAI SRINIVAS,KUPPALA VENKATA SAMBA SIVA RAO,248,112,3.03,113,0,46,44,0,40,70,48,3.0,3.0,3.0,3.0,1.5,1.5,3.5,130,107,95,120,117,47,88,20IT401/MA 03 PROBABILITY AND STATISTICS,20IT402 WEB TECHNOLOGIES,20IT403 DATABASE MANAGEMENT SYSTEMS,20IT404 DESIGN AND ANALYSIS OF ALGORITHMS,20ITL401/SO02 PYTHON PROGRAMMING,20ITL402 WEB TECHNOLOGIES LAB,20ITL403 RDBMS LAB
y20ait462,LEEMOJI REDDY APPALA,SRINIVASULA REDDY APPALA,559,19,8.35,24,87,69,60,74,86,90,93,3.0,3.0,3.0,3.0,3.5,1.5,1.5,13,58,51,46,27,10,10,20IT401/MA 03 PROBABILITY AND STATISTICS,20IT402 WEB TECHNOLOGIES,20IT403 DATABASE MANAGEMENT SYSTEMS,20IT404 DESIGN AND ANALYSIS OF ALGORITHMS,20ITL401/SO02 PYTHON PROGRAMMING,20ITL402 WEB TECHNOLOGIES LAB,20ITL403 RDBMS LAB
y20ait463,LELLA TANUJA,LELLA VITAL BABU,430,65,6.57,66,79,69,53,65,55,48,61,3.0,3.0,3.0,3.0,3.5,1.5,1.5,36,59,70,64,80,95,64,20IT401/MA 03 PROBABILITY AND STATISTICS,20IT402 WEB TECHNOLOGIES,20IT403 DATABASE MANAGEMENT SYSTEMS,20IT404 DESIGN AND ANALYSIS OF ALGORITHMS,20ITL401/SO02 PYTHON PROGRAMMING,20ITL402 WEB TECHNOLOGIES LAB,20ITL403 RDBMS LAB
y20ait464,LOKIREDDY PAVITHRA,LOKIREDDY SRINIVASA REDDY,538,31,8.19,30,95,68,61,77,85,75,77,3.0,3.0,3.0,3.0,3.5,1.5,1.5,2,63,47,33,32,38,41,20IT401/MA 03 PROBABILITY AND STATISTICS,20IT402 WEB TECHNOLOGIES,20IT403 DATABASE MANAGEMENT SYSTEMS,20IT404 DESIGN AND ANALYSIS OF ALGORITHMS,20ITL401/SO02 PYTHON PROGRAMMING,20ITL402 WEB TECHNOLOGIES LAB,20ITL403 RDBMS LAB
y20ait465,MANDAPALLI SAMBA SIVA RAO,MANDAPALLI BUJJI BABU,408,76,6.19,81,80,62,42,65,42,65,52,3.0,3.0,3.0,3.0,3.5,1.5,1.5,33,81,106,63,107,56,79,20IT401/MA 03 PROBABILITY AND STATISTICS,20IT402 WEB TECHNOLOGIES,20IT403 DATABASE MANAGEMENT SYSTEMS,20IT404 DESIGN AND ANALYSIS OF ALGORITHMS,20ITL401/SO02 PYTHON PROGRAMMING,20ITL402 WEB TECHNOLOGIES LAB,20ITL403 RDBMS LAB
y20ait466,MANDE SNEHA,MANDE VEERAIAH,416,71,6.49,70,83,62,50,58,58,49,56,3.0,3.0,3.0,3.0,3.5,1.5,1.5,22,78,79,92,75,90,73,20IT401/MA 03 PROBABILITY AND STATISTICS,20IT402 WEB TECHNOLOGIES,20IT403 DATABASE MANAGEMENT SYSTEMS,20IT404 DESIGN AND ANALYSIS OF ALGORITHMS,20ITL401/SO02 PYTHON PROGRAMMING,20ITL402 WEB TECHNOLOGIES LAB,20ITL403 RDBMS LAB
y20ait467,MARELLA PUJITHA,MARELLA SRINIVASA RAO,572,14,8.65,17,90,82,64,78,77,90,91,3.0,3.0,3.0,3.0,3.5,1.5,1.5,9,19,38,29,43,9,13,20IT401/MA 03 PROBABILITY AND STATISTICS,20IT402 WEB TECHNOLOGIES,20IT403 DATABASE MANAGEMENT SYSTEMS,20IT404 DESIGN AND ANALYSIS OF ALGORITHMS,20ITL401/SO02 PYTHON PROGRAMMING,20ITL402 WEB TECHNOLOGIES LAB,20ITL403 RDBMS LAB
y20ait468,MERIGALA MANOJ KUMAR,MERIGALA CHINNA RAO,381,85,5.7,86,54,42,48,65,60,41,71,3.0,3.0,3.0,3.0,3.5,1.5,1.5,89,111,86,67,70,116,50,20IT401/MA 03 PROBABILITY AND STATISTICS,20IT402 WEB TECHNOLOGIES,20IT403 DATABASE MANAGEMENT SYSTEMS,20IT404 DESIGN AND ANALYSIS OF ALGORITHMS,20ITL401/SO02 PYTHON PROGRAMMING,20ITL402 WEB TECHNOLOGIES LAB,20ITL403 RDBMS LAB
y20ait469,MIKKILI SUNNY,MIKKILI KOTESRWARARAO,86,127,0.32,127,0,0,0,18,23,0,45,3.0,3.0,3.0,3.0,3.5,1.5,1.5,121,123,125,116,124,128,96,20IT401/MA 03 PROBABILITY AND STATISTICS,20IT402 WEB TECHNOLOGIES,20IT403 DATABASE MANAGEMENT SYSTEMS,20IT404 DESIGN AND ANALYSIS OF ALGORITHMS,20ITL401/SO02 PYTHON PROGRAMMING,20ITL402 WEB TECHNOLOGIES LAB,20ITL403 RDBMS LAB
y20ait470,MULE VENKATA SIREESHA,MULE SRINIVASULU REDDY,574,13,8.89,9,91,81,72,80,72,87,91,3.0,3.0,3.0,3.0,3.5,1.5,1.5,7,23,16,19,50,18,11,20IT401/MA 03 PROBABILITY AND STATISTICS,20IT402 WEB TECHNOLOGIES,20IT403 DATABASE MANAGEMENT SYSTEMS,20IT404 DESIGN AND ANALYSIS OF ALGORITHMS,20ITL401/SO02 PYTHON PROGRAMMING,20ITL402 WEB TECHNOLOGIES LAB,20ITL403 RDBMS LAB
y20ait471,MUPPALLA SHAHIL KHAN,MUPPALA MAHABOOB KHAN,338,99,5.27,96,0,49,71,57,41,40,80,3.0,3.0,3.0,3.0,3.5,1.5,1.5,131,102,19,95,114,124,37,20IT401/MA 03 PROBABILITY AND STATISTICS,20IT402 WEB TECHNOLOGIES,20IT403 DATABASE MANAGEMENT SYSTEMS,20IT404 DESIGN AND ANALYSIS OF ALGORITHMS,20ITL401/SO02 PYTHON PROGRAMMING,20ITL402 WEB TECHNOLOGIES LAB,20ITL403 RDBMS LAB
y20ait472,MURUKURTHI LAXMI NARENDRA,MURUKURTHI ESWARA RAO,319,103,4.7,101,42,40,44,50,56,45,42,3.0,3.0,3.0,3.0,3.5,1.5,1.5,109,112,97,107,78,102,109,20IT401/MA 03 PROBABILITY AND STATISTICS,20IT402 WEB TECHNOLOGIES,20IT403 DATABASE MANAGEMENT SYSTEMS,20IT404 DESIGN AND ANALYSIS OF ALGORITHMS,20ITL401/SO02 PYTHON PROGRAMMING,20ITL402 WEB TECHNOLOGIES LAB,20ITL403 RDBMS LAB
y20ait474,NANNAPANENI PRANATHI,NANNAPANENI SRINIVASA RAO,362,93,5.3,94,44,49,41,61,60,45,62,3.0,3.0,3.0,3.0,3.5,1.5,1.5,107,103,107,78,68,100,63,20IT401/MA 03 PROBABILITY AND STATISTICS,20IT402 WEB TECHNOLOGIES,20IT403 DATABASE MANAGEMENT SYSTEMS,20IT404 DESIGN AND ANALYSIS OF ALGORITHMS,20ITL401/SO02 PYTHON PROGRAMMING,20ITL402 WEB TECHNOLOGIES LAB,20ITL403 RDBMS LAB
y20ait475,NARNE AKASH,NARNE HARIBABU,359,94,5.05,99,40,50,46,59,49,51,64,3.0,3.0,3.0,3.0,3.5,1.5,1.5,111,100,88,88,89,82,61,20IT401/MA 03 PROBABILITY AND STATISTICS,20IT402 WEB TECHNOLOGIES,20IT403 DATABASE MANAGEMENT SYSTEMS,20IT404 DESIGN AND ANALYSIS OF ALGORITHMS,20ITL401/SO02 PYTHON PROGRAMMING,20ITL402 WEB TECHNOLOGIES LAB,20ITL403 RDBMS LAB
y20ait477,PADALA VENKATA SAI BALAJI,PADALA VENKATA SRINIVASA RAO,514,44,7.95,40,88,74,63,76,86,45,82,3.0,3.0,3.0,3.0,3.5,1.5,1.5,11,45,42,38,25,101,33,20IT401/MA 03 PROBABILITY AND STATISTICS,20IT402 WEB TECHNOLOGIES,20IT403 DATABASE MANAGEMENT SYSTEMS,20IT404 DESIGN AND ANALYSIS OF ALGORITHMS,20ITL401/SO02 PYTHON PROGRAMMING,20ITL402 WEB TECHNOLOGIES LAB,20ITL403 RDBMS LAB
y20ait478,PALERU THRIVENI,PALERU SRINIVASARAO,63,128,0.0,131,0,15,0,18,15,15,0,3.0,3.0,3.0,3.0,3.5,1.5,1.5,122,118,129,118,125,125,129,20IT401/MA 03 PROBABILITY AND STATISTICS,20IT402 WEB TECHNOLOGIES,20IT403 DATABASE MANAGEMENT SYSTEMS,20IT404 DESIGN AND ANALYSIS OF ALGORITHMS,20ITL401/SO02 PYTHON PROGRAMMING,20ITL402 WEB TECHNOLOGIES LAB,20ITL403 RDBMS LAB
y20ait480,PANDI PRAVEEN,PANDI RAVI,543,27,8.35,25,81,72,75,76,87,68,84,3.0,3.0,3.0,3.0,3.5,1.5,1.5,29,53,10,35,24,50,25,20IT401/MA 03 PROBABILITY AND STATISTICS,20IT402 WEB TECHNOLOGIES,20IT403 DATABASE MANAGEMENT SYSTEMS,20IT404 DESIGN AND ANALYSIS OF ALGORITHMS,20ITL401/SO02 PYTHON PROGRAMMING,20ITL402 WEB TECHNOLOGIES LAB,20ITL403 RDBMS LAB
y20ait481,PARUCHURI SUPRAJA,PARUCHURI SRINU,532,34,8.03,36,78,79,62,79,80,78,76,3.0,3.0,3.0,3.0,3.5,1.5,1.5,39,32,45,24,40,30,42,20IT401/MA 03 PROBABILITY AND STATISTICS,20IT402 WEB TECHNOLOGIES,20IT403 DATABASE MANAGEMENT SYSTEMS,20IT404 DESIGN AND ANALYSIS OF ALGORITHMS,20ITL401/SO02 PYTHON PROGRAMMING,20ITL402 WEB TECHNOLOGIES LAB,20ITL403 RDBMS LAB
y20ait482,PASAM SURYA VAMSI,PASAM SRINIVASA RAO,545,26,8.19,31,85,78,68,75,84,88,67,3.0,3.0,3.0,3.0,3.5,1.5,1.5,20,34,25,42,35,15,56,20IT401/MA 03 PROBABILITY AND STATISTICS,20IT402 WEB TECHNOLOGIES,20IT403 DATABASE MANAGEMENT SYSTEMS,20IT404 DESIGN AND ANALYSIS OF ALGORITHMS,20ITL401/SO02 PYTHON PROGRAMMING,20ITL402 WEB TECHNOLOGIES LAB,20ITL403 RDBMS LAB
y20ait483,PATAPANTHULA NAVEEN,PATAPANTHULA PEDDA SAMBA SIVA RAO,393,81,6.32,79,55,60,52,65,40,71,50,3.0,3.0,3.0,3.0,1.5,1.5,3.5,85,86,72,65,119,44,80,20IT401/MA 03 PROBABILITY AND STATISTICS,20IT402 WEB TECHNOLOGIES,20IT403 DATABASE MANAGEMENT SYSTEMS,20IT404 DESIGN AND ANALYSIS OF ALGORITHMS,20ITL401/SO02 PYTHON PROGRAMMING,20ITL402 WEB TECHNOLOGIES LAB,20ITL403 RDBMS LAB
y20ait484,PEETHA BALAJI,PEETHA ANJANEYULU,484,54,7.38,54,77,83,56,77,58,62,71,3.0,3.0,3.0,3.0,3.5,1.5,1.5,41,16,61,34,74,60,51,20IT401/MA 03 PROBABILITY AND STATISTICS,20IT402 WEB TECHNOLOGIES,20IT403 DATABASE MANAGEMENT SYSTEMS,20IT404 DESIGN AND ANALYSIS OF ALGORITHMS,20ITL401/SO02 PYTHON PROGRAMMING,20ITL402 WEB TECHNOLOGIES LAB,20ITL403 RDBMS LAB
y20ait485,PERIKALA SRAVANTHI,PERIKALA gandhi,341,98,5.19,98,47,52,43,60,53,42,44,3.0,3.0,3.0,3.0,3.5,1.5,1.5,101,97,102,84,85,112,100,20IT401/MA 03 PROBABILITY AND STATISTICS,20IT402 WEB TECHNOLOGIES,20IT403 DATABASE MANAGEMENT SYSTEMS,20IT404 DESIGN AND ANALYSIS OF ALGORITHMS,20ITL401/SO02 PYTHON PROGRAMMING,20ITL402 WEB TECHNOLOGIES LAB,20ITL403 RDBMS LAB
y20ait486,PERUMALLA AKHIL,PERUMALLA KIRAN KUMAR,243,113,3.51,111,0,50,0,50,53,47,43,3.0,3.0,3.0,3.0,3.5,1.5,1.5,129,101,131,108,82,97,102,20IT401/MA 03 PROBABILITY AND STATISTICS,20IT402 WEB TECHNOLOGIES,20IT403 DATABASE MANAGEMENT SYSTEMS,20IT404 DESIGN AND ANALYSIS OF ALGORITHMS,20ITL401/SO02 PYTHON PROGRAMMING,20ITL402 WEB TECHNOLOGIES LAB,20ITL403 RDBMS LAB
y20ait487,PINJALA SASIDHAR,PINJALA LAKSHMI NARAYANA,533,33,7.97,39,62,76,57,62,94,88,94,3.0,3.0,3.0,3.0,3.5,1.5,1.5,76,37,60,72,14,14,8,20IT401/MA 03 PROBABILITY AND STATISTICS,20IT402 WEB TECHNOLOGIES,20IT403 DATABASE MANAGEMENT SYSTEMS,20IT404 DESIGN AND ANALYSIS OF ALGORITHMS,20ITL401/SO02 PYTHON PROGRAMMING,20ITL402 WEB TECHNOLOGIES LAB,20ITL403 RDBMS LAB
y20ait488,POLABATHINA SOUMYA,LAZARU,31,130,0.0,128,0,0,0,0,0,15,16,3.0,3.0,3.0,3.0,1.5,1.5,3.5,123,119,128,121,130,126,124,20IT401/MA 03 PROBABILITY AND STATISTICS,20IT402 WEB TECHNOLOGIES,20IT403 DATABASE MANAGEMENT SYSTEMS,20IT404 DESIGN AND ANALYSIS OF ALGORITHMS,20ITL401/SO02 PYTHON PROGRAMMING,20ITL402 WEB TECHNOLOGIES LAB,20ITL403 RDBMS LAB
y20ait489,POLEBOINA BHAVANI KUMAR,POLEBOINA RAMAIAH,541,29,8.27,27,75,82,68,73,86,75,82,3.0,3.0,3.0,3.0,3.5,1.5,1.5,48,20,24,50,29,39,29,20IT401/MA 03 PROBABILITY AND STATISTICS,20IT402 WEB TECHNOLOGIES,20IT403 DATABASE MANAGEMENT SYSTEMS,20IT404 DESIGN AND ANALYSIS OF ALGORITHMS,20ITL401/SO02 PYTHON PROGRAMMING,20ITL402 WEB TECHNOLOGIES LAB,20ITL403 RDBMS LAB
y20ait490,POTTURI SRIRAM,POTTURI NAGISETTY,489,52,7.51,50,76,71,58,65,71,70,78,3.0,3.0,3.0,3.0,3.5,1.5,1.5,42,55,58,68,52,46,39,20IT401/MA 03 PROBABILITY AND STATISTICS,20IT402 WEB TECHNOLOGIES,20IT403 DATABASE MANAGEMENT SYSTEMS,20IT404 DESIGN AND ANALYSIS OF ALGORITHMS,20ITL401/SO02 PYTHON PROGRAMMING,20ITL402 WEB TECHNOLOGIES LAB,20ITL403 RDBMS LAB
y20ait491,PUPPALA LEELA SUBHASH,PUPPALA PRASANNA KUMAR,87,126,0.57,126,0,0,0,27,0,60,0,3.0,3.0,3.0,3.0,3.5,1.5,1.5,119,126,122,114,131,65,131,20IT401/MA 03 PROBABILITY AND STATISTICS,20IT402 WEB TECHNOLOGIES,20IT403 DATABASE MANAGEMENT SYSTEMS,20IT404 DESIGN AND ANALYSIS OF ALGORITHMS,20ITL401/SO02 PYTHON PROGRAMMING,20ITL402 WEB TECHNOLOGIES LAB,20ITL403 RDBMS LAB
y20ait492,PURIMITLA BHASKAR,PURIMITLA VEERANARAYANA,577,10,8.76,15,82,88,72,77,82,93,83,3.0,3.0,3.0,3.0,3.5,1.5,1.5,26,3,17,30,38,5,27,20IT401/MA 03 PROBABILITY AND STATISTICS,20IT402 WEB TECHNOLOGIES,20IT403 DATABASE MANAGEMENT SYSTEMS,20IT404 DESIGN AND ANALYSIS OF ALGORITHMS,20ITL401/SO02 PYTHON PROGRAMMING,20ITL402 WEB TECHNOLOGIES LAB,20ITL403 RDBMS LAB
y20ait493,RAMANADHAM VENKATESH,RAMANADHAM VEERAANJANEYULU,503,48,7.22,57,67,85,49,59,85,89,69,3.0,3.0,3.0,3.0,3.5,1.5,1.5,66,9,83,87,30,13,53,20IT401/MA 03 PROBABILITY AND STATISTICS,20IT402 WEB TECHNOLOGIES,20IT403 DATABASE MANAGEMENT SYSTEMS,20IT404 DESIGN AND ANALYSIS OF ALGORITHMS,20ITL401/SO02 PYTHON PROGRAMMING,20ITL402 WEB TECHNOLOGIES LAB,20ITL403 RDBMS LAB
y20ait494,RAVURI MAHESH BABU,RAVURI HARI BABU,211,117,2.86,114,60,40,16,15,0,40,40,3.0,3.0,3.0,3.0,3.5,1.5,1.5,78,114,114,119,128,117,118,20IT401/MA 03 PROBABILITY AND STATISTICS,20IT402 WEB TECHNOLOGIES,20IT403 DATABASE MANAGEMENT SYSTEMS,20IT404 DESIGN AND ANALYSIS OF ALGORITHMS,20ITL401/SO02 PYTHON PROGRAMMING,20ITL402 WEB TECHNOLOGIES LAB,20ITL403 RDBMS LAB
y20ait495,RAYANI JYOTHI,RAYANI YEDUKONDALU,419,70,6.49,69,58,61,52,62,58,66,62,3.0,3.0,3.0,3.0,3.5,1.5,1.5,80,83,73,73,73,54,62,20IT401/MA 03 PROBABILITY AND STATISTICS,20IT402 WEB TECHNOLOGIES,20IT403 DATABASE MANAGEMENT SYSTEMS,20IT404 DESIGN AND ANALYSIS OF ALGORITHMS,20ITL401/SO02 PYTHON PROGRAMMING,20ITL402 WEB TECHNOLOGIES LAB,20ITL403 RDBMS LAB
y20ait496,SALAGALA TERESA,SALAGALA SHALAM RAJU,330,101,4.65,103,44,56,43,55,47,41,44,3.0,3.0,3.0,3.0,3.5,1.5,1.5,105,91,103,99,91,115,98,20IT401/MA 03 PROBABILITY AND STATISTICS,20IT402 WEB TECHNOLOGIES,20IT403 DATABASE MANAGEMENT SYSTEMS,20IT404 DESIGN AND ANALYSIS OF ALGORITHMS,20ITL401/SO02 PYTHON PROGRAMMING,20ITL402 WEB TECHNOLOGIES LAB,20ITL403 RDBMS LAB
y20ait497,SANNAMURI SRI NAGA POOJITHA,SANNAMURI SIVA PRASAD,547,25,8.11,34,83,79,58,75,88,77,87,3.0,3.0,3.0,3.0,3.5,1.5,1.5,23,29,59,43,20,34,17,20IT401/MA 03 PROBABILITY AND STATISTICS,20IT402 WEB TECHNOLOGIES,20IT403 DATABASE MANAGEMENT SYSTEMS,20IT404 DESIGN AND ANALYSIS OF ALGORITHMS,20ITL401/SO02 PYTHON PROGRAMMING,20ITL402 WEB TECHNOLOGIES LAB,20ITL403 RDBMS LAB
y20ait498,SANNAPUREDDY BALA KRISHNA REDDY,SANNAPUREDDY thimma reddy,620,3,9.35,2,83,88,81,88,91,92,97,3.0,3.0,3.0,3.0,3.5,1.5,1.5,21,4,1,4,17,6,3,20IT401/MA 03 PROBABILITY AND STATISTICS,20IT402 WEB TECHNOLOGIES,20IT403 DATABASE MANAGEMENT SYSTEMS,20IT404 DESIGN AND ANALYSIS OF ALGORITHMS,20ITL401/SO02 PYTHON PROGRAMMING,20ITL402 WEB TECHNOLOGIES LAB,20ITL403 RDBMS LAB
y20ait499,SEELAM YASWANTH REDDY,VENKAT REDDY,630,1,9.51,1,86,90,78,91,98,96,91,3.0,3.0,3.0,3.0,3.5,1.5,1.5,15,2,6,3,2,1,12,20IT401/MA 03 PROBABILITY AND STATISTICS,20IT402 WEB TECHNOLOGIES,20IT403 DATABASE MANAGEMENT SYSTEMS,20IT404 DESIGN AND ANALYSIS OF ALGORITHMS,20ITL401/SO02 PYTHON PROGRAMMING,20ITL402 WEB TECHNOLOGIES LAB,20ITL403 RDBMS LAB
y20ait500,SHAIK ALTAF,SHAIK MAHABOOB SUBANI,518,42,7.78,46,66,78,66,65,84,79,80,3.0,3.0,3.0,3.0,3.5,1.5,1.5,68,33,32,66,34,28,36,20IT401/MA 03 PROBABILITY AND STATISTICS,20IT402 WEB TECHNOLOGIES,20IT403 DATABASE MANAGEMENT SYSTEMS,20IT404 DESIGN AND ANALYSIS OF ALGORITHMS,20ITL401/SO02 PYTHON PROGRAMMING,20ITL402 WEB TECHNOLOGIES LAB,20ITL403 RDBMS LAB
y20ait501,SHAIK AMAN SIDDIQUE,SHAIK MOULALI,164,119,1.73,121,21,18,28,54,43,0,0,3.0,3.0,3.0,3.0,3.5,1.5,1.5,117,116,113,102,104,127,128,20IT401/MA 03 PROBABILITY AND STATISTICS,20IT402 WEB TECHNOLOGIES,20IT403 DATABASE MANAGEMENT SYSTEMS,20IT404 DESIGN AND ANALYSIS OF ALGORITHMS,20ITL401/SO02 PYTHON PROGRAMMING,20ITL402 WEB TECHNOLOGIES LAB,20ITL403 RDBMS LAB
y20ait502,SHAIK AMOON TABASSUM,SHAIK KHADAR MASTAN,448,58,6.76,63,57,72,44,73,67,53,82,3.0,3.0,3.0,3.0,3.5,1.5,1.5,82,51,100,51,61,79,32,20IT401/MA 03 PROBABILITY AND STATISTICS,20IT402 WEB TECHNOLOGIES,20IT403 DATABASE MANAGEMENT SYSTEMS,20IT404 DESIGN AND ANALYSIS OF ALGORITHMS,20ITL401/SO02 PYTHON PROGRAMMING,20ITL402 WEB TECHNOLOGIES LAB,20ITL403 RDBMS LAB
y20ait503,SHAIK CHANDINI,SHAIK MOULA SAHEB,310,106,3.35,112,47,48,37,44,44,43,47,3.0,3.0,3.0,3.0,3.5,1.5,1.5,102,104,111,111,100,107,93,20IT401/MA 03 PROBABILITY AND STATISTICS,20IT402 WEB TECHNOLOGIES,20IT403 DATABASE MANAGEMENT SYSTEMS,20IT404 DESIGN AND ANALYSIS OF ALGORITHMS,20ITL401/SO02 PYTHON PROGRAMMING,20ITL402 WEB TECHNOLOGIES LAB,20ITL403 RDBMS LAB
y20ait504,SHAIK MOHAMMAD SAIFULLA,SHAIK ABDUL HAMEED,326,102,4.65,104,55,47,43,54,40,40,47,3.0,3.0,3.0,3.0,3.5,1.5,1.5,87,106,104,101,121,119,92,20IT401/MA 03 PROBABILITY AND STATISTICS,20IT402 WEB TECHNOLOGIES,20IT403 DATABASE MANAGEMENT SYSTEMS,20IT404 DESIGN AND ANALYSIS OF ALGORITHMS,20ITL401/SO02 PYTHON PROGRAMMING,20ITL402 WEB TECHNOLOGIES LAB,20ITL403 RDBMS LAB
y20ait505,SIDDABATHUNI BHARGAV,SIDDABATHUNI VENKATA RAJA SEKHAR,214,115,2.3,118,0,17,0,43,40,65,49,3.0,3.0,3.0,3.0,1.5,1.5,3.5,128,117,130,112,120,55,83,20IT401/MA 03 PROBABILITY AND STATISTICS,20IT402 WEB TECHNOLOGIES,20IT403 DATABASE MANAGEMENT SYSTEMS,20IT404 DESIGN AND ANALYSIS OF ALGORITHMS,20ITL401/SO02 PYTHON PROGRAMMING,20ITL402 WEB TECHNOLOGIES LAB,20ITL403 RDBMS LAB
y20ait506,SIDDAPAREDDY ANUPAMA,SIDDAPAREDDY VENKATA SUBBARAMI REDDY,506,47,7.92,43,72,76,66,82,76,74,60,3.0,3.0,3.0,3.0,3.5,1.5,1.5,57,38,33,14,46,40,67,20IT401/MA 03 PROBABILITY AND STATISTICS,20IT402 WEB TECHNOLOGIES,20IT403 DATABASE MANAGEMENT SYSTEMS,20IT404 DESIGN AND ANALYSIS OF ALGORITHMS,20ITL401/SO02 PYTHON PROGRAMMING,20ITL402 WEB TECHNOLOGIES LAB,20ITL403 RDBMS LAB
y20ait507,SRIHARI MADDINENI,RAVI MADDINENI,627,2,9.35,3,83,85,72,97,98,95,97,3.0,3.0,3.0,3.0,3.5,1.5,1.5,24,11,15,1,1,2,2,20IT401/MA 03 PROBABILITY AND STATISTICS,20IT402 WEB TECHNOLOGIES,20IT403 DATABASE MANAGEMENT SYSTEMS,20IT404 DESIGN AND ANALYSIS OF ALGORITHMS,20ITL401/SO02 PYTHON PROGRAMMING,20ITL402 WEB TECHNOLOGIES LAB,20ITL403 RDBMS LAB
y20ait508,SUNKARA KIRAN SAI,SUNKARA KRUPANANDHAM,484,53,7.46,52,89,69,54,67,81,67,57,3.0,3.0,3.0,3.0,3.5,1.5,1.5,10,57,67,62,39,52,72,20IT401/MA 03 PROBABILITY AND STATISTICS,20IT402 WEB TECHNOLOGIES,20IT403 DATABASE MANAGEMENT SYSTEMS,20IT404 DESIGN AND ANALYSIS OF ALGORITHMS,20ITL401/SO02 PYTHON PROGRAMMING,20ITL402 WEB TECHNOLOGIES LAB,20ITL403 RDBMS LAB
y20ait509,SUNKARA SAI DIVYA SRI,SUNKARA PURNA CHANDRA RAO,237,114,2.7,116,41,0,44,24,44,44,40,3.0,3.0,3.0,3.0,3.5,1.5,1.5,110,124,96,115,101,105,119,20IT401/MA 03 PROBABILITY AND STATISTICS,20IT402 WEB TECHNOLOGIES,20IT403 DATABASE MANAGEMENT SYSTEMS,20IT404 DESIGN AND ANALYSIS OF ALGORITHMS,20ITL401/SO02 PYTHON PROGRAMMING,20ITL402 WEB TECHNOLOGIES LAB,20ITL403 RDBMS LAB
y20ait510,TEKKEM JAHNAVI,SRINIVASARAO,390,82,5.86,83,65,67,50,58,45,61,44,3.0,3.0,3.0,3.0,3.5,1.5,1.5,71,70,80,91,94,63,99,20IT401/MA 03 PROBABILITY AND STATISTICS,20IT402 WEB TECHNOLOGIES,20IT403 DATABASE MANAGEMENT SYSTEMS,20IT404 DESIGN AND ANALYSIS OF ALGORITHMS,20ITL401/SO02 PYTHON PROGRAMMING,20ITL402 WEB TECHNOLOGIES LAB,20ITL403 RDBMS LAB
y20ait511,T GOPI CHAND,THUMATI CHINA KOTAIAH,386,84,5.95,82,70,68,55,64,40,47,42,3.0,3.0,3.0,3.0,3.5,1.5,1.5,61,66,64,70,122,96,110,20IT401/MA 03 PROBABILITY AND STATISTICS,20IT402 WEB TECHNOLOGIES,20IT403 DATABASE MANAGEMENT SYSTEMS,20IT404 DESIGN AND ANALYSIS OF ALGORITHMS,20ITL401/SO02 PYTHON PROGRAMMING,20ITL402 WEB TECHNOLOGIES LAB,20ITL403 RDBMS LAB
y20ait512,VADITHE BRAMYYA NAYAK,ANANTHA RAMULU NAYAK,352,96,5.46,90,52,59,52,60,44,43,42,3.0,3.0,3.0,3.0,3.5,1.5,1.5,92,88,71,82,99,108,107,20IT401/MA 03 PROBABILITY AND STATISTICS,20IT402 WEB TECHNOLOGIES,20IT403 DATABASE MANAGEMENT SYSTEMS,20IT404 DESIGN AND ANALYSIS OF ALGORITHMS,20ITL401/SO02 PYTHON PROGRAMMING,20ITL402 WEB TECHNOLOGIES LAB,20ITL403 RDBMS LAB
y20ait513,VALLABHUNI SAI SAMPADHA,VALLABHUNI SABHAPATHI,406,79,6.51,67,52,54,51,70,67,53,59,3.0,3.0,3.0,3.0,3.5,1.5,1.5,90,94,74,59,60,78,69,20IT401/MA 03 PROBABILITY AND STATISTICS,20IT402 WEB TECHNOLOGIES,20IT403 DATABASE MANAGEMENT SYSTEMS,20IT404 DESIGN AND ANALYSIS OF ALGORITHMS,20ITL401/SO02 PYTHON PROGRAMMING,20ITL402 WEB TECHNOLOGIES LAB,20ITL403 RDBMS LAB
y20ait514,VANDANAPU LALITHA SAI KUMAR,VANDANAPU SRINIVASA RAO,521,41,7.92,42,75,75,60,78,75,73,85,3.0,3.0,3.0,3.0,3.5,1.5,1.5,47,40,50,28,47,42,22,20IT401/MA 03 PROBABILITY AND STATISTICS,20IT402 WEB TECHNOLOGIES,20IT403 DATABASE MANAGEMENT SYSTEMS,20IT404 DESIGN AND ANALYSIS OF ALGORITHMS,20ITL401/SO02 PYTHON PROGRAMMING,20ITL402 WEB TECHNOLOGIES LAB,20ITL403 RDBMS LAB
y20ait515,VARIKUTI VENKAT SRINIVAS,VARIKUTI SIVA NAGA PRASAD,557,20,8.43,22,83,73,61,79,86,80,95,3.0,3.0,3.0,3.0,3.5,1.5,1.5,25,49,49,21,26,24,7,20IT401/MA 03 PROBABILITY AND STATISTICS,20IT402 WEB TECHNOLOGIES,20IT403 DATABASE MANAGEMENT SYSTEMS,20IT404 DESIGN AND ANALYSIS OF ALGORITHMS,20ITL401/SO02 PYTHON PROGRAMMING,20ITL402 WEB TECHNOLOGIES LAB,20ITL403 RDBMS LAB
y20ait516,VEMURI JASWANTH,V. MADHU SUDHANA RAO,596,8,9.08,8,92,84,67,91,87,94,81,3.0,3.0,3.0,3.0,3.5,1.5,1.5,6,14,29,2,22,4,34,20IT401/MA 03 PROBABILITY AND STATISTICS,20IT402 WEB TECHNOLOGIES,20IT403 DATABASE MANAGEMENT SYSTEMS,20IT404 DESIGN AND ANALYSIS OF ALGORITHMS,20ITL401/SO02 PYTHON PROGRAMMING,20ITL402 WEB TECHNOLOGIES LAB,20ITL403 RDBMS LAB
y20ait517,VIPPADAPU DIVYA SAHITHI,VIPPADAPU VENKATA RAMAIAH,295,110,3.68,110,40,40,36,53,43,42,41,3.0,3.0,3.0,3.0,3.5,1.5,1.5,114,115,112,103,105,113,112,20IT401/MA 03 PROBABILITY AND STATISTICS,20IT402 WEB TECHNOLOGIES,20IT403 DATABASE MANAGEMENT SYSTEMS,20IT404 DESIGN AND ANALYSIS OF ALGORITHMS,20ITL401/SO02 PYTHON PROGRAMMING,20ITL402 WEB TECHNOLOGIES LAB,20ITL403 RDBMS LAB
y20ait518,VIPPADAPU PRAVEEN,VIPPADAPU VENKATA RAMAIAH,141,120,1.41,122,0,0,0,0,23,70,48,3.0,3.0,3.0,3.0,1.5,1.5,3.5,127,120,127,122,123,45,84,20IT401/MA 03 PROBABILITY AND STATISTICS,20IT402 WEB TECHNOLOGIES,20IT403 DATABASE MANAGEMENT SYSTEMS,20IT404 DESIGN AND ANALYSIS OF ALGORITHMS,20ITL401/SO02 PYTHON PROGRAMMING,20ITL402 WEB TECHNOLOGIES LAB,20ITL403 RDBMS LAB
y20ait519,YAKKALA SAI AKHIL,YAKKALA HARI HARA NATH BABU,530,35,8.14,33,62,71,59,80,97,79,82,3.0,3.0,3.0,3.0,3.5,1.5,1.5,77,54,54,20,4,26,30,20IT401/MA 03 PROBABILITY AND STATISTICS,20IT402 WEB TECHNOLOGIES,20IT403 DATABASE MANAGEMENT SYSTEMS,20IT404 DESIGN AND ANALYSIS OF ALGORITHMS,20ITL401/SO02 PYTHON PROGRAMMING,20ITL402 WEB TECHNOLOGIES LAB,20ITL403 RDBMS LAB
y20ait520,YENUGANTI JESHNAVI,YENUGANTI SRINIVASARAO,528,36,8.24,29,80,86,63,82,74,58,85,3.0,3.0,3.0,3.0,3.5,1.5,1.5,31,6,41,13,49,67,23,20IT401/MA 03 PROBABILITY AND STATISTICS,20IT402 WEB TECHNOLOGIES,20IT403 DATABASE MANAGEMENT SYSTEMS,20IT404 DESIGN AND ANALYSIS OF ALGORITHMS,20ITL401/SO02 PYTHON PROGRAMMING,20ITL402 WEB TECHNOLOGIES LAB,20ITL403 RDBMS LAB
